<<<<<<< HEAD
INSERT INTO `courtesy_booking` (`vehicle_reg`, `start_date`, `end_date`, `title`, `booking_by`, `status`) VALUES ('23423423', '2019-07-08', '2019-07-12', 'This is courtesy Booking', '1', 1);
INSERT INTO `language` (`phrase`) VALUES ('manage_courtesy_booking');
UPDATE `language` SET `english` = 'Job Confirmation'
WHERE `phrase` = 'job_confirmation';
UPDATE `language` SET `english` = 'Job Order'
WHERE `phrase` = 'job_order';
UPDATE `language` SET `english` = 'Job Performed'
WHERE `phrase` = 'job_performed';
UPDATE `language` SET `english` = 'Job Status'
WHERE `phrase` = 'job_status';
UPDATE `language` SET `english` = 'Job to Invoice'
WHERE `phrase` = 'job_to_invoice';
UPDATE `language` SET `english` = 'Job Type'
WHERE `phrase` = 'job_type';
UPDATE `language` SET `english` = 'Job Type Name'
WHERE `phrase` = 'job_type_name';
UPDATE `language` SET `english` = 'Job type rate'
WHERE `phrase` = 'job_type_rate';
UPDATE `language` SET `english` = 'Journal Voucher'
WHERE `phrase` = 'journal_voucher';
UPDATE `language` SET `english` = 'Kilogram (Kg)'
WHERE `phrase` = 'kilogram_kg';
UPDATE `language` SET `english` = 'Language'
WHERE `phrase` = 'language';
UPDATE `language` SET `english` = 'Last Day Amount'
WHERE `phrase` = 'last_day_ammount';
UPDATE `language` SET `english` = 'Last Day Closing'
WHERE `phrase` = 'last_day_closing';
UPDATE `language` SET `english` = 'Last Name'
WHERE `phrase` = 'last_name';
UPDATE `language` SET `english` = 'Last Sales'
WHERE `phrase` = 'last_sales';
UPDATE `language` SET `english` = 'Left'
WHERE `phrase` = 'left';
UPDATE `language` SET `english` = 'Loan'
WHERE `phrase` = 'loan';
UPDATE `language` SET `english` = 'Login'
WHERE `phrase` = 'login';
UPDATE `language` SET `english` = 'Login Details'
WHERE `phrase` = 'login_details';
UPDATE `language` SET `english` = 'Logo'
WHERE `phrase` = 'logo';
UPDATE `language` SET `english` = 'Logout'
WHERE `phrase` = 'logout';
UPDATE `language` SET `english` = 'Logo not uploaded !'
WHERE `phrase` = 'logo_not_uploaded';
UPDATE `language` SET `english` = 'LTR'
WHERE `phrase` = 'ltr';
UPDATE `language` SET `english` = 'LTR/RTR'
WHERE `phrase` = 'ltr_or_rtr';
UPDATE `language` SET `english` = 'Make'
WHERE `phrase` = 'make';
UPDATE `language` SET `english` = 'Manage Account'
WHERE `phrase` = 'manage_account';
UPDATE `language` SET `english` = 'Manage Accounts'
WHERE `phrase` = 'manage_accounts';
UPDATE `language` SET `english` = 'Manage Attendance'
WHERE `phrase` = 'manage_attendance';
UPDATE `language` SET `english` = 'Manage Bank'
WHERE `phrase` = 'manage_bank';
UPDATE `language` SET `english` = 'Manage Benefits'
WHERE `phrase` = 'manage_benefits';
UPDATE `language` SET `english` = 'Manage Booking'
WHERE `phrase` = 'manage_booking';
UPDATE `language` SET `english` = 'Manage Category'
WHERE `phrase` = 'manage_category';
UPDATE `language` SET `english` = 'Manage Company'
WHERE `phrase` = 'manage_company';
UPDATE `language` SET `english` = 'Manage Courtesy Booking'
WHERE `phrase` = 'manage_courtesy_booking';
UPDATE `language` SET `english` = 'Manage Customer'
WHERE `phrase` = 'manage_customer';
UPDATE `language` SET `english` = 'Manage customer details.'
WHERE `phrase` = 'manage_customer_details';
UPDATE `language` SET `english` = 'Manage Customer Ledger'
WHERE `phrase` = 'manage_customer_ledger';
UPDATE `language` SET `english` = 'Manage Designation'
WHERE `phrase` = 'manage_designation';
UPDATE `language` SET `english` = 'Manage Employee'
WHERE `phrase` = 'manage_employee';
UPDATE `language` SET `english` = 'Manage Income Tax'
WHERE `phrase` = 'manage_income_tax';
UPDATE `language` SET `english` = 'Manage Invoice'
WHERE `phrase` = 'manage_invoice';
UPDATE `language` SET `english` = 'Manage Job'
WHERE `phrase` = 'manage_job';
UPDATE `language` SET `english` = 'Manage Job Category'
WHERE `phrase` = 'manage_job_category';
UPDATE `language` SET `english` = 'Manage Job Types'
WHERE `phrase` = 'manage_job_type';
UPDATE `language` SET `english` = 'Manage Loan'
WHERE `phrase` = 'manage_loan';
UPDATE `language` SET `english` = 'Manage Payroll'
WHERE `phrase` = 'manage_payroll';
UPDATE `language` SET `english` = 'Manage Person'
WHERE `phrase` = 'manage_person';
UPDATE `language` SET `english` = 'Manage Product'
WHERE `phrase` = 'manage_product';
UPDATE `language` SET `english` = 'Manage Purchase'
WHERE `phrase` = 'manage_purchase';
UPDATE `language` SET `english` = 'Manage Quotation'
WHERE `phrase` = 'manage_quotation';
INSERT INTO `language` (`phrase`) VALUES ('edit_courtesy_booking');
UPDATE `language` SET `english` = 'Decline'
WHERE `phrase` = 'decline';
UPDATE `language` SET `english` = 'Deduct'
WHERE `phrase` = 'deduct';
UPDATE `language` SET `english` = 'Deduction'
WHERE `phrase` = 'deduction';
UPDATE `language` SET `english` = 'Default Value'
WHERE `phrase` = 'default_value';
UPDATE `language` SET `english` = 'Delete'
WHERE `phrase` = 'delete';
UPDATE `language` SET `english` = 'Delete successfully'
WHERE `phrase` = 'delete_successfully';
UPDATE `language` SET `english` = 'Delivery Datetime'
WHERE `phrase` = 'delivery_datetime';
UPDATE `language` SET `english` = 'Deposite ID'
WHERE `phrase` = 'deposite_id';
UPDATE `language` SET `english` = 'Description'
WHERE `phrase` = 'description';
UPDATE `language` SET `english` = 'Designation'
WHERE `phrase` = 'designation';
UPDATE `language` SET `english` = 'Designation Update form'
WHERE `phrase` = 'designation_update_form';
UPDATE `language` SET `english` = 'Details'
WHERE `phrase` = 'details';
UPDATE `language` SET `english` = 'Director Address'
WHERE `phrase` = 'director_address';
UPDATE `language` SET `english` = 'Director Mobile'
WHERE `phrase` = 'director_mobile';
UPDATE `language` SET `english` = 'Director Name'
WHERE `phrase` = 'director_name';
UPDATE `language` SET `english` = 'Director Phone'
WHERE `phrase` = 'director_phone';
UPDATE `language` SET `english` = 'Dis./Pcs.'
WHERE `phrase` = 'discount';
UPDATE `language` SET `english` = 'Discount'
WHERE `phrase` = 'discount_percentage';
UPDATE `language` SET `english` = 'Discount Type'
WHERE `phrase` = 'discount_type';
UPDATE `language` SET `english` = 'Download'
WHERE `phrase` = 'download';
UPDATE `language` SET `english` = 'Download data from server'
WHERE `phrase` = 'download_data_from_server';
UPDATE `language` SET `english` = 'Download example file.'
WHERE `phrase` = 'download_example_file';
UPDATE `language` SET `english` = 'Download Sample File'
WHERE `phrase` = 'download_sample_file';
UPDATE `language` SET `english` = 'Download successfully'
WHERE `phrase` = 'download_successfully';
UPDATE `language` SET `english` = 'Due'
WHERE `phrase` = 'due';
UPDATE `language` SET `english` = 'Due Amount'
WHERE `phrase` = 'due_amount';
UPDATE `language` SET `english` = 'Due Report'
WHERE `phrase` = 'due_report';
UPDATE `language` SET `english` = 'Edit Booking'
WHERE `phrase` = 'edit_booking';
UPDATE `language` SET `english` = 'Edit Courtesy Booking'
WHERE `phrase` = 'edit_courtesy_booking';
UPDATE `language` SET `english` = 'Edit Income'
WHERE `phrase` = 'edit_income';
UPDATE `language` SET `english` = 'Edit Vehicle Information'
WHERE `phrase` = 'edit_vehicle_information';
UPDATE `language` SET `english` = 'Edit your company information'
WHERE `phrase` = 'edit_your_company_information';
UPDATE `language` SET `english` = 'Edit your product'
WHERE `phrase` = 'edit_your_product';
UPDATE `language` SET `english` = 'Efficiency Report'
WHERE `phrase` = 'efficiency_report';
UPDATE `language` SET `english` = 'Email'
WHERE `phrase` = 'email';
UPDATE `language` SET `english` = 'Emails & SMS'
WHERE `phrase` = 'emails_and_sms';
UPDATE `language` SET `english` = 'Employee'
WHERE `phrase` = 'employee';
UPDATE `language` SET `english` = 'Employee Designation'
WHERE `phrase` = 'employee_designation';
UPDATE `language` SET `english` = 'Employee Name'
WHERE `phrase` = 'employee_name';
UPDATE `language` SET `english` = 'Employee Reports'
WHERE `phrase` = 'employee_reports';
UPDATE `language` SET `english` = 'Employee Salary Payment'
WHERE `phrase` = 'employee_salary_payment';
UPDATE `language` SET `english` = 'Employee Type'
WHERE `phrase` = 'employee_type';
UPDATE `language` SET `english` = 'Employee Update'
WHERE `phrase` = 'employee_update';
UPDATE `language` SET `english` = 'Employee Wise Report'
WHERE `phrase` = 'employee_wise_report';
UPDATE `language` SET `english` = 'End Datetime'
WHERE `phrase` = 'ending_datetime';
UPDATE `language` SET `english` = 'End Amount'
WHERE `phrase` = 'end_amount';
UPDATE `language` SET `english` = 'End Date'
WHERE `phrase` = 'end_date';
UPDATE `language` SET `english` = 'Engine No'
WHERE `phrase` = 'engine_no';
UPDATE `language` SET `english` = 'Enter'
WHERE `phrase` = 'enter';
UPDATE `language` SET `english` = 'Enter Tax'
WHERE `phrase` = 'enter_tax';
UPDATE `courtesy_booking` SET `vehicle_reg` = '23423423', `start_date` = '2019-07-08', `end_date` = '2019-07-12', `title` = 'This is courtesy Booking Updated'
WHERE `id` IS NULL;
UPDATE `courtesy_booking` SET `id` = '1', `vehicle_reg` = '23423423', `start_date` = '2019-07-08', `end_date` = '2019-07-12', `title` = 'This is courtesy Booking Updated'
WHERE `id` = '1';
INSERT INTO `quotation_chat` (`quotation_id`, `message`, `sent_by`) VALUES ('TYZWD3GS35NWX8B', 'Hello Mubin', '1');
INSERT INTO `vehicle_information` (`customer_id`, `vehicle_registration`, `year`, `make`, `model`, `color`, `second_color`, `sub_model`, `body_style`, `vin`, `plate`, `engine_no`, `vehicle_type`, `seat`, `cc_rating`, `fuel_type`, `assembly_type`, `country_of_origin`, `gross_vehicle_mass`, `tyre_weight`, `wheelbase`, `axle`, `front_axle_rating`, `rear_axle_rating`, `create_by`, `create_date`) VALUES ('UATVWVTJ3G7MQTA', '33336655645', '12', '12', 'demo', 'red', 'black', 'sdf', 'dsf', '234234', '', '23523464345', '1', '30', '5', 'CNG', 'ttt', 'Bangladesh', '234', '', '', '', '', '', '1', '2019-07-07');
INSERT INTO `courtesy_booking` (`vehicle_reg`, `start_date`, `end_date`, `title`, `booking_by`, `status`) VALUES ('33336655645', '2019-07-17', '2019-07-21', 'Second Courtesy booking', '1', 1);
INSERT INTO `courtesy_booking` (`vehicle_reg`, `start_date`, `end_date`, `title`, `booking_by`, `status`) VALUES ('23423423', '2019-07-01', '2019-07-04', 'jk', '1', 1);
INSERT INTO `courtesy_booking` (`vehicle_reg`, `customer_id`, `start_date`, `end_date`, `title`, `booking_by`, `status`) VALUES ('23423423', 'GI5JRORL95TO6TL', '2019-07-04', '2019-07-06', 'hi', '1', 1);
=======
INSERT INTO `customer_ledger` (`transaction_id`, `customer_id`, `invoice_no`, `date`, `amount`, `description`, `status`, `d_c`) VALUES ('ISPCJ6SKOFLM3CY', 'FX4FTN9158ZORBW', '2125448912', '2019-07-07', '52962', 'Purchase by customer', 1, 'd');
INSERT INTO `customer_ledger` (`transaction_id`, `customer_id`, `receipt_no`, `date`, `amount`, `payment_type`, `invoice_no`, `description`, `status`, `d_c`) VALUES ('ISPCJ6SKOFLM3CY', 'FX4FTN9158ZORBW', 'PZSFW4AWOF', '2019-07-07', 0, 1, '2125448912', 'Paid by customer', 1, 'c');
INSERT INTO `transection` (`transaction_id`, `relation_id`, `transection_type`, `date_of_transection`, `transection_category`, `amount`, `transection_mood`, `is_transaction`, `description`) VALUES ('ISPCJ6SKOFLM3CY', 'FX4FTN9158ZORBW', 2, '2019-07-07', 2, 0, 1, 0, 'Paid by customer');
INSERT INTO `acc_transaction` (`VNo`, `Vtype`, `VDate`, `COAID`, `Narration`, `Debit`, `Credit`, `IsPosted`, `CreateBy`, `CreateDate`, `IsAppove`) VALUES ('2125448912', 'INV', '2019-07-07 08:47:55', 10107, 'Inventory credit For Invoice No2125448912', 0, '', 1, '1', '2019-07-07 08:47:55', 1);
INSERT INTO `acc_transaction` (`VNo`, `Vtype`, `VDate`, `COAID`, `Narration`, `Debit`, `Credit`, `IsPosted`, `CreateBy`, `CreateDate`, `IsAppove`) VALUES ('2125448912', 'INV', '2019-07-07 08:47:55', '102030146', 'Customer debit For Invoice No2125448912', '52962', 0, 1, '1', '2019-07-07 08:47:55', 1);
INSERT INTO `invoice` (`invoice_id`, `customer_id`, `date`, `total_amount`, `total_tax`, `invoice`, `invoice_details`, `invoice_discount`, `total_discount`, `prevous_due`, `shipping_cost`, `sales_by`, `status`) VALUES ('2125448912', 'FX4FTN9158ZORBW', '2019-07-07', '52962', '5', 1087, '', '100', '', '', '', '1', 1);
INSERT INTO `invoice_details` (`invoice_details_id`, `invoice_id`, `product_id`, `quantity`, `rate`, `discount`, `description`, `discount_per`, `tax`, `paid_amount`, `due_amount`, `supplier_rate`, `total_price`, `status`) VALUES ('587755989615239', '2125448912', '1', '1', '250', '100', '', '', '5', 0, 0, '', '250.00', 1);
INSERT INTO `invoice_details` (`invoice_details_id`, `invoice_id`, `product_id`, `quantity`, `rate`, `discount`, `description`, `discount_per`, `tax`, `paid_amount`, `due_amount`, `supplier_rate`, `total_price`, `status`) VALUES ('831532564417629', '2125448912', '', '1', '140', '100', '', '', '', 0, 0, '', '140.00', 1);
INSERT INTO `invoice_details` (`invoice_details_id`, `invoice_id`, `product_id`, `quantity`, `rate`, `discount`, `description`, `discount_per`, `tax`, `paid_amount`, `due_amount`, `supplier_rate`, `total_price`, `status`) VALUES ('495868389267759', '2125448912', '', '1', '150', '100', '', '', '', 0, 0, '', '150.00', 1);
INSERT INTO `invoice_details` (`invoice_details_id`, `invoice_id`, `product_id`, `quantity`, `rate`, `discount`, `description`, `discount_per`, `tax`, `paid_amount`, `due_amount`, `supplier_rate`, `total_price`, `status`) VALUES ('842274239529216', '2125448912', '', '5', '10000', '100', '', '', '', 0, 0, '', '50,000.00', 1);
UPDATE `job` SET `is_invoice` = 1
WHERE `job_id` = '3';
INSERT INTO `customer_ledger` (`transaction_id`, `customer_id`, `invoice_no`, `date`, `amount`, `description`, `status`, `d_c`) VALUES ('HJPM27FOJO1RWBQ', 'FX4FTN9158ZORBW', '1956583754', '2019-07-07', '53067', 'Purchase by customer', 1, 'd');
INSERT INTO `customer_ledger` (`transaction_id`, `customer_id`, `receipt_no`, `date`, `amount`, `payment_type`, `invoice_no`, `description`, `status`, `d_c`) VALUES ('HJPM27FOJO1RWBQ', 'FX4FTN9158ZORBW', 'OOIOJ86LG4', '2019-07-07', 0, 1, '1956583754', 'Paid by customer', 1, 'c');
INSERT INTO `transection` (`transaction_id`, `relation_id`, `transection_type`, `date_of_transection`, `transection_category`, `amount`, `transection_mood`, `is_transaction`, `description`) VALUES ('HJPM27FOJO1RWBQ', 'FX4FTN9158ZORBW', 2, '2019-07-07', 2, 0, 1, 0, 'Paid by customer');
INSERT INTO `acc_transaction` (`VNo`, `Vtype`, `VDate`, `COAID`, `Narration`, `Debit`, `Credit`, `IsPosted`, `CreateBy`, `CreateDate`, `IsAppove`) VALUES ('1956583754', 'INV', '2019-07-07 08:53:11', 10107, 'Inventory credit For Invoice No1956583754', 0, '', 1, '1', '2019-07-07 08:53:11', 1);
INSERT INTO `acc_transaction` (`VNo`, `Vtype`, `VDate`, `COAID`, `Narration`, `Debit`, `Credit`, `IsPosted`, `CreateBy`, `CreateDate`, `IsAppove`) VALUES ('1956583754', 'INV', '2019-07-07 08:53:11', '102030146', 'Customer debit For Invoice No1956583754', '53067', 0, 1, '1', '2019-07-07 08:53:11', 1);
INSERT INTO `invoice` (`job_id`, `invoice_id`, `customer_id`, `date`, `total_amount`, `total_tax`, `invoice`, `invoice_details`, `invoice_discount`, `total_discount`, `prevous_due`, `shipping_cost`, `sales_by`, `status`) VALUES ('3', '1956583754', 'FX4FTN9158ZORBW', '2019-07-07', '53067', '5', 1088, '', '', '', '', '', '1', 1);
INSERT INTO `invoice_details` (`invoice_details_id`, `invoice_id`, `product_id`, `quantity`, `rate`, `discount`, `description`, `discount_per`, `tax`, `paid_amount`, `due_amount`, `supplier_rate`, `total_price`, `status`) VALUES ('545183881864833', '1956583754', '1', '1', '250', '', '', '', '5', 0, 0, '', '250.00', 1);
INSERT INTO `invoice_details` (`invoice_details_id`, `invoice_id`, `product_id`, `quantity`, `rate`, `discount`, `description`, `discount_per`, `tax`, `paid_amount`, `due_amount`, `supplier_rate`, `total_price`, `status`) VALUES ('729948886182521', '1956583754', '3', '1', '140', '', '', '', '', 0, 0, '', '140.00', 1);
INSERT INTO `invoice_details` (`invoice_details_id`, `invoice_id`, `product_id`, `quantity`, `rate`, `discount`, `description`, `discount_per`, `tax`, `paid_amount`, `due_amount`, `supplier_rate`, `total_price`, `status`) VALUES ('179643471542669', '1956583754', '2', '1', '150', '', '', '', '', 0, 0, '', '150.00', 1);
INSERT INTO `invoice_details` (`invoice_details_id`, `invoice_id`, `product_id`, `quantity`, `rate`, `discount`, `description`, `discount_per`, `tax`, `paid_amount`, `due_amount`, `supplier_rate`, `total_price`, `status`) VALUES ('463716773791229', '1956583754', '97342595', '5', '10000', '', '', '', '', 0, 0, '', '50,000.00', 1);
UPDATE `job` SET `is_invoice` = 1
WHERE `job_id` = '3';
INSERT INTO `customer_ledger` (`transaction_id`, `customer_id`, `invoice_no`, `date`, `amount`, `description`, `status`, `d_c`) VALUES ('YV6RXP2LHNO51BR', 'FX4FTN9158ZORBW', '5878761376', '2019-07-07', '53046', 'Purchase by customer', 1, 'd');
INSERT INTO `customer_ledger` (`transaction_id`, `customer_id`, `receipt_no`, `date`, `amount`, `payment_type`, `invoice_no`, `description`, `status`, `d_c`) VALUES ('YV6RXP2LHNO51BR', 'FX4FTN9158ZORBW', 'Z552QLAUMQ', '2019-07-07', 0, 1, '5878761376', 'Paid by customer', 1, 'c');
INSERT INTO `transection` (`transaction_id`, `relation_id`, `transection_type`, `date_of_transection`, `transection_category`, `amount`, `transection_mood`, `is_transaction`, `description`) VALUES ('YV6RXP2LHNO51BR', 'FX4FTN9158ZORBW', 2, '2019-07-07', 2, 0, 1, 0, 'Paid by customer');
INSERT INTO `acc_transaction` (`VNo`, `Vtype`, `VDate`, `COAID`, `Narration`, `Debit`, `Credit`, `IsPosted`, `CreateBy`, `CreateDate`, `IsAppove`) VALUES ('5878761376', 'INV', '2019-07-07 11:46:54', 10107, 'Inventory credit For Invoice No5878761376', 0, '', 1, '1', '2019-07-07 11:46:54', 1);
INSERT INTO `acc_transaction` (`VNo`, `Vtype`, `VDate`, `COAID`, `Narration`, `Debit`, `Credit`, `IsPosted`, `CreateBy`, `CreateDate`, `IsAppove`) VALUES ('5878761376', 'INV', '2019-07-07 11:46:54', '102030146', 'Customer debit For Invoice No5878761376', '53046', 0, 1, '1', '2019-07-07 11:46:54', 1);
INSERT INTO `invoice` (`job_id`, `invoice_id`, `customer_id`, `date`, `total_amount`, `total_tax`, `invoice`, `invoice_details`, `invoice_discount`, `total_discount`, `prevous_due`, `shipping_cost`, `sales_by`, `status`) VALUES ('3', '5878761376', 'FX4FTN9158ZORBW', '2019-07-07', '53046', '5', 1000, '', '20', '', '', '', '1', 1);
INSERT INTO `invoice_details` (`invoice_details_id`, `invoice_id`, `product_id`, `quantity`, `rate`, `discount`, `description`, `discount_per`, `tax`, `paid_amount`, `due_amount`, `supplier_rate`, `total_price`, `status`) VALUES ('847766357573428', '5878761376', '1', '1', '250', '20', '', '', '5', 0, 0, '', '250.00', 1);
INSERT INTO `invoice_details` (`invoice_details_id`, `invoice_id`, `product_id`, `quantity`, `rate`, `discount`, `description`, `discount_per`, `tax`, `paid_amount`, `due_amount`, `supplier_rate`, `total_price`, `status`) VALUES ('618579336945254', '5878761376', '3', '1', '140', '20', '', '', '', 0, 0, '', '140.00', 1);
INSERT INTO `invoice_details` (`invoice_details_id`, `invoice_id`, `product_id`, `quantity`, `rate`, `discount`, `description`, `discount_per`, `tax`, `paid_amount`, `due_amount`, `supplier_rate`, `total_price`, `status`) VALUES ('124185898725428', '5878761376', '2', '1', '150', '20', '', '', '', 0, 0, '', '150.00', 1);
INSERT INTO `invoice_details` (`invoice_details_id`, `invoice_id`, `product_id`, `quantity`, `rate`, `discount`, `description`, `discount_per`, `tax`, `paid_amount`, `due_amount`, `supplier_rate`, `total_price`, `status`) VALUES ('975468577719791', '5878761376', '97342595', '5', '10000', '20', '', '', '', 0, 0, '', '50,000.00', 1);
UPDATE `job` SET `is_invoice` = 1
WHERE `job_id` = '3';
INSERT INTO `customer_ledger` (`transaction_id`, `customer_id`, `invoice_no`, `date`, `amount`, `description`, `status`, `d_c`) VALUES ('DH22CPJOVFE8UAW', 'FX4FTN9158ZORBW', '7295981765', '2019-07-07', '53046', 'Purchase by customer', 1, 'd');
INSERT INTO `customer_ledger` (`transaction_id`, `customer_id`, `receipt_no`, `date`, `amount`, `payment_type`, `invoice_no`, `description`, `status`, `d_c`) VALUES ('DH22CPJOVFE8UAW', 'FX4FTN9158ZORBW', 'KGVJBS1OY3', '2019-07-07', 0, 1, '7295981765', 'Paid by customer', 1, 'c');
INSERT INTO `transection` (`transaction_id`, `relation_id`, `transection_type`, `date_of_transection`, `transection_category`, `amount`, `transection_mood`, `is_transaction`, `description`) VALUES ('DH22CPJOVFE8UAW', 'FX4FTN9158ZORBW', 2, '2019-07-07', 2, 0, 1, 0, 'Paid by customer');
>>>>>>> master
<<<<<<< HEAD
INSERT INTO `vehicle_information` (`customer_id`, `vehicle_registration`, `year`, `make`, `model`, `color`, `second_color`, `sub_model`, `body_style`, `vin`, `plate`, `engine_no`, `vehicle_type`, `seat`, `cc_rating`, `fuel_type`, `assembly_type`, `country_of_origin`, `gross_vehicle_mass`, `tyre_weight`, `wheelbase`, `axle`, `front_axle_rating`, `rear_axle_rating`, `create_by`, `create_date`) VALUES ('KV9SJO95VKZTT13', '35453453', '12', '34', 'dsd', '', '', '', '', '234234', '', '4653424', '1', '12', '12', 'Diesel', '', '', '', '', '', '', '', '', '1', '2019-07-08');
INSERT INTO `courtesy_booking` (`vehicle_reg`, `customer_id`, `start_date`, `end_date`, `title`, `booking_by`, `status`) VALUES ('35453453', 'KV9SJO95VKZTT13', '2019-07-10', '2019-07-12', 'Tour', '1', 1);
INSERT INTO `quotation_chat` (`quotation_id`, `message`, `sent_by`) VALUES ('3HVWEPA9YTA439I', 'cvbcvb', '1');
INSERT INTO `quotation_chat` (`quotation_id`, `message`, `sent_by`) VALUES ('3HVWEPA9YTA439I', 'Hello', '1');
=======
UPDATE `customer_information` SET `customer_name` = 'John Brayan', `customer_phone` = '2135435', `customer_mobile` = '', `customer_email` = 'shahabuddinp91@gmail.com', `customer_skype` = 'customer.one.skype', `customer_address` = 'Unit 3/38 Eagle Hurst Road Ellerslie, Auckland 1016', `company_name` = 'bdtask', `company_number` = '564365', `vat_number` = '', `company_type` = '', `postal_address` = '', `physical_address` = '', `website` = 'www.spfoundationbd.com', `director_name` = 'Md. Shahab uddin', `director_mobile` = '', `director_phone` = '', `director_address` = '', `trade_reference_1` = '', `trade_reference_2` = '', `trade_reference_3` = '', `status` = '', `notes` = '', `notifications` = 'sms,email', `payment_method` = 'cash', `sales_discount_status` = 'trade markup', `markup_discount` = '25'
WHERE `customer_id` = 'FX4FTN9158ZORBW';
UPDATE `acc_coa` SET `HeadName` = 'FX4FTN9158ZORBW-John Brayan'
WHERE `HeadName` = 'FX4FTN9158ZORBW-John Brayan';
UPDATE `user_login` SET `username` = 'customerone@gmail.com', `password` = 'dd9fd739276eec12f7977328a38ea9be', `user_type` = '3', `status` = '1'
WHERE `user_id` = 'FX4FTN9158ZORBW';
UPDATE `users` SET `first_name` = 'John Brayan', `last_name` = '', `gender` = '', `date_of_birth` = '', `logo` = '', `status` = '1'
WHERE `user_id` = 'FX4FTN9158ZORBW';
UPDATE `job_category` SET `job_category_name` = 'Chassis', `update_by` = '1', `update_date` = '2019-07-09', `status` = 1
WHERE `job_category_id` = '3';
INSERT INTO `follow_ups` (`order_id`, `to_whom`, `date`, `note`, `v_reg`) VALUES ('1-1561628233', '2', '2019-07-09', 'demo notes', '123456');
UPDATE `job_type` SET `job_category_id` = '2', `job_type_name` = 'Air Filter', `job_type_rate` = '2500', `standard_timing` = '18:17', `create_by` = '1', `create_date` = '2019-07-09', `status` = 1
WHERE `job_type_id` = '1';
UPDATE `job_type` SET `job_category_id` = '2', `job_type_name` = 'Air Filter test', `job_type_rate` = '2500', `standard_timing` = '18:17', `create_by` = '1', `create_date` = '2019-07-09', `status` = 1
WHERE `job_type_id` = '1';
UPDATE `job_type` SET `job_category_id` = '2', `job_type_name` = 'Air Filter', `job_type_rate` = '250', `standard_timing` = '18:17', `create_by` = '1', `create_date` = '2019-07-09', `status` = 1
WHERE `job_type_id` = '1';
UPDATE `job_type` SET `job_category_id` = '1', `job_type_name` = 'Change Engine Oil & Filters', `job_type_rate` = '150', `standard_timing` = '18:28', `update_by` = '1', `update_date` = '2019-07-09', `status` = 1
WHERE `job_type_id` = '2';
INSERT INTO `job` (`customer_id`, `work_order_no`, `vehicle_id`, `schedule_date_time`, `delivery_date_time`, `customer_ref`, `job_description`, `alert_via`, `create_by`, `create_date`, `status`) VALUES ('6L8IMSJRMBE4QZ5', '2-1562670115', '3', '2019-07-09 17:00', '2019-07-10 17:00', '', '', 'email', '1', '2019-07-09 13:02:44', 0);
INSERT INTO `job_details` (`job_id`, `job_type_id`, `assign_to`, `rate`, `client_notes`, `status`) VALUES (5, '3', 'LAE5MKCQXKEU58Q', '140', 'a', 0);
INSERT INTO `job_details` (`job_id`, `job_type_id`, `assign_to`, `rate`, `client_notes`, `status`) VALUES (5, '1', 'M6S1SCRL22A1T3Y', '250', 'b', 0);
>>>>>>> master
INSERT INTO `language` (`phrase`) VALUES ('job_completed');
UPDATE `language` SET `english` = 'Jobs'
WHERE `phrase` = 'jobs';
UPDATE `language` SET `english` = 'Job Category'
WHERE `phrase` = 'job_category';
UPDATE `language` SET `english` = 'Job Completed'
WHERE `phrase` = 'job_completed';
UPDATE `language` SET `english` = 'Job Confirmation'
WHERE `phrase` = 'job_confirmation';
UPDATE `language` SET `english` = 'Job Order'
WHERE `phrase` = 'job_order';
UPDATE `language` SET `english` = 'Job Performed'
WHERE `phrase` = 'job_performed';
UPDATE `language` SET `english` = 'Job Status'
WHERE `phrase` = 'job_status';
UPDATE `language` SET `english` = 'Job to Invoice'
WHERE `phrase` = 'job_to_invoice';
UPDATE `language` SET `english` = 'Job Type'
WHERE `phrase` = 'job_type';
UPDATE `language` SET `english` = 'Job Type Name'
WHERE `phrase` = 'job_type_name';
UPDATE `language` SET `english` = 'Job type rate'
WHERE `phrase` = 'job_type_rate';
UPDATE `language` SET `english` = 'Journal Voucher'
WHERE `phrase` = 'journal_voucher';
UPDATE `language` SET `english` = 'Kilogram (Kg)'
WHERE `phrase` = 'kilogram_kg';
UPDATE `language` SET `english` = 'Language'
WHERE `phrase` = 'language';
UPDATE `language` SET `english` = 'Last Day Amount'
WHERE `phrase` = 'last_day_ammount';
UPDATE `language` SET `english` = 'Last Day Closing'
WHERE `phrase` = 'last_day_closing';
UPDATE `language` SET `english` = 'Last Name'
WHERE `phrase` = 'last_name';
UPDATE `language` SET `english` = 'Last Sales'
WHERE `phrase` = 'last_sales';
UPDATE `language` SET `english` = 'Left'
WHERE `phrase` = 'left';
UPDATE `language` SET `english` = 'Loan'
WHERE `phrase` = 'loan';
UPDATE `language` SET `english` = 'Login'
WHERE `phrase` = 'login';
UPDATE `language` SET `english` = 'Login Details'
WHERE `phrase` = 'login_details';
UPDATE `language` SET `english` = 'Logo'
WHERE `phrase` = 'logo';
UPDATE `language` SET `english` = 'Logout'
WHERE `phrase` = 'logout';
UPDATE `language` SET `english` = 'Logo not uploaded !'
WHERE `phrase` = 'logo_not_uploaded';
UPDATE `language` SET `english` = 'LTR'
WHERE `phrase` = 'ltr';
UPDATE `language` SET `english` = 'LTR/RTR'
WHERE `phrase` = 'ltr_or_rtr';
UPDATE `language` SET `english` = 'Make'
WHERE `phrase` = 'make';
UPDATE `language` SET `english` = 'Manage Account'
WHERE `phrase` = 'manage_account';
UPDATE `language` SET `english` = 'Manage Accounts'
WHERE `phrase` = 'manage_accounts';
UPDATE `language` SET `english` = 'Manage Attendance'
WHERE `phrase` = 'manage_attendance';
UPDATE `language` SET `english` = 'Manage Bank'
WHERE `phrase` = 'manage_bank';
UPDATE `language` SET `english` = 'Manage Benefits'
WHERE `phrase` = 'manage_benefits';
UPDATE `language` SET `english` = 'Manage Booking'
WHERE `phrase` = 'manage_booking';
UPDATE `language` SET `english` = 'Manage Category'
WHERE `phrase` = 'manage_category';
UPDATE `language` SET `english` = 'Manage Company'
WHERE `phrase` = 'manage_company';
UPDATE `language` SET `english` = 'Manage Courtesy Booking'
WHERE `phrase` = 'manage_courtesy_booking';
UPDATE `language` SET `english` = 'Manage Customer'
WHERE `phrase` = 'manage_customer';
UPDATE `language` SET `english` = 'Manage customer details.'
WHERE `phrase` = 'manage_customer_details';
UPDATE `language` SET `english` = 'Manage Customer Ledger'
WHERE `phrase` = 'manage_customer_ledger';
UPDATE `language` SET `english` = 'Manage Designation'
WHERE `phrase` = 'manage_designation';
UPDATE `language` SET `english` = 'Manage Employee'
WHERE `phrase` = 'manage_employee';
UPDATE `language` SET `english` = 'Manage Income Tax'
WHERE `phrase` = 'manage_income_tax';
UPDATE `language` SET `english` = 'Manage Invoice'
WHERE `phrase` = 'manage_invoice';
UPDATE `language` SET `english` = 'Manage Job'
WHERE `phrase` = 'manage_job';
UPDATE `language` SET `english` = 'Manage Job Category'
WHERE `phrase` = 'manage_job_category';
UPDATE `language` SET `english` = 'Manage Job Types'
WHERE `phrase` = 'manage_job_type';
UPDATE `language` SET `english` = 'Manage Loan'
WHERE `phrase` = 'manage_loan';
UPDATE `language` SET `english` = 'Manage Payroll'
WHERE `phrase` = 'manage_payroll';
UPDATE `language` SET `english` = 'Manage Person'
WHERE `phrase` = 'manage_person';
<<<<<<< HEAD
UPDATE `job_details` SET `job_type_id` = '1', `rate` = '140', `assign_to` = 'M6S1SCRL22A1T3Y', `start_datetime` = '2019-07-09 17:02:44', `end_datetime` = '2019-07-09 17:02', `mechanic_notes` = '', `status` = '1'
WHERE `row_id` = '24';
UPDATE `job_details` SET `job_type_id` = '3', `rate` = '140', `assign_to` = 'LAE5MKCQXKEU58Q', `start_datetime` = '2019-07-09 17:02:44', `end_datetime` = '2019-07-09 17:02:44', `mechanic_notes` = '', `status` = '1'
WHERE `row_id` = '23';
INSERT INTO `job` (`customer_id`, `work_order_no`, `vehicle_id`, `schedule_date_time`, `delivery_date_time`, `customer_ref`, `job_description`, `alert_via`, `create_by`, `create_date`, `status`) VALUES ('6L8IMSJRMBE4QZ5', '2-1563087526', '3', '2019-07-14 12:50', '2019-07-20 12:00', 'tanjil', 'test demo', 'sms', '1', '2019-07-14 09:00:30', 0);
INSERT INTO `job_details` (`job_id`, `job_type_id`, `assign_to`, `rate`, `client_notes`, `status`) VALUES (6, '3', 'M6S1SCRL22A1T3Y', '140', 'note 1', 0);
INSERT INTO `job_details` (`job_id`, `job_type_id`, `assign_to`, `rate`, `client_notes`, `status`) VALUES (6, '2', 'M6S1SCRL22A1T3Y', '150', 'note 2', 0);
INSERT INTO `job` (`customer_id`, `work_order_no`, `vehicle_id`, `schedule_date_time`, `delivery_date_time`, `customer_ref`, `job_description`, `alert_via`, `create_by`, `create_date`, `status`) VALUES ('6L8IMSJRMBE4QZ5', '2-1563087802', '3', '2019-07-14 13:00', '2019-07-18 14:00', 'tanjil', 'demo', 'sms', '1', '2019-07-14 09:04:07', 0);
INSERT INTO `job_details` (`job_id`, `job_type_id`, `assign_to`, `rate`, `client_notes`, `status`) VALUES (1, '3', 'M6S1SCRL22A1T3Y', '140', 'note 1', 0);
INSERT INTO `job_details` (`job_id`, `job_type_id`, `assign_to`, `rate`, `client_notes`, `status`) VALUES (1, '2', 'M6S1SCRL22A1T3Y', '150', 'note 2', 0);
DELETE FROM `job_details`
WHERE `job_id` = '1';
INSERT INTO `job_details` (`job_type_id`, `rate`, `assign_to`, `start_datetime`, `mechanic_notes`) VALUES ('2', '150', 'M6S1SCRL22A1T3Y', '0000-00-00 00:00:00', '');
UPDATE `job` SET `recommendation` = 'recommendation note one'
WHERE `job_id` = '1';
DELETE FROM `job_details`
WHERE `job_id` = '1';
INSERT INTO `job_details` (`job_id`, `job_type_id`, `rate`, `assign_to`, `start_datetime`, `mechanic_notes`) VALUES ('1', '2', '150', 'M6S1SCRL22A1T3Y', '', '');
INSERT INTO `job_products_used` (`job_id`, `product_id`, `available_qty`, `rate`, `used_qty`, `mechanic_note`) VALUES ('1', '97342595', '30.00', '10000', '5', 'product mechanic note ');
UPDATE `job` SET `recommendation` = 'recommendation note one'
WHERE `job_id` = '1';
DELETE FROM `job_details`
WHERE `job_id` = '1';
INSERT INTO `job_details` (`job_id`, `job_type_id`, `rate`, `assign_to`, `start_datetime`, `mechanic_notes`) VALUES ('1', '2', '1', 'M', '', '');
DELETE FROM `job_products_used`
WHERE `job_id` = '1';
INSERT INTO `job_products_used` (`job_id`, `product_id`, `available_qty`, `rate`, `used_qty`, `mechanic_note`) VALUES ('1', '97342595', '30', '10000', '5', 'product mechanic note ');
INSERT INTO `job_products_used` (`job_id`, `product_id`, `available_qty`, `rate`, `used_qty`, `mechanic_note`) VALUES ('1', '65319286', '100.00', '200', '2', 'product mechanic note two');
UPDATE `job` SET `recommendation` = 'recommendation note one'
WHERE `job_id` = '1';
DELETE FROM `job_details`
WHERE `job_id` = '1';
INSERT INTO `job_details` (`job_id`, `job_type_id`, `rate`, `assign_to`, `start_datetime`, `mechanic_notes`) VALUES ('1', '2', '1', '', '2019-07-14 15:58', 'note one');
DELETE FROM `job_products_used`
WHERE `job_id` = '1';
INSERT INTO `job_products_used` (`job_id`, `product_id`, `available_qty`, `rate`, `used_qty`, `mechanic_note`) VALUES ('1', '97342595', '30', '10000', '5', 'product mechanic note ');
INSERT INTO `job_products_used` (`job_id`, `product_id`, `available_qty`, `rate`, `used_qty`, `mechanic_note`) VALUES ('1', '65319286', '100', '200', '2', 'product mechanic note two');
UPDATE `job` SET `recommendation` = 'recommendation note one'
WHERE `job_id` = '1';
DELETE FROM `job_details`
WHERE `job_id` = '1';
INSERT INTO `job_details` (`job_id`, `job_type_id`, `rate`, `assign_to`, `start_datetime`, `mechanic_notes`) VALUES ('1', '2', '1', 'M6S1SCRL22A1T3Y', '2019-07-14 16:05', 'note one');
INSERT INTO `job_details` (`job_id`, `job_type_id`, `rate`, `assign_to`, `start_datetime`, `mechanic_notes`) VALUES ('1', '1', '250', 'M6S1SCRL22A1T3Y', '', '');
DELETE FROM `job_products_used`
WHERE `job_id` = '1';
INSERT INTO `job_products_used` (`job_id`, `product_id`, `available_qty`, `rate`, `used_qty`, `mechanic_note`) VALUES ('1', '97342595', '30', '10000', '5', 'product mechanic note ');
INSERT INTO `job_products_used` (`job_id`, `product_id`, `available_qty`, `rate`, `used_qty`, `mechanic_note`) VALUES ('1', '65319286', '100', '200', '2', 'product mechanic note two');
UPDATE `job` SET `recommendation` = 'recommendation note one'
WHERE `job_id` = '1';
DELETE FROM `job_details`
WHERE `job_id` = '1';
INSERT INTO `job_details` (`job_id`, `job_type_id`, `rate`, `assign_to`, `start_datetime`, `mechanic_notes`) VALUES ('1', '2', '1', 'M6S1SCRL22A1T3Y', '2019-07-14 16:05:00', 'note one');
INSERT INTO `job_details` (`job_id`, `job_type_id`, `rate`, `assign_to`, `start_datetime`, `mechanic_notes`) VALUES ('1', '1', '250', 'M6S1SCRL22A1T3Y', '0000-00-00 00:00:00', '');
DELETE FROM `job_products_used`
WHERE `job_id` = '1';
INSERT INTO `job_products_used` (`job_id`, `product_id`, `available_qty`, `rate`, `used_qty`, `mechanic_note`) VALUES ('1', '97342595', '30', '10000', '5', 'product mechanic note ');
INSERT INTO `job_products_used` (`job_id`, `product_id`, `available_qty`, `rate`, `used_qty`, `mechanic_note`) VALUES ('1', '65319286', '100', '200', '2', 'product mechanic note two');
UPDATE `job` SET `recommendation` = 'recommendation note one'
WHERE `job_id` = '1';
DELETE FROM `job_details`
WHERE `job_id` = '1';
INSERT INTO `job_details` (`job_id`, `job_type_id`, `rate`, `assign_to`, `start_datetime`, `mechanic_notes`) VALUES ('1', '2', '1', 'M6S1SCRL22A1T3Y', '2019-07-14 16:05:00', 'note one');
INSERT INTO `job_details` (`job_id`, `job_type_id`, `rate`, `assign_to`, `start_datetime`, `mechanic_notes`) VALUES ('1', '1', '250', 'M6S1SCRL22A1T3Y', '0000-00-00 00:00:00', '');
DELETE FROM `job_products_used`
WHERE `job_id` = '1';
INSERT INTO `job_products_used` (`job_id`, `product_id`, `available_qty`, `rate`, `used_qty`, `mechanic_note`) VALUES ('1', '97342595', '30', '10000', '5', 'product mechanic note ');
INSERT INTO `job_products_used` (`job_id`, `product_id`, `available_qty`, `rate`, `used_qty`, `mechanic_note`) VALUES ('1', '65319286', '100', '200', '2', 'product mechanic note two');
UPDATE `job` SET `recommendation` = 'recommendation note one'
WHERE `job_id` = '1';
DELETE FROM `job_details`
WHERE `job_id` = '1';
INSERT INTO `job_details` (`job_id`, `job_type_id`, `rate`, `assign_to`, `start_datetime`, `mechanic_notes`) VALUES ('1', '2', '1', 'M6S1SCRL22A1T3Y', '2019-07-14 16:05:00', 'note one');
INSERT INTO `job_details` (`job_id`, `job_type_id`, `rate`, `assign_to`, `start_datetime`, `mechanic_notes`) VALUES ('1', '1', '250', 'M6S1SCRL22A1T3Y', '2019-07-14 16:51', 'note two');
INSERT INTO `job_details` (`job_id`, `job_type_id`, `rate`, `assign_to`, `start_datetime`, `mechanic_notes`) VALUES ('1', '3', '140', 'V3KOLUZ64G5BC4Q', '', '');
DELETE FROM `job_products_used`
WHERE `job_id` = '1';
INSERT INTO `job_products_used` (`job_id`, `product_id`, `available_qty`, `rate`, `used_qty`, `mechanic_note`) VALUES ('1', '97342595', '30', '10000', '5', 'product mechanic note ');
INSERT INTO `job_products_used` (`job_id`, `product_id`, `available_qty`, `rate`, `used_qty`, `mechanic_note`) VALUES ('1', '65319286', '100', '200', '2', 'product mechanic note two');
UPDATE `job` SET `recommendation` = 'recommendation note one'
WHERE `job_id` = '1';
UPDATE `job_details` SET `enddatetime` = Array
WHERE `job_type_id` = `Array`
AND `job_id` = '1';
DELETE FROM `job_details`
WHERE `job_id` = '1';
INSERT INTO `job_details` (`job_id`, `job_type_id`, `rate`, `assign_to`, `start_datetime`, `mechanic_notes`) VALUES ('1', '2', '1', 'M6S1SCRL22A1T3Y', '2019-07-14 16:05:00', 'note one');
INSERT INTO `job_details` (`job_id`, `job_type_id`, `rate`, `assign_to`, `start_datetime`, `mechanic_notes`) VALUES ('1', '1', '250', 'M6S1SCRL22A1T3Y', '2019-07-14 16:51:00', 'note two');
INSERT INTO `job_details` (`job_id`, `job_type_id`, `rate`, `assign_to`, `start_datetime`, `mechanic_notes`) VALUES ('1', '3', '140', 'V3KOLUZ64G5BC4Q', '0000-00-00 00:00:00', '');
DELETE FROM `job_products_used`
WHERE `job_id` = '1';
INSERT INTO `job_products_used` (`job_id`, `product_id`, `available_qty`, `rate`, `used_qty`, `mechanic_note`) VALUES ('1', '97342595', '30', '10000', '5', 'product mechanic note ');
INSERT INTO `job_products_used` (`job_id`, `product_id`, `available_qty`, `rate`, `used_qty`, `mechanic_note`) VALUES ('1', '65319286', '100', '200', '2', 'product mechanic note two');
UPDATE `job` SET `recommendation` = 'recommendation note one'
WHERE `job_id` = '1';
UPDATE `job_details` SET `enddatetime` = '2019-07-14 16:54'
WHERE `job_type_id` = `Array`
AND `job_id` = '1';
DELETE FROM `job_details`
WHERE `job_id` = '1';
INSERT INTO `job_details` (`job_id`, `job_type_id`, `rate`, `assign_to`, `start_datetime`, `mechanic_notes`) VALUES ('1', '2', '1', 'M6S1SCRL22A1T3Y', '2019-07-14 16:05:00', 'note one');
INSERT INTO `job_details` (`job_id`, `job_type_id`, `rate`, `assign_to`, `start_datetime`, `mechanic_notes`) VALUES ('1', '1', '250', 'M6S1SCRL22A1T3Y', '2019-07-14 16:51:00', 'note two');
INSERT INTO `job_details` (`job_id`, `job_type_id`, `rate`, `assign_to`, `start_datetime`, `mechanic_notes`) VALUES ('1', '3', '140', 'V3KOLUZ64G5BC4Q', '0000-00-00 00:00:00', '');
DELETE FROM `job_products_used`
WHERE `job_id` = '1';
INSERT INTO `job_products_used` (`job_id`, `product_id`, `available_qty`, `rate`, `used_qty`, `mechanic_note`) VALUES ('1', '97342595', '30', '10000', '5', 'product mechanic note ');
INSERT INTO `job_products_used` (`job_id`, `product_id`, `available_qty`, `rate`, `used_qty`, `mechanic_note`) VALUES ('1', '65319286', '100', '200', '2', 'product mechanic note two');
UPDATE `job` SET `recommendation` = 'recommendation note one'
WHERE `job_id` = '1';
UPDATE `job_details` SET `enddatetime` = '2019-07-14 16:56'
WHERE `job_type_id` = `Array`
AND `job_id` = '1';
DELETE FROM `job_details`
WHERE `job_id` = '1';
INSERT INTO `job_details` (`job_id`, `job_type_id`, `rate`, `assign_to`, `start_datetime`, `mechanic_notes`) VALUES ('1', '2', '1', 'M6S1SCRL22A1T3Y', '2019-07-14 16:05:00', 'note one');
INSERT INTO `job_details` (`job_id`, `job_type_id`, `rate`, `assign_to`, `start_datetime`, `mechanic_notes`) VALUES ('1', '1', '250', 'M6S1SCRL22A1T3Y', '2019-07-14 16:51:00', 'note two');
INSERT INTO `job_details` (`job_id`, `job_type_id`, `rate`, `assign_to`, `start_datetime`, `mechanic_notes`) VALUES ('1', '3', '140', 'V3KOLUZ64G5BC4Q', '0000-00-00 00:00:00', '');
DELETE FROM `job_products_used`
WHERE `job_id` = '1';
INSERT INTO `job_products_used` (`job_id`, `product_id`, `available_qty`, `rate`, `used_qty`, `mechanic_note`) VALUES ('1', '97342595', '30', '10000', '5', 'product mechanic note ');
INSERT INTO `job_products_used` (`job_id`, `product_id`, `available_qty`, `rate`, `used_qty`, `mechanic_note`) VALUES ('1', '65319286', '100', '200', '2', 'product mechanic note two');
UPDATE `job` SET `recommendation` = 'recommendation note one'
WHERE `job_id` = '1';
UPDATE `job_details` SET `enddatetime` = '2019-07-14 16:56'
WHERE `job_type_id` = '2'
AND `job_id` = '1';
DELETE FROM `job_details`
WHERE `job_id` = '1';
INSERT INTO `job_details` (`job_id`, `job_type_id`, `rate`, `assign_to`, `start_datetime`, `mechanic_notes`) VALUES ('1', '2', '1', 'M6S1SCRL22A1T3Y', '2019-07-14 16:05:00', 'note one');
INSERT INTO `job_details` (`job_id`, `job_type_id`, `rate`, `assign_to`, `start_datetime`, `mechanic_notes`) VALUES ('1', '1', '250', 'M6S1SCRL22A1T3Y', '2019-07-14 16:51:00', 'note two');
INSERT INTO `job_details` (`job_id`, `job_type_id`, `rate`, `assign_to`, `start_datetime`, `mechanic_notes`) VALUES ('1', '3', '140', 'V3KOLUZ64G5BC4Q', '0000-00-00 00:00:00', '');
DELETE FROM `job_products_used`
WHERE `job_id` = '1';
INSERT INTO `job_products_used` (`job_id`, `product_id`, `available_qty`, `rate`, `used_qty`, `mechanic_note`) VALUES ('1', '97342595', '30', '10000', '5', 'product mechanic note ');
INSERT INTO `job_products_used` (`job_id`, `product_id`, `available_qty`, `rate`, `used_qty`, `mechanic_note`) VALUES ('1', '65319286', '100', '200', '2', 'product mechanic note two');
UPDATE `job` SET `recommendation` = 'recommendation note one'
WHERE `job_id` = '1';
UPDATE `job_details` SET `end_datetime` = '2019-07-14 16:58'
WHERE `job_type_id` = '2'
AND `job_id` = '1';
UPDATE `job_details` SET `end_datetime` = '0000-00-00 00:00:00'
WHERE `job_type_id` = '1'
AND `job_id` = '1';
UPDATE `job_details` SET `end_datetime` = '0000-00-00 00:00:00'
WHERE `job_type_id` = '3'
AND `job_id` = '1';
DELETE FROM `job_details`
WHERE `job_id` = '1';
INSERT INTO `job_details` (`job_id`, `job_type_id`, `rate`, `assign_to`, `start_datetime`, `mechanic_notes`, `status`) VALUES ('1', '2', '1', 'M6S1SCRL22A1T3Y', '2019-07-14 16:05:00', 'note one', 3);
INSERT INTO `job_details` (`job_id`, `job_type_id`, `rate`, `assign_to`, `start_datetime`, `mechanic_notes`, `status`) VALUES ('1', '1', '250', 'M6S1SCRL22A1T3Y', '2019-07-14 16:51:00', 'note two', 1);
INSERT INTO `job_details` (`job_id`, `job_type_id`, `rate`, `assign_to`, `start_datetime`, `mechanic_notes`, `status`) VALUES ('1', '3', '140', 'V3KOLUZ64G5BC4Q', '0000-00-00 00:00:00', '', 0);
DELETE FROM `job_products_used`
WHERE `job_id` = '1';
INSERT INTO `job_products_used` (`job_id`, `product_id`, `available_qty`, `rate`, `used_qty`, `mechanic_note`) VALUES ('1', '97342595', '30', '10000', '5', 'product mechanic note ');
INSERT INTO `job_products_used` (`job_id`, `product_id`, `available_qty`, `rate`, `used_qty`, `mechanic_note`) VALUES ('1', '65319286', '100', '200', '2', 'product mechanic note two');
UPDATE `job` SET `recommendation` = 'recommendation note one'
WHERE `job_id` = '1';
UPDATE `job_details` SET `end_datetime` = '2019-07-14 16:58:00'
WHERE `job_type_id` = '2'
AND `job_id` = '1';
UPDATE `job_details` SET `end_datetime` = '0000-00-00 00:00:00'
WHERE `job_type_id` = '1'
AND `job_id` = '1';
UPDATE `job_details` SET `end_datetime` = '0000-00-00 00:00:00'
WHERE `job_type_id` = '3'
AND `job_id` = '1';
DELETE FROM `job_details`
WHERE `job_id` = '1';
INSERT INTO `job_details` (`job_id`, `job_type_id`, `rate`, `assign_to`, `start_datetime`, `mechanic_notes`, `status`) VALUES ('1', '2', '1', 'M6S1SCRL22A1T3Y', '2019-07-14 16:05:00', 'note one', '2');
INSERT INTO `job_details` (`job_id`, `job_type_id`, `rate`, `assign_to`, `start_datetime`, `mechanic_notes`, `status`) VALUES ('1', '1', '250', 'M6S1SCRL22A1T3Y', '2019-07-14 16:51:00', 'note two', 1);
INSERT INTO `job_details` (`job_id`, `job_type_id`, `rate`, `assign_to`, `start_datetime`, `mechanic_notes`, `status`) VALUES ('1', '3', '140', 'V3KOLUZ64G5BC4Q', '0000-00-00 00:00:00', '', 0);
DELETE FROM `job_products_used`
WHERE `job_id` = '1';
INSERT INTO `job_products_used` (`job_id`, `product_id`, `available_qty`, `rate`, `used_qty`, `mechanic_note`) VALUES ('1', '97342595', '30', '10000', '5', 'product mechanic note ');
INSERT INTO `job_products_used` (`job_id`, `product_id`, `available_qty`, `rate`, `used_qty`, `mechanic_note`) VALUES ('1', '65319286', '100', '200', '2', 'product mechanic note two');
UPDATE `job` SET `recommendation` = 'recommendation note one'
WHERE `job_id` = '1';
UPDATE `job_details` SET `end_datetime` = '2019-07-14 16:58:00'
WHERE `job_type_id` = '2'
AND `job_id` = '1';
UPDATE `job_details` SET `end_datetime` = '0000-00-00 00:00:00'
WHERE `job_type_id` = '1'
AND `job_id` = '1';
UPDATE `job_details` SET `end_datetime` = '0000-00-00 00:00:00'
WHERE `job_type_id` = '3'
AND `job_id` = '1';
=======
INSERT INTO `booking_tbl` (`booking_time`, `title`, `booking_by`, `status`) VALUES ('2019-07-13 11:17:54', 'sdfsdf', '1', 1);
INSERT INTO `booking_tbl` (`booking_time`, `title`, `booking_by`, `status`) VALUES ('2019-07-13 11:38:00', 'dfsdfsdfsdf', '1', 1);
INSERT INTO `booking_tbl` (`booking_time`, `title`, `booking_by`, `status`) VALUES ('2019-07-02 00:00:00', 'yyyyy', '1', 1);
INSERT INTO `booking_tbl` (`booking_time`, `title`, `booking_by`, `status`) VALUES ('2019-07-03 00:00:00', 'Hello', '1', 1);
INSERT INTO `booking_tbl` (`booking_time`, `title`, `booking_by`, `status`) VALUES ('2019-07-09 00:00:00', 'Study Tour', '1', 1);
INSERT INTO `booking_tbl` (`booking_time`, `title`, `booking_by`, `status`) VALUES ('2019-07-01 00:00:00', 'tttt', '1', 1);
INSERT INTO `booking_tbl` (`booking_time`, `title`, `booking_by`, `status`) VALUES ('2019-07-14 17:30:00', 'Normal Bookin', '1', 1);
INSERT INTO `courtesy_booking` (`booking_time`, `title`, `booking_by`, `status`) VALUES ('2019-07-14 12:31:42', 'Courtesy Test B', '1', 1);
INSERT INTO `courtesy_booking` (`customer_id`, `vehicle_reg`, `start_date`, `end_date`, `title`) VALUES ('FX4FTN9158ZORBW', '35453453', '2019-07-15', '2019-07-20', 'Courtesy Bookig');
INSERT INTO `booking_tbl` (`booking_time`, `title`, `booking_by`, `status`) VALUES ('2019-07-14 16:59:00', 'Sbk', '1', 1);
INSERT INTO `booking_tbl` (`booking_time`, `title`, `booking_by`, `status`) VALUES ('2019-07-14 16:59:00', 'Sbk', '1', 1);
INSERT INTO `booking_tbl` (`booking_time`, `title`, `booking_by`, `status`) VALUES ('2019-07-14 16:59:00', 'Sbk', '1', 1);
INSERT INTO `booking_tbl` (`booking_time`, `title`, `booking_by`, `status`) VALUES ('2019-07-12 17:05:00', 'hhhh', '1', 1);
INSERT INTO `booking_tbl` (`booking_time`, `title`, `booking_by`, `status`) VALUES ('2019-07-14 18:05:00', 'jstitle', '1', 1);
INSERT INTO `booking_tbl` (`booking_time`, `title`, `booking_by`, `status`) VALUES ('2019-07-17 18:10:00', 'ktitle', '1', 1);
INSERT INTO `booking_tbl` (`booking_time`, `title`, `booking_by`, `status`) VALUES ('2019-07-14 19:15:00', '16:09', '1', 1);
INSERT INTO `booking_tbl` (`booking_time`, `title`, `booking_by`, `status`) VALUES ('2019-07-24 12:30', 'Tbook', '1', 1);
>>>>>>> master
<<<<<<< HEAD
DELETE FROM `job_details`
WHERE `job_id` = '1';
INSERT INTO `job_details` (`job_id`, `job_type_id`, `rate`, `assign_to`, `start_datetime`, `mechanic_notes`, `status`) VALUES ('1', '2', '1', 'M6S1SCRL22A1T3Y', '2019-07-14 16:05:00', 'note one', '2');
INSERT INTO `job_details` (`job_id`, `job_type_id`, `rate`, `assign_to`, `start_datetime`, `mechanic_notes`, `status`) VALUES ('1', '1', '250', 'M6S1SCRL22A1T3Y', '2019-07-14 16:51:00', 'note two', 1);
INSERT INTO `job_details` (`job_id`, `job_type_id`, `rate`, `assign_to`, `start_datetime`, `mechanic_notes`, `status`) VALUES ('1', '3', '140', 'V3KOLUZ64G5BC4Q', '0000-00-00 00:00:00', '', 0);
DELETE FROM `job_products_used`
WHERE `job_id` = '1';
INSERT INTO `job_products_used` (`job_id`, `product_id`, `available_qty`, `rate`, `used_qty`, `mechanic_note`) VALUES ('1', '97342595', '30', '10000', '5', 'product mechanic note ');
INSERT INTO `job_products_used` (`job_id`, `product_id`, `available_qty`, `rate`, `used_qty`, `mechanic_note`) VALUES ('1', '65319286', '100', '200', '2', 'product mechanic note two');
UPDATE `job` SET `recommendation` = 'recommendation note one'
WHERE `job_id` = '1';
UPDATE `job_details` SET `end_datetime` = '2019-07-14 16:58:00'
WHERE `job_type_id` = '2'
AND `job_id` = '1';
UPDATE `job_details` SET `end_datetime` = '0000-00-00 00:00:00'
WHERE `job_type_id` = '1'
AND `job_id` = '1';
UPDATE `job_details` SET `end_datetime` = '0000-00-00 00:00:00'
WHERE `job_type_id` = '3'
AND `job_id` = '1';
DELETE FROM `job_details`
WHERE `job_id` = '1';
INSERT INTO `job_details` (`job_id`, `job_type_id`, `rate`, `assign_to`, `start_datetime`, `mechanic_notes`, `status`) VALUES ('1', '2', '1', 'M6S1SCRL22A1T3Y', '2019-07-14 16:05:00', 'note one', '2');
INSERT INTO `job_details` (`job_id`, `job_type_id`, `rate`, `assign_to`, `start_datetime`, `mechanic_notes`, `status`) VALUES ('1', '1', '250', 'M6S1SCRL22A1T3Y', '2019-07-14 16:51:00', 'note two', '2');
INSERT INTO `job_details` (`job_id`, `job_type_id`, `rate`, `assign_to`, `start_datetime`, `mechanic_notes`, `status`) VALUES ('1', '3', '140', 'V3KOLUZ64G5BC4Q', '0000-00-00 00:00:00', '', 0);
DELETE FROM `job_products_used`
WHERE `job_id` = '1';
INSERT INTO `job_products_used` (`job_id`, `product_id`, `available_qty`, `rate`, `used_qty`, `mechanic_note`) VALUES ('1', '97342595', '30', '10000', '5', 'product mechanic note ');
INSERT INTO `job_products_used` (`job_id`, `product_id`, `available_qty`, `rate`, `used_qty`, `mechanic_note`) VALUES ('1', '65319286', '100', '200', '2', 'product mechanic note two');
UPDATE `job` SET `recommendation` = 'recommendation note one'
WHERE `job_id` = '1';
UPDATE `job_details` SET `end_datetime` = '2019-07-14 16:58:00'
WHERE `job_type_id` = '2'
AND `job_id` = '1';
UPDATE `job_details` SET `end_datetime` = '0000-00-00 00:00:00'
WHERE `job_type_id` = '1'
AND `job_id` = '1';
UPDATE `job_details` SET `end_datetime` = '0000-00-00 00:00:00'
WHERE `job_type_id` = '3'
AND `job_id` = '1';
INSERT INTO `job` (`customer_id`, `work_order_no`, `vehicle_id`, `schedule_date_time`, `delivery_date_time`, `customer_ref`, `job_description`, `alert_via`, `create_by`, `create_date`, `status`) VALUES ('6L8IMSJRMBE4QZ5', '2-1563167586', '3', '2019-07-15 11:10', '2019-07-17 11:10', 'tanjil', 'demo', 'sms', '1', '2019-07-15 07:14:00', 0);
INSERT INTO `job_details` (`job_id`, `job_type_id`, `assign_to`, `rate`, `client_notes`, `status`) VALUES (1, '1', 'M6S1SCRL22A1T3Y', '250', 'note one', 0);
INSERT INTO `job_details` (`job_id`, `job_type_id`, `assign_to`, `rate`, `client_notes`, `status`) VALUES (1, '3', 'M6S1SCRL22A1T3Y', '140', 'note two', 0);
DELETE FROM `job_details`
WHERE `job_id` = '1';
INSERT INTO `job_details` (`job_id`, `job_type_id`, `rate`, `assign_to`, `start_datetime`, `mechanic_notes`, `status`) VALUES ('1', '1', '250', 'M6S1SCRL22A1T3Y', '2019-07-15 11:17', '', 1);
INSERT INTO `job_details` (`job_id`, `job_type_id`, `rate`, `assign_to`, `start_datetime`, `mechanic_notes`, `status`) VALUES ('1', '3', '140', 'M6S1SCRL22A1T3Y', '0000-00-00 00:00:00', '', 0);
UPDATE `job` SET `recommendation` = ''
WHERE `job_id` = '1';
UPDATE `job_details` SET `end_datetime` = '0000-00-00 00:00:00'
WHERE `job_type_id` = '1'
AND `job_id` = '1';
UPDATE `job_details` SET `end_datetime` = '0000-00-00 00:00:00'
WHERE `job_type_id` = '3'
AND `job_id` = '1';
DELETE FROM `job_details`
WHERE `job_id` = '1';
INSERT INTO `job_details` (`job_id`, `job_type_id`, `rate`, `assign_to`, `start_datetime`, `mechanic_notes`, `status`) VALUES ('1', '1', '250', 'M6S1SCRL22A1T3Y', '2019-07-15 11:17:00', '', 3);
INSERT INTO `job_details` (`job_id`, `job_type_id`, `rate`, `assign_to`, `start_datetime`, `mechanic_notes`, `status`) VALUES ('1', '3', '140', 'M6S1SCRL22A1T3Y', '0000-00-00 00:00:00', '', 0);
INSERT INTO `job_details` (`job_id`, `job_type_id`, `rate`, `assign_to`, `start_datetime`, `mechanic_notes`, `status`) VALUES ('1', '2', '150', 'M6S1SCRL22A1T3Y', '', '', 3);
INSERT INTO `job_products_used` (`job_id`, `product_id`, `available_qty`, `rate`, `used_qty`, `mechanic_note`) VALUES ('1', '97342595', '30.00', '10000', '5', 'product mechanic note one');
UPDATE `job` SET `recommendation` = ''
WHERE `job_id` = '1';
UPDATE `job_details` SET `end_datetime` = '2019-07-15 11:18'
WHERE `job_type_id` = '1'
AND `job_id` = '1';
UPDATE `job_details` SET `end_datetime` = '0000-00-00 00:00:00'
WHERE `job_type_id` = '3'
AND `job_id` = '1';
DELETE FROM `job_details`
WHERE `job_id` = '1';
INSERT INTO `job_details` (`job_id`, `job_type_id`, `rate`, `assign_to`, `start_datetime`, `mechanic_notes`, `status`) VALUES ('1', '1', '250', 'M6S1SCRL22A1T3Y', '2019-07-15 11:17:00', 'note one', 3);
INSERT INTO `job_details` (`job_id`, `job_type_id`, `rate`, `assign_to`, `start_datetime`, `mechanic_notes`, `status`) VALUES ('1', '3', '140', 'M6S1SCRL22A1T3Y', '2019-07-15 11:21', 'note two', 1);
INSERT INTO `job_details` (`job_id`, `job_type_id`, `rate`, `assign_to`, `start_datetime`, `mechanic_notes`, `status`) VALUES ('1', '2', '150', 'M6S1SCRL22A1T3Y', '0000-00-00 00:00:00', '', 0);
DELETE FROM `job_products_used`
WHERE `job_id` = '1';
INSERT INTO `job_products_used` (`job_id`, `product_id`, `available_qty`, `rate`, `used_qty`, `mechanic_note`) VALUES ('1', '97342595', '30', '10000', '5', 'product mechanic note one');
UPDATE `job` SET `recommendation` = ''
WHERE `job_id` = '1';
UPDATE `job_details` SET `end_datetime` = '2019-07-15 11:18:00'
WHERE `job_type_id` = '1'
AND `job_id` = '1';
UPDATE `job_details` SET `end_datetime` = '0000-00-00 00:00:00'
WHERE `job_type_id` = '3'
AND `job_id` = '1';
UPDATE `job_details` SET `end_datetime` = '0000-00-00 00:00:00'
WHERE `job_type_id` = '2'
AND `job_id` = '1';
UPDATE `job_details` SET `job_id` = '1', `job_type_id` = '1', `rate` = '250', `assign_to` = 'M6S1SCRL22A1T3Y', `start_datetime` = '2019-07-15 11:17:00', `mechanic_notes` = 'note one', `status` = 3
WHERE `job_type_id` = '1'
AND `job_id` = '1';
UPDATE `job_details` SET `job_id` = '1', `job_type_id` = '3', `rate` = '140', `assign_to` = 'M6S1SCRL22A1T3Y', `start_datetime` = '2019-07-15 11:21:00', `mechanic_notes` = 'note two 8 9 10', `status` = 3
WHERE `job_type_id` = '3'
AND `job_id` = '1';
UPDATE `job_details` SET `job_id` = '1', `job_type_id` = '2', `rate` = '150', `assign_to` = 'M6S1SCRL22A1T3Y', `start_datetime` = '0000-00-00 00:00:00', `mechanic_notes` = '', `status` = 0
WHERE `job_type_id` = '2'
AND `job_id` = '1';
INSERT INTO `job_details` (`job_id`, `job_type_id`, `rate`, `assign_to`, `start_datetime`, `mechanic_notes`, `status`) VALUES ('1', '1', '250', 'M6S1SCRL22A1T3Y', '2019-07-15 11:17:00', 'note one', 3);
INSERT INTO `job_details` (`job_id`, `job_type_id`, `rate`, `assign_to`, `start_datetime`, `mechanic_notes`, `status`) VALUES ('1', '3', '140', 'M6S1SCRL22A1T3Y', '2019-07-15 11:21:00', 'note two 8 9 10', 3);
INSERT INTO `job_details` (`job_id`, `job_type_id`, `rate`, `assign_to`, `start_datetime`, `mechanic_notes`, `status`) VALUES ('1', '2', '150', 'M6S1SCRL22A1T3Y', '0000-00-00 00:00:00', '', 0);
INSERT INTO `job_details` (`job_id`, `job_type_id`, `rate`, `assign_to`, `start_datetime`, `mechanic_notes`, `status`) VALUES ('1', '3', '140', 'LAE5MKCQXKEU58Q', '', '', 3);
DELETE FROM `job_products_used`
WHERE `job_id` = '1';
INSERT INTO `job_products_used` (`job_id`, `product_id`, `available_qty`, `rate`, `used_qty`, `mechanic_note`) VALUES ('1', '97342595', '30', '10000', '5', 'product mechanic note one');
UPDATE `job` SET `recommendation` = ''
WHERE `job_id` = '1';
UPDATE `job_details` SET `end_datetime` = '2019-07-15 11:18:00'
WHERE `job_type_id` = '1'
AND `job_id` = '1';
UPDATE `job_details` SET `end_datetime` = '2019-07-15 11:39'
WHERE `job_type_id` = '3'
AND `job_id` = '1';
UPDATE `job_details` SET `end_datetime` = '0000-00-00 00:00:00'
WHERE `job_type_id` = '2'
AND `job_id` = '1';
DELETE FROM `job_details`
WHERE `job_id` = '1';
INSERT INTO `job_details` (`job_id`, `job_type_id`, `rate`, `assign_to`, `start_datetime`, `mechanic_notes`, `status`) VALUES ('1', '1', '250', 'M6S1SCRL22A1T3Y', '2019-07-15 11:17:00', 'note one', 3);
INSERT INTO `job_details` (`job_id`, `job_type_id`, `rate`, `assign_to`, `start_datetime`, `mechanic_notes`, `status`) VALUES ('1', '3', '140', 'M6S1SCRL22A1T3Y', '2019-07-15 11:21:00', 'note two 8 9 10', 3);
INSERT INTO `job_details` (`job_id`, `job_type_id`, `rate`, `assign_to`, `start_datetime`, `mechanic_notes`, `status`) VALUES ('1', '2', '150', 'M6S1SCRL22A1T3Y', '0000-00-00 00:00:00', '', 0);
DELETE FROM `job_products_used`
WHERE `job_id` = '1';
INSERT INTO `job_products_used` (`job_id`, `product_id`, `available_qty`, `rate`, `used_qty`, `mechanic_note`) VALUES ('1', '97342595', '30', '10000', '5', 'product mechanic note one');
UPDATE `job` SET `recommendation` = ''
WHERE `job_id` = '1';
UPDATE `job_details` SET `end_datetime` = '2019-07-15 11:18:00'
WHERE `job_type_id` = '1'
AND `job_id` = '1';
UPDATE `job_details` SET `end_datetime` = '2019-07-15 11:39:00'
WHERE `job_type_id` = '3'
AND `job_id` = '1';
UPDATE `job_details` SET `end_datetime` = '0000-00-00 00:00:00'
WHERE `job_type_id` = '2'
AND `job_id` = '1';
UPDATE `job` SET `odometer` = '', `hubo_meter` = '', `hour_meter` = '', `cof_wof_date` = '', `registration_date` = '', `fuel_burn` = '', `status` = '3'
WHERE `job_id` = '1';
INSERT INTO `language` (`phrase`) VALUES ('show_hide_status');
UPDATE `language` SET `english` = 'Save And Paid'
WHERE `phrase` = 'save_and_paid';
UPDATE `language` SET `english` = 'Save Changes'
WHERE `phrase` = 'save_changes';
UPDATE `language` SET `english` = 'Save successfully'
WHERE `phrase` = 'save_successfully';
UPDATE `language` SET `english` = 'Schedule'
WHERE `phrase` = 'schedule';
UPDATE `language` SET `english` = 'Schedule Datetime'
WHERE `phrase` = 'schedule_datetime';
UPDATE `language` SET `english` = 'Search'
WHERE `phrase` = 'search';
UPDATE `language` SET `english` = 'Search By Date'
WHERE `phrase` = 'search_by_date';
UPDATE `language` SET `english` = 'Search By Product'
WHERE `phrase` = 'search_by_product';
UPDATE `language` SET `english` = 'Search Customer Invoice'
WHERE `phrase` = 'search_customer';
UPDATE `language` SET `english` = 'Search Supplier'
WHERE `phrase` = 'search_supplier';
UPDATE `language` SET `english` = 'Seats'
WHERE `phrase` = 'seats';
UPDATE `language` SET `english` = 'Second Color'
WHERE `phrase` = 'second_color';
UPDATE `language` SET `english` = 'Captcha Secret Key'
WHERE `phrase` = 'secret_key';
UPDATE `language` SET `english` = 'Select Account'
WHERE `phrase` = 'select_account';
UPDATE `language` SET `english` = 'Select One'
WHERE `phrase` = 'select_one';
UPDATE `language` SET `english` = 'Select Product'
WHERE `phrase` = 'select_product';
UPDATE `language` SET `english` = 'Select Report'
WHERE `phrase` = 'select_report';
UPDATE `language` SET `english` = 'Select Supplier'
WHERE `phrase` = 'select_supplier';
UPDATE `language` SET `english` = 'Select Tax'
WHERE `phrase` = 'select_tax';
UPDATE `language` SET `english` = 'Sale Price'
WHERE `phrase` = 'sell_price';
UPDATE `language` SET `english` = 'Send'
WHERE `phrase` = 'send';
UPDATE `language` SET `english` = 'Sender ID'
WHERE `phrase` = 'sender_id';
UPDATE `language` SET `english` = 'Send to Customer'
WHERE `phrase` = 'send_to_customer';
UPDATE `language` SET `english` = 'Serial Number'
WHERE `phrase` = 'serial_no';
UPDATE `language` SET `english` = 'Service'
WHERE `phrase` = 'service';
UPDATE `language` SET `english` = 'Service Category'
WHERE `phrase` = 'service_category';
UPDATE `language` SET `english` = 'Service CSV Upload'
WHERE `phrase` = 'service_csv_upload';
UPDATE `language` SET `english` = 'Service Details'
WHERE `phrase` = 'service_details';
UPDATE `language` SET `english` = 'Service Discount'
WHERE `phrase` = 'service_discount';
UPDATE `language` SET `english` = 'Service Due'
WHERE `phrase` = 'service_due';
UPDATE `language` SET `english` = 'Service Edit'
WHERE `phrase` = 'service_edit';
UPDATE `language` SET `english` = 'Service Id'
WHERE `phrase` = 'service_id';
UPDATE `language` SET `english` = 'Service Invoice'
WHERE `phrase` = 'service_invoice';
UPDATE `language` SET `english` = 'Service Name'
WHERE `phrase` = 'service_name';
UPDATE `language` SET `english` = 'Service Rate'
WHERE `phrase` = 'service_rate';
UPDATE `language` SET `english` = 'Service Reminder'
WHERE `phrase` = 'service_reminder';
UPDATE `language` SET `english` = 'Service Type'
WHERE `phrase` = 'service_type';
UPDATE `language` SET `english` = 'Set'
WHERE `phrase` = 'set';
UPDATE `language` SET `english` = 'Setting'
WHERE `phrase` = 'setting';
UPDATE `language` SET `english` = 'Bank'
WHERE `phrase` = 'settings';
UPDATE `language` SET `english` = 'Setup'
WHERE `phrase` = 'setup';
UPDATE `language` SET `english` = 'Setup Tax'
WHERE `phrase` = 'setup_tax';
UPDATE `language` SET `english` = 'Set Default Terms'
WHERE `phrase` = 'set_default_terms';
UPDATE `language` SET `english` = 'Shedule'
WHERE `phrase` = 'shedule';
UPDATE `language` SET `english` = 'Shipping Cost'
WHERE `phrase` = 'shipping_cost';
UPDATE `language` SET `english` = 'Shipping Cost Report'
WHERE `phrase` = 'shipping_cost_report';
UPDATE `language` SET `english` = 'Show/Hide Status'
WHERE `phrase` = 'show_hide_status';
UPDATE `language` SET `english` = 'Show Job Information'
WHERE `phrase` = 'show_job_information';
UPDATE `language` SET `english` = 'Signature'
WHERE `phrase` = 'signature';
UPDATE `language` SET `english` = 'Signature Picture'
WHERE `phrase` = 'signature_pic';
UPDATE `job` SET `odometer` = '', `hubo_meter` = '', `hour_meter` = '', `cof_wof_date` = '0000-00-00', `registration_date` = '0000-00-00', `fuel_burn` = '', `status` = '3', `show_hide_status` = '1'
WHERE `job_id` = '1';
=======
INSERT INTO `booking_tbl` (`booking_time`, `title`, `booking_by`, `status`) VALUES ('2019-07-16 16:20', 'Tb', '1', 1);
>>>>>>> master
<<<<<<< HEAD
INSERT INTO `language` (`phrase`) VALUES ('create_checklist');
INSERT INTO `language` (`phrase`) VALUES ('checklist_name');
INSERT INTO `language` (`phrase`) VALUES ('view_checklist');
UPDATE `language` SET `english` = 'Closing'
WHERE `phrase` = 'closing';
UPDATE `language` SET `english` = 'Closing Account'
WHERE `phrase` = 'closing_account';
UPDATE `language` SET `english` = 'Closing Report'
WHERE `phrase` = 'closing_report';
UPDATE `language` SET `english` = 'Coa Print'
WHERE `phrase` = 'coa_print';
UPDATE `language` SET `english` = 'Code'
WHERE `phrase` = 'code';
UPDATE `language` SET `english` = 'COF Due'
WHERE `phrase` = 'cof_due';
UPDATE `language` SET `english` = 'COF/WOF Date'
WHERE `phrase` = 'cof_wof_date';
UPDATE `language` SET `english` = 'Collection'
WHERE `phrase` = 'collection';
UPDATE `language` SET `english` = 'Color'
WHERE `phrase` = 'color';
UPDATE `language` SET `english` = 'Comment'
WHERE `phrase` = 'comment';
UPDATE `language` SET `english` = 'Commission'
WHERE `phrase` = 'commission';
UPDATE `language` SET `english` = 'Commission Rate'
WHERE `phrase` = 'commission_rate';
UPDATE `language` SET `english` = 'Company Address'
WHERE `phrase` = 'company_address';
UPDATE `language` SET `english` = 'Company Details'
WHERE `phrase` = 'company_details';
UPDATE `language` SET `english` = 'Company Edit'
WHERE `phrase` = 'company_edit';
UPDATE `language` SET `english` = 'Company Email'
WHERE `phrase` = 'company_email';
UPDATE `language` SET `english` = 'Company Mobile'
WHERE `phrase` = 'company_mobile';
UPDATE `language` SET `english` = 'Company Name'
WHERE `phrase` = 'company_name';
UPDATE `language` SET `english` = 'Company Number'
WHERE `phrase` = 'company_number';
UPDATE `language` SET `english` = 'Company Phone'
WHERE `phrase` = 'company_phone';
UPDATE `language` SET `english` = 'Compnay Sales Discount'
WHERE `phrase` = 'company_sales_discount';
UPDATE `language` SET `english` = 'Company Type'
WHERE `phrase` = 'company_type';
UPDATE `language` SET `english` = 'Company Website'
WHERE `phrase` = 'company_website';
UPDATE `language` SET `english` = 'Complete'
WHERE `phrase` = 'complete';
UPDATE `language` SET `english` = 'Confirm'
WHERE `phrase` = 'confirm';
UPDATE `language` SET `english` = 'Confirm Clock'
WHERE `phrase` = 'confirm_clock';
UPDATE `language` SET `english` = 'Contact Details'
WHERE `phrase` = 'contact_details';
UPDATE `language` SET `english` = 'Contra Voucher'
WHERE `phrase` = 'contra_voucher';
UPDATE `language` SET `english` = 'Country'
WHERE `phrase` = 'country';
UPDATE `language` SET `english` = 'Country of origin'
WHERE `phrase` = 'country_of_origin';
UPDATE `language` SET `english` = 'Courtesy Vehicle Booking'
WHERE `phrase` = 'courtesy_vehicle_booking';
UPDATE `language` SET `english` = 'Courtesy Vehicle Bookins'
WHERE `phrase` = 'courtesy_vehicle_bookings';
UPDATE `language` SET `english` = 'Create'
WHERE `phrase` = 'create';
UPDATE `language` SET `english` = 'Create Account'
WHERE `phrase` = 'create_accounts';
UPDATE `language` SET `english` = 'Create Checklist'
WHERE `phrase` = 'create_checklist';
UPDATE `language` SET `english` = 'Create New Sale'
WHERE `phrase` = 'create_new_invoice';
UPDATE `language` SET `english` = 'Create POS Sale'
WHERE `phrase` = 'create_pos_invoice';
UPDATE `language` SET `english` = 'Credit'
WHERE `phrase` = 'credit';
UPDATE `language` SET `english` = 'Credit Account Head'
WHERE `phrase` = 'credit_account_head';
UPDATE `language` SET `english` = 'Credit Amount'
WHERE `phrase` = 'credit_ammount';
UPDATE `language` SET `english` = 'Credit Customer'
WHERE `phrase` = 'credit_customer';
UPDATE `language` SET `english` = 'Credit (-)'
WHERE `phrase` = 'credit_minus';
UPDATE `language` SET `english` = 'Credit Voucher'
WHERE `phrase` = 'credit_voucher';
UPDATE `language` SET `english` = 'CSV File Information'
WHERE `phrase` = 'csv_file_informaion';
UPDATE `language` SET `english` = 'Csv Upload Supplier'
WHERE `phrase` = 'csv_supplier';
UPDATE `language` SET `english` = 'Csv Upload Supplier'
WHERE `phrase` = 'csv_upload_supplier';
UPDATE `language` SET `english` = 'Currency'
WHERE `phrase` = 'currency';
UPDATE `language` SET `english` = 'Currency Symbol'
WHERE `phrase` = 'currency_icon';
UPDATE `language` SET `english` = 'Currency List'
WHERE `phrase` = 'currency_list';
UPDATE `language` SET `english` = 'Currency Name'
WHERE `phrase` = 'currency_name';
UPDATE `language` SET `english` = 'Booked By'
WHERE `phrase` = 'booked_by';
UPDATE `language` SET `english` = 'Booking Time'
WHERE `phrase` = 'bookingtime';
UPDATE `language` SET `english` = 'Branch'
WHERE `phrase` = 'branch';
UPDATE `language` SET `english` = 'Bulk Check In'
WHERE `phrase` = 'bulk_checkin';
UPDATE `language` SET `english` = 'Buying Report'
WHERE `phrase` = 'buying_report';
UPDATE `language` SET `english` = 'Calendar'
WHERE `phrase` = 'calender';
UPDATE `language` SET `english` = 'Cancel'
WHERE `phrase` = 'cancel';
UPDATE `language` SET `english` = 'Captcha'
WHERE `phrase` = 'captcha';
UPDATE `language` SET `english` = 'Cartoon'
WHERE `phrase` = 'cartoon';
UPDATE `language` SET `english` = 'Cartoon Quantity'
WHERE `phrase` = 'cartoon_quantity';
UPDATE `language` SET `english` = 'Cash'
WHERE `phrase` = 'cash';
UPDATE `language` SET `english` = 'Daily Cash Flow'
WHERE `phrase` = 'cashflow';
UPDATE `language` SET `english` = 'Cash Book'
WHERE `phrase` = 'cash_book';
UPDATE `language` SET `english` = 'Cash Book Report'
WHERE `phrase` = 'cash_book_report';
UPDATE `language` SET `english` = 'Cash Closing'
WHERE `phrase` = 'cash_closing';
UPDATE `language` SET `english` = 'Cash Flow'
WHERE `phrase` = 'cash_flow';
UPDATE `language` SET `english` = 'Cash Flow Report'
WHERE `phrase` = 'cash_flow_report';
UPDATE `language` SET `english` = 'Cash Flow Statement'
WHERE `phrase` = 'cash_flow_statement';
UPDATE `language` SET `english` = 'Cash In'
WHERE `phrase` = 'cash_in';
UPDATE `language` SET `english` = 'Cash In Hand'
WHERE `phrase` = 'cash_in_hand';
UPDATE `language` SET `english` = 'Cash Out'
WHERE `phrase` = 'cash_out';
UPDATE `language` SET `english` = 'Category'
WHERE `phrase` = 'category';
UPDATE `language` SET `english` = 'Category Csv  Upload'
WHERE `phrase` = 'category_csv_upload';
UPDATE `language` SET `english` = 'Category Edit'
WHERE `phrase` = 'category_edit';
UPDATE `language` SET `english` = 'Category ID'
WHERE `phrase` = 'category_id';
UPDATE `language` SET `english` = 'Category Name'
WHERE `phrase` = 'category_name';
UPDATE `language` SET `english` = 'Category not selected.'
WHERE `phrase` = 'category_not_selected';
UPDATE `language` SET `english` = 'Category wise purchase report'
WHERE `phrase` = 'category_wise_purchase_report';
UPDATE `language` SET `english` = 'Category wise sales report'
WHERE `phrase` = 'category_wise_sales_report';
UPDATE `language` SET `english` = 'CC Rating'
WHERE `phrase` = 'cc_rating';
UPDATE `language` SET `english` = 'Chairman'
WHERE `phrase` = 'chairman';
UPDATE `language` SET `english` = 'Change Password'
WHERE `phrase` = 'change_password';
UPDATE `language` SET `english` = 'Change your information'
WHERE `phrase` = 'change_your_information';
UPDATE `language` SET `english` = 'Change your profile'
WHERE `phrase` = 'change_your_profile';
UPDATE `language` SET `english` = 'Charge'
WHERE `phrase` = 'charge';
UPDATE `language` SET `english` = 'Checked By'
WHERE `phrase` = 'checked_by';
UPDATE `language` SET `english` = 'Check In'
WHERE `phrase` = 'checkin';
UPDATE `language` SET `english` = 'Checklist Name'
WHERE `phrase` = 'checklist_name';
UPDATE `language` SET `english` = 'Check Out'
WHERE `phrase` = 'checkout';
UPDATE `language` SET `english` = 'Check In'
WHERE `phrase` = 'check_in';
UPDATE `language` SET `english` = 'Check Return'
WHERE `phrase` = 'check_return';
UPDATE `language` SET `english` = 'Cheque'
WHERE `phrase` = 'cheque';
UPDATE `language` SET `english` = 'Cheque amount adjusted.'
WHERE `phrase` = 'cheque_ammount_asjusted';
UPDATE `language` SET `english` = 'Cheque Manager'
WHERE `phrase` = 'cheque_manager';
UPDATE `language` SET `english` = 'Cheque No'
WHERE `phrase` = 'cheque_no';
UPDATE `language` SET `english` = 'Cheque/Pay Order No'
WHERE `phrase` = 'cheque_or_pay_order_no';
UPDATE `language` SET `english` = 'Select Transaction'
WHERE `phrase` = 'choose_transaction';
UPDATE `language` SET `english` = 'City'
WHERE `phrase` = 'city';
UPDATE `language` SET `english` = 'Close'
WHERE `phrase` = 'close';
UPDATE `language` SET `english` = 'Close your account'
WHERE `phrase` = 'close_your_account';
UPDATE `language` SET `english` = 'Unit Name'
WHERE `phrase` = 'unit_name';
UPDATE `language` SET `english` = 'Unit Price'
WHERE `phrase` = 'unit_price';
UPDATE `language` SET `english` = 'Upcoming Service'
WHERE `phrase` = 'upcoming_service';
UPDATE `language` SET `english` = 'Update'
WHERE `phrase` = 'update';
UPDATE `language` SET `english` = 'Update Now'
WHERE `phrase` = 'update_now';
UPDATE `language` SET `english` = 'Update Profile'
WHERE `phrase` = 'update_profile';
UPDATE `language` SET `english` = 'Update Service Invoice'
WHERE `phrase` = 'update_service_invoice';
UPDATE `language` SET `english` = 'Update Setting'
WHERE `phrase` = 'update_setting';
UPDATE `language` SET `english` = 'Successfully Updated'
WHERE `phrase` = 'update_successfully';
UPDATE `language` SET `english` = 'Update Transaction'
WHERE `phrase` = 'update_transaction';
UPDATE `language` SET `english` = 'Update your web setting'
WHERE `phrase` = 'update_your_web_setting';
UPDATE `language` SET `english` = 'Upload CSV File'
WHERE `phrase` = 'upload_csv_file';
UPDATE `language` SET `english` = 'Upload successfully'
WHERE `phrase` = 'upload_successfully';
UPDATE `language` SET `english` = 'URL'
WHERE `phrase` = 'url';
UPDATE `language` SET `english` = 'Usability'
WHERE `phrase` = 'usablilties';
UPDATE `language` SET `english` = 'Used Quantity'
WHERE `phrase` = 'used_quantity';
UPDATE `language` SET `english` = 'User'
WHERE `phrase` = 'user';
UPDATE `language` SET `english` = 'User Name'
WHERE `phrase` = 'username';
UPDATE `language` SET `english` = 'User Assign Role'
WHERE `phrase` = 'user_assign_role';
UPDATE `language` SET `english` = 'User Edit'
WHERE `phrase` = 'user_edit';
UPDATE `language` SET `english` = 'User Name'
WHERE `phrase` = 'user_name';
UPDATE `language` SET `english` = 'User Profile'
WHERE `phrase` = 'user_profile';
UPDATE `language` SET `english` = 'User Type'
WHERE `phrase` = 'user_type';
UPDATE `language` SET `english` = 'User Wise Sales Report'
WHERE `phrase` = 'user_wise_sales_report';
UPDATE `language` SET `english` = 'User Wise Sales Report'
WHERE `phrase` = 'user_wise_sale_report';
UPDATE `language` SET `english` = 'Vat'
WHERE `phrase` = 'vat';
UPDATE `language` SET `english` = 'Vehicles'
WHERE `phrase` = 'vehicles';
UPDATE `language` SET `english` = 'Vehicle Registration'
WHERE `phrase` = 'vehicle_registration';
UPDATE `language` SET `english` = 'Vehicle Type'
WHERE `phrase` = 'vehicle_type';
UPDATE `language` SET `english` = 'View Checklist'
WHERE `phrase` = 'view_checklist';
UPDATE `language` SET `english` = 'VIN'
WHERE `phrase` = 'vin';
UPDATE `language` SET `english` = 'Vouchar Approval'
WHERE `phrase` = 'voucher_approval';
UPDATE `language` SET `english` = 'Voucher No'
WHERE `phrase` = 'voucher_no';
UPDATE `language` SET `english` = 'Voucher Type'
WHERE `phrase` = 'voucher_type';
UPDATE `language` SET `english` = 'Wastage'
WHERE `phrase` = 'wastage';
UPDATE `language` SET `english` = 'Wastage List'
WHERE `phrase` = 'wastage_list';
UPDATE `language` SET `english` = 'Wastage Return List'
WHERE `phrase` = 'wastage_return_list';
UPDATE `language` SET `english` = 'Website'
WHERE `phrase` = 'website';
UPDATE `language` SET `english` = 'Software Settings'
WHERE `phrase` = 'web_settings';
UPDATE `language` SET `english` = 'Wheelbase'
WHERE `phrase` = 'wheelbase';
UPDATE `language` SET `english` = 'Withdraw / Deposite ID'
WHERE `phrase` = 'withdraw_deposite_id';
UPDATE `language` SET `english` = 'With Details'
WHERE `phrase` = 'with_details';
UPDATE `language` SET `english` = 'Working Period'
WHERE `phrase` = 'working_period';
UPDATE `language` SET `english` = 'Workshop Efficiency Report'
WHERE `phrase` = 'workshop_efficiency_report';
UPDATE `language` SET `english` = 'Work Hours'
WHERE `phrase` = 'work_hour';
UPDATE `language` SET `english` = 'Work Order'
WHERE `phrase` = 'work_order';
UPDATE `language` SET `english` = 'Work Order No'
WHERE `phrase` = 'work_order_no';
UPDATE `language` SET `english` = 'Work Report'
WHERE `phrase` = 'work_report';
UPDATE `language` SET `english` = 'Wrong User Name Or Password !'
WHERE `phrase` = 'wrong_username_or_password';
UPDATE `language` SET `english` = 'Year'
WHERE `phrase` = 'year';
INSERT INTO `job_type` (`job_category_id`, `job_type_name`, `job_type_rate`, `standard_timing`, `create_by`, `create_date`, `status`) VALUES ('2', 'Clutch & Brake Fluid Level', '', '', '1', '2019-07-15', 1);
INSERT INTO `job_type` (`job_category_id`, `job_type_name`, `job_type_rate`, `standard_timing`, `create_by`, `create_date`, `status`) VALUES ('2', 'Cooling Systems & Test Conditioner', '', '', '1', '2019-07-15', 1);
INSERT INTO `job_type` (`job_category_id`, `job_type_name`, `job_type_rate`, `standard_timing`, `create_by`, `create_date`, `status`) VALUES ('2', 'Diff & Final Drives Oil Level', '', '', '1', '2019-07-15', 1);
INSERT INTO `job_type` (`job_category_id`, `job_type_name`, `job_type_rate`, `standard_timing`, `create_by`, `create_date`, `status`) VALUES ('2', 'Engine Oil Level', '', '', '1', '2019-07-15', 1);
INSERT INTO `job_type` (`job_category_id`, `job_type_name`, `job_type_rate`, `standard_timing`, `create_by`, `create_date`, `status`) VALUES ('2', 'Power Steering Fluid Level', '80', '', '1', '2019-07-15', 1);
INSERT INTO `job_type` (`job_category_id`, `job_type_name`, `job_type_rate`, `standard_timing`, `create_by`, `create_date`, `status`) VALUES ('2', 'Transmission Oil Level', '90', '', '1', '2019-07-15', 1);
UPDATE `job_type` SET `job_category_id` = '2', `job_type_name` = 'Engine Oil Level', `job_type_rate` = '40', `standard_timing` = '', `update_by` = '1', `update_date` = '2019-07-15', `status` = 1
WHERE `job_type_id` = '7';
UPDATE `job_type` SET `job_category_id` = '2', `job_type_name` = 'Diff & Final Drives Oil Level', `job_type_rate` = '50', `standard_timing` = '', `update_by` = '1', `update_date` = '2019-07-15', `status` = 1
WHERE `job_type_id` = '6';
UPDATE `job_type` SET `job_category_id` = '2', `job_type_name` = 'Cooling Systems & Test Conditioner', `job_type_rate` = '60', `standard_timing` = '', `update_by` = '1', `update_date` = '2019-07-15', `status` = 1
WHERE `job_type_id` = '5';
INSERT INTO `job_type` (`job_category_id`, `job_type_name`, `job_type_rate`, `standard_timing`, `create_by`, `create_date`, `status`) VALUES ('2', 'Window Washer Levels', '100', '', '1', '2019-07-15', 1);
INSERT INTO `job_type` (`job_category_id`, `job_type_name`, `job_type_rate`, `standard_timing`, `create_by`, `create_date`, `status`) VALUES ('3', 'Check & Adjust Brakes', '25', '', '1', '2019-07-15', 1);
INSERT INTO `job_type` (`job_category_id`, `job_type_name`, `job_type_rate`, `standard_timing`, `create_by`, `create_date`, `status`) VALUES ('3', 'Check & Adjust Clutch', '30', '', '1', '2019-07-15', 1);
INSERT INTO `job_type` (`job_category_id`, `job_type_name`, `job_type_rate`, `standard_timing`, `create_by`, `create_date`, `status`) VALUES ('3', 'Check & Re-pack Front Wheel Bearings', '', '', '1', '2019-07-15', 1);
INSERT INTO `job_type` (`job_category_id`, `job_type_name`, `job_type_rate`, `standard_timing`, `create_by`, `create_date`, `status`) VALUES ('3', 'Check Kingpins', '80', '', '1', '2019-07-15', 1);
INSERT INTO `job_type` (`job_category_id`, `job_type_name`, `job_type_rate`, `standard_timing`, `create_by`, `create_date`, `status`) VALUES ('3', 'Cross Members  Cracks/ Loose', '90', '', '1', '2019-07-15', 1);
=======
INSERT INTO `language` (`phrase`) VALUES ('show_hide_status');
UPDATE `language` SET `english` = 'Save Changes'
WHERE `phrase` = 'save_changes';
UPDATE `language` SET `english` = 'Save successfully'
WHERE `phrase` = 'save_successfully';
UPDATE `language` SET `english` = 'Schedule'
WHERE `phrase` = 'schedule';
UPDATE `language` SET `english` = 'Schedule Datetime'
WHERE `phrase` = 'schedule_datetime';
UPDATE `language` SET `english` = 'Search'
WHERE `phrase` = 'search';
UPDATE `language` SET `english` = 'Search By Date'
WHERE `phrase` = 'search_by_date';
UPDATE `language` SET `english` = 'Search By Product'
WHERE `phrase` = 'search_by_product';
UPDATE `language` SET `english` = 'Search Customer Invoice'
WHERE `phrase` = 'search_customer';
UPDATE `language` SET `english` = 'Search Supplier'
WHERE `phrase` = 'search_supplier';
UPDATE `language` SET `english` = 'Seats'
WHERE `phrase` = 'seats';
UPDATE `language` SET `english` = 'Second Color'
WHERE `phrase` = 'second_color';
UPDATE `language` SET `english` = 'Captcha Secret Key'
WHERE `phrase` = 'secret_key';
UPDATE `language` SET `english` = 'Select Account'
WHERE `phrase` = 'select_account';
UPDATE `language` SET `english` = 'Select One'
WHERE `phrase` = 'select_one';
UPDATE `language` SET `english` = 'Select Product'
WHERE `phrase` = 'select_product';
UPDATE `language` SET `english` = 'Select Report'
WHERE `phrase` = 'select_report';
UPDATE `language` SET `english` = 'Select Supplier'
WHERE `phrase` = 'select_supplier';
UPDATE `language` SET `english` = 'Select Tax'
WHERE `phrase` = 'select_tax';
UPDATE `language` SET `english` = 'Sale Price'
WHERE `phrase` = 'sell_price';
UPDATE `language` SET `english` = 'Send'
WHERE `phrase` = 'send';
UPDATE `language` SET `english` = 'Sender ID'
WHERE `phrase` = 'sender_id';
UPDATE `language` SET `english` = 'Serial Number'
WHERE `phrase` = 'serial_no';
UPDATE `language` SET `english` = 'Service'
WHERE `phrase` = 'service';
UPDATE `language` SET `english` = 'Service Category'
WHERE `phrase` = 'service_category';
UPDATE `language` SET `english` = 'Service CSV Upload'
WHERE `phrase` = 'service_csv_upload';
UPDATE `language` SET `english` = 'Service Details'
WHERE `phrase` = 'service_details';
UPDATE `language` SET `english` = 'Service Discount'
WHERE `phrase` = 'service_discount';
UPDATE `language` SET `english` = 'Service Due'
WHERE `phrase` = 'service_due';
UPDATE `language` SET `english` = 'Service Edit'
WHERE `phrase` = 'service_edit';
UPDATE `language` SET `english` = 'Service Id'
WHERE `phrase` = 'service_id';
UPDATE `language` SET `english` = 'Service Invoice'
WHERE `phrase` = 'service_invoice';
UPDATE `language` SET `english` = 'Service Name'
WHERE `phrase` = 'service_name';
UPDATE `language` SET `english` = 'Service Rate'
WHERE `phrase` = 'service_rate';
UPDATE `language` SET `english` = 'Service Reminder'
WHERE `phrase` = 'service_reminder';
UPDATE `language` SET `english` = 'Service Type'
WHERE `phrase` = 'service_type';
UPDATE `language` SET `english` = 'Set'
WHERE `phrase` = 'set';
UPDATE `language` SET `english` = 'Setting'
WHERE `phrase` = 'setting';
UPDATE `language` SET `english` = 'Bank'
WHERE `phrase` = 'settings';
UPDATE `language` SET `english` = 'Setup'
WHERE `phrase` = 'setup';
UPDATE `language` SET `english` = 'Setup Tax'
WHERE `phrase` = 'setup_tax';
UPDATE `language` SET `english` = 'Set Default Terms'
WHERE `phrase` = 'set_default_terms';
UPDATE `language` SET `english` = 'Shedule'
WHERE `phrase` = 'shedule';
UPDATE `language` SET `english` = 'Shipping Cost'
WHERE `phrase` = 'shipping_cost';
UPDATE `language` SET `english` = 'Shipping Cost Report'
WHERE `phrase` = 'shipping_cost_report';
UPDATE `language` SET `english` = 'Show/Hide Status'
WHERE `phrase` = 'show_hide_status';
UPDATE `language` SET `english` = 'Show Job Information'
WHERE `phrase` = 'show_job_information';
UPDATE `language` SET `english` = 'Signature'
WHERE `phrase` = 'signature';
UPDATE `language` SET `english` = 'Signature Picture'
WHERE `phrase` = 'signature_pic';
UPDATE `language` SET `english` = 'Sign In'
WHERE `phrase` = 'sign_in';
UPDATE `language` SET `english` = 'Sign Out'
WHERE `phrase` = 'sign_out';
INSERT INTO `language` (`phrase`) VALUES ('send_to_customer');
UPDATE `language` SET `english` = 'Save Changes'
WHERE `phrase` = 'save_changes';
UPDATE `language` SET `english` = 'Save successfully'
WHERE `phrase` = 'save_successfully';
UPDATE `language` SET `english` = 'Schedule'
WHERE `phrase` = 'schedule';
UPDATE `language` SET `english` = 'Schedule Datetime'
WHERE `phrase` = 'schedule_datetime';
UPDATE `language` SET `english` = 'Search'
WHERE `phrase` = 'search';
UPDATE `language` SET `english` = 'Search By Date'
WHERE `phrase` = 'search_by_date';
UPDATE `language` SET `english` = 'Search By Product'
WHERE `phrase` = 'search_by_product';
UPDATE `language` SET `english` = 'Search Customer Invoice'
WHERE `phrase` = 'search_customer';
UPDATE `language` SET `english` = 'Search Supplier'
WHERE `phrase` = 'search_supplier';
UPDATE `language` SET `english` = 'Seats'
WHERE `phrase` = 'seats';
UPDATE `language` SET `english` = 'Second Color'
WHERE `phrase` = 'second_color';
UPDATE `language` SET `english` = 'Captcha Secret Key'
WHERE `phrase` = 'secret_key';
UPDATE `language` SET `english` = 'Select Account'
WHERE `phrase` = 'select_account';
UPDATE `language` SET `english` = 'Select One'
WHERE `phrase` = 'select_one';
UPDATE `language` SET `english` = 'Select Product'
WHERE `phrase` = 'select_product';
UPDATE `language` SET `english` = 'Select Report'
WHERE `phrase` = 'select_report';
UPDATE `language` SET `english` = 'Select Supplier'
WHERE `phrase` = 'select_supplier';
UPDATE `language` SET `english` = 'Select Tax'
WHERE `phrase` = 'select_tax';
UPDATE `language` SET `english` = 'Sale Price'
WHERE `phrase` = 'sell_price';
UPDATE `language` SET `english` = 'Send'
WHERE `phrase` = 'send';
UPDATE `language` SET `english` = 'Sender ID'
WHERE `phrase` = 'sender_id';
UPDATE `language` SET `english` = 'Sent To Customer'
WHERE `phrase` = 'send_to_customer';
UPDATE `language` SET `english` = 'Serial Number'
WHERE `phrase` = 'serial_no';
UPDATE `language` SET `english` = 'Service'
WHERE `phrase` = 'service';
UPDATE `language` SET `english` = 'Service Category'
WHERE `phrase` = 'service_category';
UPDATE `language` SET `english` = 'Service CSV Upload'
WHERE `phrase` = 'service_csv_upload';
UPDATE `language` SET `english` = 'Service Details'
WHERE `phrase` = 'service_details';
UPDATE `language` SET `english` = 'Service Discount'
WHERE `phrase` = 'service_discount';
UPDATE `language` SET `english` = 'Service Due'
WHERE `phrase` = 'service_due';
UPDATE `language` SET `english` = 'Service Edit'
WHERE `phrase` = 'service_edit';
UPDATE `language` SET `english` = 'Service Id'
WHERE `phrase` = 'service_id';
UPDATE `language` SET `english` = 'Service Invoice'
WHERE `phrase` = 'service_invoice';
UPDATE `language` SET `english` = 'Service Name'
WHERE `phrase` = 'service_name';
UPDATE `language` SET `english` = 'Service Rate'
WHERE `phrase` = 'service_rate';
UPDATE `language` SET `english` = 'Service Reminder'
WHERE `phrase` = 'service_reminder';
UPDATE `language` SET `english` = 'Service Type'
WHERE `phrase` = 'service_type';
UPDATE `language` SET `english` = 'Set'
WHERE `phrase` = 'set';
UPDATE `language` SET `english` = 'Setting'
WHERE `phrase` = 'setting';
UPDATE `language` SET `english` = 'Bank'
WHERE `phrase` = 'settings';
UPDATE `language` SET `english` = 'Setup'
WHERE `phrase` = 'setup';
UPDATE `language` SET `english` = 'Setup Tax'
WHERE `phrase` = 'setup_tax';
UPDATE `language` SET `english` = 'Set Default Terms'
WHERE `phrase` = 'set_default_terms';
UPDATE `language` SET `english` = 'Shedule'
WHERE `phrase` = 'shedule';
UPDATE `language` SET `english` = 'Shipping Cost'
WHERE `phrase` = 'shipping_cost';
UPDATE `language` SET `english` = 'Shipping Cost Report'
WHERE `phrase` = 'shipping_cost_report';
UPDATE `language` SET `english` = 'Show/Hide Status'
WHERE `phrase` = 'show_hide_status';
UPDATE `language` SET `english` = 'Show Job Information'
WHERE `phrase` = 'show_job_information';
UPDATE `language` SET `english` = 'Signature'
WHERE `phrase` = 'signature';
UPDATE `language` SET `english` = 'Signature Picture'
WHERE `phrase` = 'signature_pic';
UPDATE `language` SET `english` = 'Sign In'
WHERE `phrase` = 'sign_in';
>>>>>>> master
UPDATE `job_type` SET `job_category_id` = '3', `job_type_name` = 'Cross Members  Cracks/ Loose', `job_type_rate` = '90', `standard_timing` = '1:30pm', `update_by` = '1', `update_date` = '2019-07-16', `status` = 1
WHERE `job_type_id` = '15';
UPDATE `job_type` SET `job_category_id` = '3', `job_type_name` = 'Cross Members  Cracks/ Loose', `job_type_rate` = '90', `standard_timing` = '2:00pm', `update_by` = '1', `update_date` = '2019-07-16', `status` = 1
WHERE `job_type_id` = '15';
INSERT INTO `nspection` (`inspection_name`, `create_by`, `create_date`) VALUES ('Inspection One', '1', '2019-07-16');
INSERT INTO `inspection` (`inspection_name`, `create_by`, `create_date`) VALUES ('Inspection One', '1', '2019-07-16');
INSERT INTO `inspection_list` (`inspection_id`, `category_id`, `job_type_id`) VALUES (1, '1', '2');
INSERT INTO `inspection_list` (`inspection_id`, `category_id`, `job_type_id`) VALUES (1, '3', '11');
INSERT INTO `inspection_list` (`inspection_id`, `category_id`, `job_type_id`) VALUES (1, '2', '13');
INSERT INTO `inspection` (`inspection_name`, `create_by`, `create_date`) VALUES ('Inspection One', '1', '2019-07-16');
INSERT INTO `inspection_list` (`inspection_id`, `category_id`, `job_type_id`) VALUES (1, '1', '2');
INSERT INTO `inspection_list` (`inspection_id`, `category_id`, `job_type_id`) VALUES (1, '3', '11');
INSERT INTO `inspection_list` (`inspection_id`, `category_id`, `job_type_id`) VALUES (1, '2', '13');
INSERT INTO `inspection_list` (`inspection_id`, `category_id`, `job_type_id`) VALUES (1, NULL, '1');
INSERT INTO `inspection` (`inspection_name`, `create_by`, `create_date`) VALUES ('Inspection One', '1', '2019-07-16');
INSERT INTO `inspection_list` (`inspection_id`, `category_id`, `job_type_id`) VALUES (1, '1', '2');
INSERT INTO `inspection_list` (`inspection_id`, `category_id`, `job_type_id`) VALUES (1, '3', '11');
INSERT INTO `inspection_list` (`inspection_id`, `category_id`, `job_type_id`) VALUES (1, '2', '13');
INSERT INTO `inspection_list` (`inspection_id`, `category_id`, `job_type_id`) VALUES (1, NULL, '1');
INSERT INTO `inspection` (`inspection_name`, `create_by`, `create_date`) VALUES ('aa', '1', '2019-07-16');
INSERT INTO `inspection_list` (`inspection_id`, `category_id`, `job_type_id`) VALUES (2, '3', '1');
INSERT INTO `inspection_list` (`inspection_id`, `category_id`, `job_type_id`) VALUES (2, '2', '3');
INSERT INTO `inspection` (`inspection_name`, `create_by`, `create_date`) VALUES ('test', '1', '2019-07-16');
INSERT INTO `inspection` (`inspection_name`, `create_by`, `create_date`) VALUES ('test', '1', '2019-07-16');
INSERT INTO `inspection` (`inspection_name`, `create_by`, `create_date`) VALUES ('asd', '1', '2019-07-16');
INSERT INTO `inspection` (`inspection_name`, `create_by`, `create_date`) VALUES ('asd', '1', '2019-07-16');
INSERT INTO `inspection` (`inspection_name`, `create_by`, `create_date`) VALUES ('adf', '1', '2019-07-16');
INSERT INTO `inspection` (`inspection_name`, `create_by`, `create_date`) VALUES ('adf', '1', '2019-07-16');
INSERT INTO `inspection` (`inspection_name`, `create_by`, `create_date`) VALUES ('adf', '1', '2019-07-16');
INSERT INTO `inspection_list` (`inspection_id`, `category_id`, `job_type_id`) VALUES (1, '3', '12');
INSERT INTO `inspection_list` (`inspection_id`, `category_id`, `job_type_id`) VALUES (1, '3', '13');
INSERT INTO `inspection_list` (`inspection_id`, `category_id`, `job_type_id`) VALUES (1, '3', '15');
INSERT INTO `inspection_list` (`inspection_id`, `category_id`, `job_type_id`) VALUES (1, '2', '3');
INSERT INTO `inspection_list` (`inspection_id`, `category_id`, `job_type_id`) VALUES (1, '2', '4');
INSERT INTO `inspection_list` (`inspection_id`, `category_id`, `job_type_id`) VALUES (1, '2', '7');
INSERT INTO `inspection_list` (`inspection_id`, `category_id`, `job_type_id`) VALUES (1, '2', '9');
INSERT INTO `inspection_list` (`inspection_id`, `category_id`, `job_type_id`) VALUES (1, '2', '10');
INSERT INTO `inspection` (`inspection_name`, `create_by`, `create_date`) VALUES ('Inspection One', '1', '2019-07-16');
INSERT INTO `inspection_list` (`inspection_id`, `category_id`, `job_type_id`) VALUES (1, '1', '2');
INSERT INTO `inspection_list` (`inspection_id`, `category_id`, `job_type_id`) VALUES (1, '3', '11');
INSERT INTO `inspection_list` (`inspection_id`, `category_id`, `job_type_id`) VALUES (1, '3', '12');
INSERT INTO `inspection_list` (`inspection_id`, `category_id`, `job_type_id`) VALUES (1, '3', '13');
INSERT INTO `inspection` (`inspection_name`, `create_by`, `create_date`) VALUES ('Inspection Two', '1', '2019-07-16');
INSERT INTO `inspection_list` (`inspection_id`, `category_id`, `job_type_id`) VALUES (2, '3', '11');
INSERT INTO `inspection_list` (`inspection_id`, `category_id`, `job_type_id`) VALUES (2, '3', '12');
INSERT INTO `inspection_list` (`inspection_id`, `category_id`, `job_type_id`) VALUES (2, '3', '13');
INSERT INTO `inspection_list` (`inspection_id`, `category_id`, `job_type_id`) VALUES (2, '2', '1');
INSERT INTO `inspection_list` (`inspection_id`, `category_id`, `job_type_id`) VALUES (2, '2', '4');
INSERT INTO `inspection_list` (`inspection_id`, `category_id`, `job_type_id`) VALUES (2, '2', '6');
INSERT INTO `inspection_list` (`inspection_id`, `category_id`, `job_type_id`) VALUES (2, '2', '8');
INSERT INTO `inspection_list` (`inspection_id`, `category_id`, `job_type_id`) VALUES (2, '2', '10');
INSERT INTO `inspection` (`inspection_name`, `create_by`, `create_date`) VALUES ('Inspection Three', '1', '2019-07-16');
INSERT INTO `inspection_list` (`inspection_id`, `category_id`, `job_type_id`) VALUES (3, '1', '2');
INSERT INTO `inspection_list` (`inspection_id`, `category_id`, `job_type_id`) VALUES (3, '3', '11');
INSERT INTO `inspection_list` (`inspection_id`, `category_id`, `job_type_id`) VALUES (3, '3', '12');
INSERT INTO `inspection_list` (`inspection_id`, `category_id`, `job_type_id`) VALUES (3, '2', '1');
INSERT INTO `inspection_list` (`inspection_id`, `category_id`, `job_type_id`) VALUES (3, '2', '3');
INSERT INTO `inspection_list` (`inspection_id`, `category_id`, `job_type_id`) VALUES (3, '2', '4');
UPDATE `inspection` SET `inspection_name` = 'Inspection One', `update_by` = '1', `update_date` = '2019-07-17'
WHERE `inspection_id` = '1';
DELETE FROM `inspection_list`
WHERE `inspection_id` = '1';
INSERT INTO `inspection_list` (`inspection_id`, `category_id`, `job_type_id`) VALUES ('1', '1', 'on');
INSERT INTO `inspection_list` (`inspection_id`, `category_id`, `job_type_id`) VALUES ('1', '3', 'on');
INSERT INTO `inspection_list` (`inspection_id`, `category_id`, `job_type_id`) VALUES ('1', '3', 'on');
INSERT INTO `inspection_list` (`inspection_id`, `category_id`, `job_type_id`) VALUES ('1', '3', 'on');
INSERT INTO `inspection_list` (`inspection_id`, `category_id`, `job_type_id`) VALUES ('1', '3', 'on');
INSERT INTO `inspection_list` (`inspection_id`, `category_id`, `job_type_id`) VALUES ('1', '3', 'on');
INSERT INTO `inspection_list` (`inspection_id`, `category_id`, `job_type_id`) VALUES ('1', '2', '1');
INSERT INTO `inspection_list` (`inspection_id`, `category_id`, `job_type_id`) VALUES ('1', '2', '3');
UPDATE `inspection` SET `inspection_name` = 'Inspection One', `update_by` = '1', `update_date` = '2019-07-17'
WHERE `inspection_id` = '1';
DELETE FROM `inspection_list`
WHERE `inspection_id` = '1';
INSERT INTO `inspection_list` (`inspection_id`, `category_id`, `job_type_id`) VALUES ('1', '1', '2');
INSERT INTO `inspection_list` (`inspection_id`, `category_id`, `job_type_id`) VALUES ('1', '3', '11');
INSERT INTO `inspection_list` (`inspection_id`, `category_id`, `job_type_id`) VALUES ('1', '3', '12');
INSERT INTO `inspection_list` (`inspection_id`, `category_id`, `job_type_id`) VALUES ('1', '2', '9');
INSERT INTO `inspection_list` (`inspection_id`, `category_id`, `job_type_id`) VALUES ('1', '2', '10');
UPDATE `inspection` SET `inspection_name` = 'Inspection One', `update_by` = '1', `update_date` = '2019-07-17'
WHERE `inspection_id` = '1';
DELETE FROM `inspection_list`
WHERE `inspection_id` = '1';
INSERT INTO `inspection_list` (`inspection_id`, `category_id`, `job_type_id`) VALUES ('1', '1', '2');
INSERT INTO `inspection_list` (`inspection_id`, `category_id`, `job_type_id`) VALUES ('1', '2', '1');
INSERT INTO `inspection_list` (`inspection_id`, `category_id`, `job_type_id`) VALUES ('1', '2', '4');
INSERT INTO `inspection_list` (`inspection_id`, `category_id`, `job_type_id`) VALUES ('1', '2', '6');
INSERT INTO `inspection_list` (`inspection_id`, `category_id`, `job_type_id`) VALUES ('1', '2', '8');
INSERT INTO `inspection_list` (`inspection_id`, `category_id`, `job_type_id`) VALUES ('1', '2', '9');
INSERT INTO `inspection_list` (`inspection_id`, `category_id`, `job_type_id`) VALUES ('1', '2', '10');
INSERT INTO `inspection_list` (`inspection_id`, `category_id`, `job_type_id`) VALUES ('1', '3', '11');
INSERT INTO `inspection_list` (`inspection_id`, `category_id`, `job_type_id`) VALUES ('1', '3', '12');
UPDATE `inspection` SET `inspection_name` = 'Inspection One', `update_by` = '1', `update_date` = '2019-07-17'
WHERE `inspection_id` = '1';
DELETE FROM `inspection_list`
WHERE `inspection_id` = '1';
INSERT INTO `inspection_list` (`inspection_id`, `category_id`, `job_type_id`) VALUES ('1', '1', '2');
INSERT INTO `inspection_list` (`inspection_id`, `category_id`, `job_type_id`) VALUES ('1', '2', '1');
INSERT INTO `inspection_list` (`inspection_id`, `category_id`, `job_type_id`) VALUES ('1', '2', '3');
INSERT INTO `inspection_list` (`inspection_id`, `category_id`, `job_type_id`) VALUES ('1', '2', '4');
INSERT INTO `inspection_list` (`inspection_id`, `category_id`, `job_type_id`) VALUES ('1', '2', '6');
INSERT INTO `inspection_list` (`inspection_id`, `category_id`, `job_type_id`) VALUES ('1', '2', '8');
INSERT INTO `inspection_list` (`inspection_id`, `category_id`, `job_type_id`) VALUES ('1', '2', '10');
INSERT INTO `inspection_list` (`inspection_id`, `category_id`, `job_type_id`) VALUES ('1', '3', '11');
INSERT INTO `inspection_list` (`inspection_id`, `category_id`, `job_type_id`) VALUES ('1', '3', '12');
DELETE FROM `job_details`
WHERE `job_id` = '1';
INSERT INTO `job_details` (`job_id`, `job_type_id`, `rate`, `assign_to`, `start_datetime`, `mechanic_notes`, `status`) VALUES ('1', '1', '250', 'M6S1SCRL22A1T3Y', '2019-07-15 11:17:00', 'note one', '2');
INSERT INTO `job_details` (`job_id`, `job_type_id`, `rate`, `assign_to`, `start_datetime`, `mechanic_notes`, `status`) VALUES ('1', '3', '140', 'M6S1SCRL22A1T3Y', '2019-07-15 11:21:00', 'note two 8 9 10', 3);
INSERT INTO `job_details` (`job_id`, `job_type_id`, `rate`, `assign_to`, `start_datetime`, `mechanic_notes`, `status`) VALUES ('1', '2', '150', 'M6S1SCRL22A1T3Y', '0000-00-00 00:00:00', '', 0);
DELETE FROM `job_products_used`
WHERE `job_id` = '1';
INSERT INTO `job_products_used` (`job_id`, `product_id`, `available_qty`, `rate`, `used_qty`, `mechanic_note`) VALUES ('1', '97342595', '30', '10000', '5', 'product mechanic note one');
UPDATE `job` SET `recommendation` = ''
WHERE `job_id` = '1';
UPDATE `job_details` SET `end_datetime` = '2019-07-15 11:18:00'
WHERE `job_type_id` = '1'
AND `job_id` = '1';
UPDATE `job_details` SET `end_datetime` = '2019-07-15 11:39:00'
WHERE `job_type_id` = '3'
AND `job_id` = '1';
UPDATE `job_details` SET `end_datetime` = '0000-00-00 00:00:00'
WHERE `job_type_id` = '2'
AND `job_id` = '1';
DELETE FROM `job_details`
WHERE `job_id` = '1';
INSERT INTO `job_details` (`job_id`, `job_type_id`, `rate`, `assign_to`, `start_datetime`, `mechanic_notes`, `status`) VALUES ('1', '1', '250', 'M6S1SCRL22A1T3Y', '2019-07-15 11:17:00', 'note one', '2');
INSERT INTO `job_details` (`job_id`, `job_type_id`, `rate`, `assign_to`, `start_datetime`, `mechanic_notes`, `status`) VALUES ('1', '3', '140', 'M6S1SCRL22A1T3Y', '2019-07-15 11:21:00', 'note two 8 9 10', '2');
INSERT INTO `job_details` (`job_id`, `job_type_id`, `rate`, `assign_to`, `start_datetime`, `mechanic_notes`, `status`) VALUES ('1', '2', '150', 'M6S1SCRL22A1T3Y', '0000-00-00 00:00:00', '', 0);
DELETE FROM `job_products_used`
WHERE `job_id` = '1';
INSERT INTO `job_products_used` (`job_id`, `product_id`, `available_qty`, `rate`, `used_qty`, `mechanic_note`) VALUES ('1', '97342595', '30', '10000', '5', 'product mechanic note one');
UPDATE `job` SET `recommendation` = ''
WHERE `job_id` = '1';
UPDATE `job_details` SET `end_datetime` = '2019-07-15 11:18:00'
WHERE `job_type_id` = '1'
AND `job_id` = '1';
UPDATE `job_details` SET `end_datetime` = '2019-07-15 11:39:00'
WHERE `job_type_id` = '3'
AND `job_id` = '1';
UPDATE `job_details` SET `end_datetime` = '0000-00-00 00:00:00'
WHERE `job_type_id` = '2'
AND `job_id` = '1';
INSERT INTO `job_details` (`job_id`, `job_type_id`, `rate`, `assign_to`, `start_datetime`, `mechanic_notes`, `status`) VALUES ('1', '1', '250', 'M6S1SCRL22A1T3Y', '2019-07-15 11:17:00', 'note one', '2');
INSERT INTO `job_details` (`job_id`, `job_type_id`, `rate`, `assign_to`, `start_datetime`, `mechanic_notes`, `status`) VALUES ('1', '3', '140', 'M6S1SCRL22A1T3Y', '2019-07-15 11:21:00', 'note two 8 9 10', 3);
INSERT INTO `job_details` (`job_id`, `job_type_id`, `rate`, `assign_to`, `start_datetime`, `mechanic_notes`, `status`) VALUES ('1', '2', '150', 'M6S1SCRL22A1T3Y', '0000-00-00 00:00:00', '', 0);
DELETE FROM `job_details`
WHERE `job_id` = '1';
INSERT INTO `job_details` (`job_id`, `job_type_id`, `rate`, `assign_to`, `start_datetime`, `mechanic_notes`, `status`) VALUES ('1', '1', '250', 'M6S1SCRL22A1T3Y', '2019-07-15 11:17:00', 'note one', '2');
INSERT INTO `job_details` (`job_id`, `job_type_id`, `rate`, `assign_to`, `start_datetime`, `mechanic_notes`, `status`) VALUES ('1', '3', '140', 'M6S1SCRL22A1T3Y', '2019-07-15 11:21:00', 'note two 8 9 10', 3);
INSERT INTO `job_details` (`job_id`, `job_type_id`, `rate`, `assign_to`, `start_datetime`, `mechanic_notes`, `status`) VALUES ('1', '2', '150', 'M6S1SCRL22A1T3Y', '0000-00-00 00:00:00', '', 0);
DELETE FROM `job_products_used`
WHERE `job_id` = '1';
INSERT INTO `job_products_used` (`job_id`, `product_id`, `available_qty`, `rate`, `used_qty`, `mechanic_note`) VALUES ('1', '97342595', '30', '10000', '5', 'product mechanic note one');
UPDATE `job` SET `recommendation` = 'test'
WHERE `job_id` = '1';
UPDATE `job_details` SET `end_datetime` = '2019-07-15 11:18:00'
WHERE `job_type_id` = '1'
AND `job_id` = '1';
UPDATE `job_details` SET `end_datetime` = '2019-07-15 11:39:00'
WHERE `job_type_id` = '3'
AND `job_id` = '1';
UPDATE `job_details` SET `end_datetime` = '0000-00-00 00:00:00'
WHERE `job_type_id` = '2'
AND `job_id` = '1';
DELETE FROM `job_details`
WHERE `job_id` = '1';
INSERT INTO `job_details` (`job_id`, `job_type_id`, `rate`, `assign_to`, `start_datetime`, `mechanic_notes`, `status`) VALUES ('1', '1', '250', 'M6S1SCRL22A1T3Y', '2019-07-15 11:17:00', 'note one', '2');
INSERT INTO `job_details` (`job_id`, `job_type_id`, `rate`, `assign_to`, `start_datetime`, `mechanic_notes`, `status`) VALUES ('1', '3', '140', 'M6S1SCRL22A1T3Y', '2019-07-15 11:21:00', 'note two 8 9 10', 3);
INSERT INTO `job_details` (`job_id`, `job_type_id`, `rate`, `assign_to`, `start_datetime`, `mechanic_notes`, `status`) VALUES ('1', '2', '150', 'M6S1SCRL22A1T3Y', '0000-00-00 00:00:00', '', 0);
DELETE FROM `job_products_used`
WHERE `job_id` = '1';
INSERT INTO `job_products_used` (`job_id`, `product_id`, `available_qty`, `rate`, `used_qty`, `mechanic_note`) VALUES ('1', '97342595', '30', '10000', '5', 'product mechanic note one');
UPDATE `job` SET `recommendation` = 'test cc'
WHERE `job_id` = '1';
UPDATE `job_details` SET `end_datetime` = '2019-07-15 11:18:00'
WHERE `job_type_id` = '1'
AND `job_id` = '1';
UPDATE `job_details` SET `end_datetime` = '2019-07-15 11:39:00'
WHERE `job_type_id` = '3'
AND `job_id` = '1';
UPDATE `job_details` SET `end_datetime` = '0000-00-00 00:00:00'
WHERE `job_type_id` = '2'
AND `job_id` = '1';
DELETE FROM `job_details`
WHERE `job_id` = '1';
INSERT INTO `job_details` (`job_id`, `job_type_id`, `rate`, `assign_to`, `start_datetime`, `mechanic_notes`, `status`) VALUES ('1', '1', '250', 'M6S1SCRL22A1T3Y', '2019-07-15 11:17:00', 'note one', '2');
INSERT INTO `job_details` (`job_id`, `job_type_id`, `rate`, `assign_to`, `start_datetime`, `mechanic_notes`, `status`) VALUES ('1', '3', '140', 'M6S1SCRL22A1T3Y', '2019-07-15 11:21:00', 'note two 8 9 10', 3);
INSERT INTO `job_details` (`job_id`, `job_type_id`, `rate`, `assign_to`, `start_datetime`, `mechanic_notes`, `status`) VALUES ('1', '2', '150', 'M6S1SCRL22A1T3Y', '0000-00-00 00:00:00', '', 0);
DELETE FROM `job_products_used`
WHERE `job_id` = '1';
INSERT INTO `job_products_used` (`job_id`, `product_id`, `available_qty`, `rate`, `used_qty`, `mechanic_note`) VALUES ('1', '97342595', '30', '10000', '5', 'product mechanic note one');
UPDATE `job` SET `recommendation` = 'test cc'
WHERE `job_id` = '1';
UPDATE `job_details` SET `end_datetime` = '2019-07-15 11:18:00'
WHERE `job_type_id` = '1'
AND `job_id` = '1';
UPDATE `job_details` SET `end_datetime` = '2019-07-15 11:39:00'
WHERE `job_type_id` = '3'
AND `job_id` = '1';
UPDATE `job_details` SET `end_datetime` = '0000-00-00 00:00:00'
WHERE `job_type_id` = '2'
AND `job_id` = '1';
DELETE FROM `job_details`
WHERE `job_id` = '1';
INSERT INTO `job_details` (`job_id`, `job_type_id`, `rate`, `assign_to`, `start_datetime`, `mechanic_notes`, `status`) VALUES ('1', '1', '250', 'M6S1SCRL22A1T3Y', '2019-07-15 11:17:00', 'note one', 3);
INSERT INTO `job_details` (`job_id`, `job_type_id`, `rate`, `assign_to`, `start_datetime`, `mechanic_notes`, `status`) VALUES ('1', '3', '140', 'M6S1SCRL22A1T3Y', '2019-07-15 11:21:00', 'note two 8 9 10', 3);
INSERT INTO `job_details` (`job_id`, `job_type_id`, `rate`, `assign_to`, `start_datetime`, `mechanic_notes`, `status`) VALUES ('1', '2', '150', 'M6S1SCRL22A1T3Y', '0000-00-00 00:00:00', '', '2');
DELETE FROM `job_products_used`
WHERE `job_id` = '1';
INSERT INTO `job_products_used` (`job_id`, `product_id`, `available_qty`, `rate`, `used_qty`, `mechanic_note`) VALUES ('1', '97342595', '30', '10000', '5', 'product mechanic note one');
UPDATE `job` SET `recommendation` = 'test cc'
WHERE `job_id` = '1';
UPDATE `job_details` SET `end_datetime` = '2019-07-15 11:18:00'
WHERE `job_type_id` = '1'
AND `job_id` = '1';
UPDATE `job_details` SET `end_datetime` = '2019-07-15 11:39:00'
WHERE `job_type_id` = '3'
AND `job_id` = '1';
UPDATE `job_details` SET `end_datetime` = '0000-00-00 00:00:00'
WHERE `job_type_id` = '2'
AND `job_id` = '1';
DELETE FROM `job_details`
WHERE `job_id` = '1';
INSERT INTO `job_details` (`job_id`, `job_type_id`, `rate`, `assign_to`, `start_datetime`, `mechanic_notes`, `status`) VALUES ('1', '1', '250', 'M6S1SCRL22A1T3Y', '2019-07-15 11:17:00', 'note one', 3);
INSERT INTO `job_details` (`job_id`, `job_type_id`, `rate`, `assign_to`, `start_datetime`, `mechanic_notes`, `status`) VALUES ('1', '3', '140', 'M6S1SCRL22A1T3Y', '2019-07-15 11:21:00', 'note two 8 9 10', 3);
INSERT INTO `job_details` (`job_id`, `job_type_id`, `rate`, `assign_to`, `start_datetime`, `mechanic_notes`, `status`) VALUES ('1', '2', '150', 'M6S1SCRL22A1T3Y', '2019-07-17 14:23', '', 1);
INSERT INTO `job_details` (`job_id`, `job_type_id`, `rate`, `assign_to`, `start_datetime`, `mechanic_notes`, `status`) VALUES ('1', '13', '0', 'LAE5MKCQXKEU58Q', '', '', 3);
DELETE FROM `job_products_used`
WHERE `job_id` = '1';
INSERT INTO `job_products_used` (`job_id`, `product_id`, `available_qty`, `rate`, `used_qty`, `mechanic_note`) VALUES ('1', '97342595', '30', '10000', '5', 'product mechanic note one');
UPDATE `job` SET `recommendation` = 'test cc'
WHERE `job_id` = '1';
UPDATE `job_details` SET `end_datetime` = '2019-07-15 11:18:00'
WHERE `job_type_id` = '1'
AND `job_id` = '1';
UPDATE `job_details` SET `end_datetime` = '2019-07-15 11:39:00'
WHERE `job_type_id` = '3'
AND `job_id` = '1';
UPDATE `job_details` SET `end_datetime` = '0000-00-00 00:00:00'
WHERE `job_type_id` = '2'
AND `job_id` = '1';
DELETE FROM `job_details`
WHERE `job_id` = '1';
INSERT INTO `job_details` (`job_id`, `job_type_id`, `rate`, `assign_to`, `start_datetime`, `mechanic_notes`, `status`) VALUES ('1', '1', '250', 'M6S1SCRL22A1T3Y', '2019-07-15 11:17:00', 'note one', 3);
INSERT INTO `job_details` (`job_id`, `job_type_id`, `rate`, `assign_to`, `start_datetime`, `mechanic_notes`, `status`) VALUES ('1', '3', '140', 'M6S1SCRL22A1T3Y', '2019-07-15 11:21:00', 'note two 8 9 10', 3);
INSERT INTO `job_details` (`job_id`, `job_type_id`, `rate`, `assign_to`, `start_datetime`, `mechanic_notes`, `status`) VALUES ('1', '2', '150', 'M6S1SCRL22A1T3Y', '2019-07-17 14:23:00', '', 1);
INSERT INTO `job_details` (`job_id`, `job_type_id`, `rate`, `assign_to`, `start_datetime`, `mechanic_notes`, `status`) VALUES ('1', '13', '0', 'LAE5MKCQXKEU58Q', '0000-00-00 00:00:00', '', 0);
INSERT INTO `job_details` (`job_id`, `job_type_id`, `rate`, `assign_to`, `start_datetime`, `mechanic_notes`, `status`) VALUES ('1', '9', '90', 'LAE5MKCQXKEU58Q', '', '', 3);
DELETE FROM `job_products_used`
WHERE `job_id` = '1';
INSERT INTO `job_products_used` (`job_id`, `product_id`, `available_qty`, `rate`, `used_qty`, `mechanic_note`) VALUES ('1', '97342595', '30', '10000', '5', 'product mechanic note one');
UPDATE `job` SET `recommendation` = 'test cc'
WHERE `job_id` = '1';
UPDATE `job_details` SET `end_datetime` = '2019-07-15 11:18:00'
WHERE `job_type_id` = '1'
AND `job_id` = '1';
UPDATE `job_details` SET `end_datetime` = '2019-07-15 11:39:00'
WHERE `job_type_id` = '3'
AND `job_id` = '1';
UPDATE `job_details` SET `end_datetime` = '0000-00-00 00:00:00'
WHERE `job_type_id` = '2'
AND `job_id` = '1';
UPDATE `job_details` SET `end_datetime` = '0000-00-00 00:00:00'
WHERE `job_type_id` = '13'
AND `job_id` = '1';
DELETE FROM `job_details`
WHERE `job_id` = '1';
INSERT INTO `job_details` (`job_id`, `job_type_id`, `rate`, `assign_to`, `start_datetime`, `mechanic_notes`, `status`) VALUES ('1', '1', '250', 'M6S1SCRL22A1T3Y', '2019-07-15 11:17:00', 'note one', 3);
INSERT INTO `job_details` (`job_id`, `job_type_id`, `rate`, `assign_to`, `start_datetime`, `mechanic_notes`, `status`) VALUES ('1', '3', '140', 'M6S1SCRL22A1T3Y', '2019-07-15 11:21:00', 'note two 8 9 10', 3);
INSERT INTO `job_details` (`job_id`, `job_type_id`, `rate`, `assign_to`, `start_datetime`, `mechanic_notes`, `status`) VALUES ('1', '2', '150', 'M6S1SCRL22A1T3Y', '2019-07-17 14:23:00', '', 1);
INSERT INTO `job_details` (`job_id`, `job_type_id`, `rate`, `assign_to`, `start_datetime`, `mechanic_notes`, `status`) VALUES ('1', '13', '0', 'LAE5MKCQXKEU58Q', '0000-00-00 00:00:00', '', 0);
INSERT INTO `job_details` (`job_id`, `job_type_id`, `rate`, `assign_to`, `start_datetime`, `mechanic_notes`, `status`) VALUES ('1', '9', '90', 'LAE5MKCQXKEU58Q', '0000-00-00 00:00:00', '', 0);
DELETE FROM `job_products_used`
WHERE `job_id` = '1';
INSERT INTO `job_products_used` (`job_id`, `product_id`, `available_qty`, `rate`, `used_qty`, `mechanic_note`) VALUES ('1', '97342595', '30', '10000', '5', 'product mechanic note one');
UPDATE `job` SET `recommendation` = 'test cc'
WHERE `job_id` = '1';
UPDATE `job_details` SET `end_datetime` = '2019-07-15 11:18:00'
WHERE `job_type_id` = '1'
AND `job_id` = '1';
UPDATE `job_details` SET `end_datetime` = '2019-07-15 11:39:00'
WHERE `job_type_id` = '3'
AND `job_id` = '1';
UPDATE `job_details` SET `end_datetime` = '0000-00-00 00:00:00'
WHERE `job_type_id` = '2'
AND `job_id` = '1';
UPDATE `job_details` SET `end_datetime` = '0000-00-00 00:00:00'
WHERE `job_type_id` = '13'
AND `job_id` = '1';
UPDATE `job_details` SET `end_datetime` = '0000-00-00 00:00:00'
WHERE `job_type_id` = '9'
AND `job_id` = '1';
DELETE FROM `job_details`
WHERE `job_id` = '1';
INSERT INTO `job_details` (`job_id`, `job_type_id`, `rate`, `assign_to`, `start_datetime`, `mechanic_notes`, `status`) VALUES ('1', '1', '250', 'M6S1SCRL22A1T3Y', '2019-07-15 11:17:00', 'note one', 3);
INSERT INTO `job_details` (`job_id`, `job_type_id`, `rate`, `assign_to`, `start_datetime`, `mechanic_notes`, `status`) VALUES ('1', '3', '140', 'M6S1SCRL22A1T3Y', '2019-07-15 11:21:00', 'note two 8 9 10', 3);
INSERT INTO `job_details` (`job_id`, `job_type_id`, `rate`, `assign_to`, `start_datetime`, `mechanic_notes`, `status`) VALUES ('1', '2', '150', 'M6S1SCRL22A1T3Y', '2019-07-17 14:23:00', '', 1);
INSERT INTO `job_details` (`job_id`, `job_type_id`, `rate`, `assign_to`, `start_datetime`, `mechanic_notes`, `status`) VALUES ('1', '13', '0', 'LAE5MKCQXKEU58Q', '0000-00-00 00:00:00', '', 0);
INSERT INTO `job_details` (`job_id`, `job_type_id`, `rate`, `assign_to`, `start_datetime`, `mechanic_notes`, `status`) VALUES ('1', '9', '90', 'LAE5MKCQXKEU58Q', '0000-00-00 00:00:00', '', 0);
DELETE FROM `job_products_used`
WHERE `job_id` = '1';
INSERT INTO `job_products_used` (`job_id`, `product_id`, `available_qty`, `rate`, `used_qty`, `mechanic_note`) VALUES ('1', '97342595', '30', '10000', '5', 'product mechanic note one');
UPDATE `job` SET `recommendation` = 'test cc'
WHERE `job_id` = '1';
UPDATE `job_details` SET `end_datetime` = '2019-07-15 11:18:00'
WHERE `job_type_id` = '1'
AND `job_id` = '1';
UPDATE `job_details` SET `end_datetime` = '2019-07-15 11:39:00'
WHERE `job_type_id` = '3'
AND `job_id` = '1';
UPDATE `job_details` SET `end_datetime` = '0000-00-00 00:00:00'
WHERE `job_type_id` = '2'
AND `job_id` = '1';
UPDATE `job_details` SET `end_datetime` = '0000-00-00 00:00:00'
WHERE `job_type_id` = '13'
AND `job_id` = '1';
UPDATE `job_details` SET `end_datetime` = '0000-00-00 00:00:00'
WHERE `job_type_id` = '9'
AND `job_id` = '1';
INSERT INTO `job` (`customer_id`, `work_order_no`, `vehicle_id`, `schedule_date_time`, `delivery_date_time`, `customer_ref`, `job_description`, `alert_via`, `create_by`, `create_date`, `status`) VALUES ('FX4FTN9158ZORBW', '1-1563352454', '2', '2019-07-17 14:30', '2019-07-20 14:30', 'test', 'demo', 'sms', '1', '2019-07-17 10:34:59', 0);
INSERT INTO `job_details` (`job_id`, `job_type_id`, `assign_to`, `rate`, `client_notes`, `status`) VALUES (2, '12', 'M6S1SCRL22A1T3Y', '30', '', 0);
INSERT INTO `job_details` (`job_id`, `job_type_id`, `assign_to`, `rate`, `client_notes`, `status`) VALUES (2, '13', 'M6S1SCRL22A1T3Y', '0', '', 0);
DELETE FROM `job_details`
WHERE `job_id` = '2';
INSERT INTO `job_details` (`job_id`, `job_type_id`, `rate`, `assign_to`, `start_datetime`, `mechanic_notes`, `status`) VALUES ('2', '12', '30', 'M6S1SCRL22A1T3Y', '0000-00-00 00:00:00', '', '2');
INSERT INTO `job_details` (`job_id`, `job_type_id`, `rate`, `assign_to`, `start_datetime`, `mechanic_notes`, `status`) VALUES ('2', '13', '0', 'M6S1SCRL22A1T3Y', '0000-00-00 00:00:00', '', 0);
UPDATE `job` SET `recommendation` = 'asdf'
WHERE `job_id` = '2';
UPDATE `job_details` SET `end_datetime` = '0000-00-00 00:00:00'
WHERE `job_type_id` = '12'
AND `job_id` = '2';
UPDATE `job_details` SET `end_datetime` = '0000-00-00 00:00:00'
WHERE `job_type_id` = '13'
AND `job_id` = '2';
DELETE FROM `job_details`
WHERE `job_id` = '2';
INSERT INTO `job_details` (`job_id`, `job_type_id`, `rate`, `assign_to`, `start_datetime`, `mechanic_notes`, `status`) VALUES ('2', '12', '30', 'M6S1SCRL22A1T3Y', '0000-00-00 00:00:00', '', 0);
INSERT INTO `job_details` (`job_id`, `job_type_id`, `rate`, `assign_to`, `start_datetime`, `mechanic_notes`, `status`) VALUES ('2', '13', '0', 'M6S1SCRL22A1T3Y', '0000-00-00 00:00:00', '', NULL);
DELETE FROM `job_details`
WHERE `job_id` = '2';
INSERT INTO `job_details` (`job_id`, `job_type_id`, `rate`, `assign_to`, `start_datetime`, `mechanic_notes`, `status`) VALUES ('2', '12', '30', 'M6S1SCRL22A1T3Y', '0000-00-00 00:00:00', '', '2');
INSERT INTO `job_details` (`job_id`, `job_type_id`, `rate`, `assign_to`, `start_datetime`, `mechanic_notes`, `status`) VALUES ('2', '13', '0', 'M6S1SCRL22A1T3Y', '0000-00-00 00:00:00', '', 0);
UPDATE `job` SET `recommendation` = 'asdf'
WHERE `job_id` = '2';
UPDATE `job_details` SET `end_datetime` = '0000-00-00 00:00:00'
WHERE `job_type_id` = '12'
AND `job_id` = '2';
UPDATE `job_details` SET `end_datetime` = '0000-00-00 00:00:00'
WHERE `job_type_id` = '13'
AND `job_id` = '2';
DELETE FROM `job_details`
WHERE `job_id` = '2';
INSERT INTO `job_details` (`job_id`, `job_type_id`, `rate`, `assign_to`, `start_datetime`, `mechanic_notes`, `status`) VALUES ('2', '12', '30', 'M6S1SCRL22A1T3Y', '0000-00-00 00:00:00', '', '2');
INSERT INTO `job_details` (`job_id`, `job_type_id`, `rate`, `assign_to`, `start_datetime`, `mechanic_notes`, `status`) VALUES ('2', '13', '0', 'M6S1SCRL22A1T3Y', '0000-00-00 00:00:00', '', 0);
UPDATE `job` SET `recommendation` = 'asdf'
WHERE `job_id` = '2';
UPDATE `job_details` SET `end_datetime` = '0000-00-00 00:00:00'
WHERE `job_type_id` = '12'
AND `job_id` = '2';
UPDATE `job_details` SET `end_datetime` = '0000-00-00 00:00:00'
WHERE `job_type_id` = '13'
AND `job_id` = '2';
DELETE FROM `job_details`
WHERE `job_id` = '1';
INSERT INTO `job_details` (`job_id`, `job_type_id`, `rate`, `assign_to`, `start_datetime`, `mechanic_notes`, `status`) VALUES ('1', '1', '250', 'M6S1SCRL22A1T3Y', '2019-07-15 11:17:00', 'note one', 3);
INSERT INTO `job_details` (`job_id`, `job_type_id`, `rate`, `assign_to`, `start_datetime`, `mechanic_notes`, `status`) VALUES ('1', '3', '140', 'M6S1SCRL22A1T3Y', '2019-07-15 11:21:00', 'note two 8 9 10', 3);
INSERT INTO `job_details` (`job_id`, `job_type_id`, `rate`, `assign_to`, `start_datetime`, `mechanic_notes`, `status`) VALUES ('1', '2', '150', 'M6S1SCRL22A1T3Y', '2019-07-17 14:23:00', '', '2');
INSERT INTO `job_details` (`job_id`, `job_type_id`, `rate`, `assign_to`, `start_datetime`, `mechanic_notes`, `status`) VALUES ('1', '13', '0', 'LAE5MKCQXKEU58Q', '0000-00-00 00:00:00', '', 0);
INSERT INTO `job_details` (`job_id`, `job_type_id`, `rate`, `assign_to`, `start_datetime`, `mechanic_notes`, `status`) VALUES ('1', '9', '90', 'LAE5MKCQXKEU58Q', '0000-00-00 00:00:00', '', 0);
DELETE FROM `job_products_used`
WHERE `job_id` = '1';
INSERT INTO `job_products_used` (`job_id`, `product_id`, `available_qty`, `rate`, `used_qty`, `mechanic_note`) VALUES ('1', '97342595', '30', '10000', '5', 'product mechanic note one');
UPDATE `job` SET `recommendation` = 'test cc'
WHERE `job_id` = '1';
UPDATE `job_details` SET `end_datetime` = '2019-07-15 11:18:00'
WHERE `job_type_id` = '1'
AND `job_id` = '1';
UPDATE `job_details` SET `end_datetime` = '2019-07-15 11:39:00'
WHERE `job_type_id` = '3'
AND `job_id` = '1';
UPDATE `job_details` SET `end_datetime` = '0000-00-00 00:00:00'
WHERE `job_type_id` = '2'
AND `job_id` = '1';
UPDATE `job_details` SET `end_datetime` = '0000-00-00 00:00:00'
WHERE `job_type_id` = '13'
AND `job_id` = '1';
UPDATE `job_details` SET `end_datetime` = '0000-00-00 00:00:00'
WHERE `job_type_id` = '9'
AND `job_id` = '1';
DELETE FROM `job_details`
WHERE `job_id` = '2';
INSERT INTO `job_details` (`job_id`, `job_type_id`, `rate`, `assign_to`, `start_datetime`, `mechanic_notes`, `status`) VALUES ('2', '12', '30', 'M6S1SCRL22A1T3Y', '0000-00-00 00:00:00', '', '2');
INSERT INTO `job_details` (`job_id`, `job_type_id`, `rate`, `assign_to`, `start_datetime`, `mechanic_notes`, `status`) VALUES ('2', '13', '0', 'M6S1SCRL22A1T3Y', '0000-00-00 00:00:00', '', 0);
UPDATE `job` SET `recommendation` = 'asdf'
WHERE `job_id` = '2';
UPDATE `job_details` SET `end_datetime` = '0000-00-00 00:00:00'
WHERE `job_type_id` = '12'
AND `job_id` = '2';
UPDATE `job_details` SET `end_datetime` = '0000-00-00 00:00:00'
WHERE `job_type_id` = '13'
AND `job_id` = '2';
DELETE FROM `job_details`
WHERE `job_id` = '2';
INSERT INTO `job_details` (`job_id`, `job_type_id`, `rate`, `assign_to`, `start_datetime`, `mechanic_notes`, `status`) VALUES ('2', '1', '250', 'M6S1SCRL22A1T3Y', '0000-00-00 00:00:00', '', '2');
INSERT INTO `job_details` (`job_id`, `job_type_id`, `rate`, `assign_to`, `start_datetime`, `mechanic_notes`, `status`) VALUES ('2', '13', '0', 'M6S1SCRL22A1T3Y', '0000-00-00 00:00:00', '', 0);
UPDATE `job` SET `recommendation` = 'asdf'
WHERE `job_id` = '2';
UPDATE `job_details` SET `end_datetime` = '0000-00-00 00:00:00'
WHERE `job_type_id` = '12'
AND `job_id` = '2';
UPDATE `job_details` SET `end_datetime` = '0000-00-00 00:00:00'
WHERE `job_type_id` = '13'
AND `job_id` = '2';
DELETE FROM `job_details`
WHERE `job_id` = '2';
INSERT INTO `job_details` (`job_id`, `job_type_id`, `rate`, `assign_to`, `start_datetime`, `mechanic_notes`, `status`) VALUES ('2', '1', '250', 'M6S1SCRL22A1T3Y', '2019-07-17 14:51', '', 3);
INSERT INTO `job_details` (`job_id`, `job_type_id`, `rate`, `assign_to`, `start_datetime`, `mechanic_notes`, `status`) VALUES ('2', '13', '0', 'M6S1SCRL22A1T3Y', '0000-00-00 00:00:00', '', 0);
UPDATE `job` SET `recommendation` = 'asdf'
WHERE `job_id` = '2';
UPDATE `job_details` SET `end_datetime` = '2019-07-17 14:52'
WHERE `job_type_id` = '1'
AND `job_id` = '2';
UPDATE `job_details` SET `end_datetime` = '0000-00-00 00:00:00'
WHERE `job_type_id` = '13'
AND `job_id` = '2';
DELETE FROM `job_details`
WHERE `job_id` = '2';
INSERT INTO `job_details` (`job_id`, `job_type_id`, `rate`, `assign_to`, `start_datetime`, `mechanic_notes`, `status`) VALUES ('2', '1', '250', 'M6S1SCRL22A1T3Y', '2019-07-17 14:51:00', '', 3);
INSERT INTO `job_details` (`job_id`, `job_type_id`, `rate`, `assign_to`, `start_datetime`, `mechanic_notes`, `status`) VALUES ('2', '13', '0', 'M6S1SCRL22A1T3Y', '0000-00-00 00:00:00', '', '2');
UPDATE `job` SET `recommendation` = 'asdf'
WHERE `job_id` = '2';
UPDATE `job_details` SET `end_datetime` = '2019-07-17 14:52:00'
WHERE `job_type_id` = '1'
AND `job_id` = '2';
UPDATE `job_details` SET `end_datetime` = '0000-00-00 00:00:00'
WHERE `job_type_id` = '13'
AND `job_id` = '2';
DELETE FROM `job_details`
WHERE `job_id` = '2';
INSERT INTO `job_details` (`job_id`, `job_type_id`, `rate`, `assign_to`, `start_datetime`, `mechanic_notes`, `status`) VALUES ('2', '1', '250', 'M6S1SCRL22A1T3Y', '2019-07-17 14:51:00', '', 3);
INSERT INTO `job_details` (`job_id`, `job_type_id`, `rate`, `assign_to`, `start_datetime`, `mechanic_notes`, `status`) VALUES ('2', '13', '0', 'M6S1SCRL22A1T3Y', '2019-07-17 14:53', '', 1);
UPDATE `job` SET `recommendation` = 'asdf'
WHERE `job_id` = '2';
UPDATE `job_details` SET `end_datetime` = '2019-07-17 14:52:00'
WHERE `job_type_id` = '1'
AND `job_id` = '2';
UPDATE `job_details` SET `end_datetime` = '0000-00-00 00:00:00'
WHERE `job_type_id` = '13'
AND `job_id` = '2';
DELETE FROM `job_details`
WHERE `job_id` = '2';
INSERT INTO `job_details` (`job_id`, `job_type_id`, `rate`, `assign_to`, `start_datetime`, `mechanic_notes`, `status`) VALUES ('2', '1', '250', 'M6S1SCRL22A1T3Y', '2019-07-17 14:51:00', '', 3);
INSERT INTO `job_details` (`job_id`, `job_type_id`, `rate`, `assign_to`, `start_datetime`, `mechanic_notes`, `status`) VALUES ('2', '13', '0', 'M6S1SCRL22A1T3Y', '2019-07-17 14:53:00', '', 1);
INSERT INTO `job_details` (`job_id`, `job_type_id`, `rate`, `assign_to`, `start_datetime`, `mechanic_notes`, `status`) VALUES ('2', '3', '140', '', '', '', 3);
UPDATE `job` SET `recommendation` = 'asdf'
WHERE `job_id` = '2';
UPDATE `job_details` SET `end_datetime` = '2019-07-17 14:52:00'
WHERE `job_type_id` = '1'
AND `job_id` = '2';
UPDATE `job_details` SET `end_datetime` = '0000-00-00 00:00:00'
WHERE `job_type_id` = '13'
AND `job_id` = '2';
DELETE FROM `job_details`
WHERE `job_id` = '2';
INSERT INTO `job_details` (`job_id`, `job_type_id`, `rate`, `assign_to`, `start_datetime`, `mechanic_notes`, `status`) VALUES ('2', '1', '250', 'M6S1SCRL22A1T3Y', '2019-07-17 14:51:00', '', 3);
INSERT INTO `job_details` (`job_id`, `job_type_id`, `rate`, `assign_to`, `start_datetime`, `mechanic_notes`, `status`) VALUES ('2', '13', '0', 'M6S1SCRL22A1T3Y', '2019-07-17 14:53:00', '', 1);
INSERT INTO `job_details` (`job_id`, `job_type_id`, `rate`, `assign_to`, `start_datetime`, `mechanic_notes`, `status`) VALUES ('2', '3', '140', '', '2019-07-17 15:14', '', 1);
UPDATE `job` SET `recommendation` = 'asdf'
WHERE `job_id` = '2';
UPDATE `job_details` SET `end_datetime` = '2019-07-17 14:52:00'
WHERE `job_type_id` = '1'
AND `job_id` = '2';
UPDATE `job_details` SET `end_datetime` = '0000-00-00 00:00:00'
WHERE `job_type_id` = '13'
AND `job_id` = '2';
UPDATE `job_details` SET `end_datetime` = '0000-00-00 00:00:00'
WHERE `job_type_id` = '3'
AND `job_id` = '2';
DELETE FROM `job_details`
WHERE `job_id` = '2';
INSERT INTO `job_details` (`job_id`, `job_type_id`, `rate`, `assign_to`, `start_datetime`, `mechanic_notes`, `status`) VALUES ('2', '1', '250', 'M6S1SCRL22A1T3Y', '2019-07-17 14:51:00', '', 3);
INSERT INTO `job_details` (`job_id`, `job_type_id`, `rate`, `assign_to`, `start_datetime`, `mechanic_notes`, `status`) VALUES ('2', '13', '0', 'M6S1SCRL22A1T3Y', '2019-07-17 14:53:00', '', 1);
INSERT INTO `job_details` (`job_id`, `job_type_id`, `rate`, `assign_to`, `start_datetime`, `mechanic_notes`, `status`) VALUES ('2', '3', '140', 'V3KOLUZ64G5BC4Q', '2019-07-17 15:14:00', '', 1);
INSERT INTO `job_details` (`job_id`, `job_type_id`, `rate`, `assign_to`, `start_datetime`, `mechanic_notes`, `status`) VALUES ('2', '10', '100', 'M6S1SCRL22A1T3Y', '', '', 3);
UPDATE `job` SET `recommendation` = 'asdf'
WHERE `job_id` = '2';
UPDATE `job_details` SET `end_datetime` = '2019-07-17 14:52:00'
WHERE `job_type_id` = '1'
AND `job_id` = '2';
UPDATE `job_details` SET `end_datetime` = '0000-00-00 00:00:00'
WHERE `job_type_id` = '13'
AND `job_id` = '2';
UPDATE `job_details` SET `end_datetime` = '0000-00-00 00:00:00'
WHERE `job_type_id` = '3'
AND `job_id` = '2';
DELETE FROM `job_details`
WHERE `job_id` = '2';
INSERT INTO `job_details` (`job_id`, `job_type_id`, `rate`, `assign_to`, `start_datetime`, `mechanic_notes`, `status`) VALUES ('2', '1', '250', 'M6S1SCRL22A1T3Y', '2019-07-17 14:51:00', '', 3);
INSERT INTO `job_details` (`job_id`, `job_type_id`, `rate`, `assign_to`, `start_datetime`, `mechanic_notes`, `status`) VALUES ('2', '13', '0', 'M6S1SCRL22A1T3Y', '2019-07-17 14:53:00', '', 1);
INSERT INTO `job_details` (`job_id`, `job_type_id`, `rate`, `assign_to`, `start_datetime`, `mechanic_notes`, `status`) VALUES ('2', '3', '140', 'V3KOLUZ64G5BC4Q', '2019-07-17 15:14:00', '', 1);
INSERT INTO `job_details` (`job_id`, `job_type_id`, `rate`, `assign_to`, `start_datetime`, `mechanic_notes`, `status`) VALUES ('2', '10', '100', 'M6S1SCRL22A1T3Y', '0000-00-00 00:00:00', '', 0);
INSERT INTO `job_details` (`job_id`, `job_type_id`, `rate`, `assign_to`, `start_datetime`, `mechanic_notes`, `status`) VALUES ('2', '6', '50', 'LAE5MKCQXKEU58Q', '', '', 3);
UPDATE `job` SET `recommendation` = 'asdf'
WHERE `job_id` = '2';
UPDATE `job_details` SET `end_datetime` = '2019-07-17 14:52:00'
WHERE `job_type_id` = '1'
AND `job_id` = '2';
UPDATE `job_details` SET `end_datetime` = '0000-00-00 00:00:00'
WHERE `job_type_id` = '13'
AND `job_id` = '2';
UPDATE `job_details` SET `end_datetime` = '0000-00-00 00:00:00'
WHERE `job_type_id` = '3'
AND `job_id` = '2';
UPDATE `job_details` SET `end_datetime` = '0000-00-00 00:00:00'
WHERE `job_type_id` = '10'
AND `job_id` = '2';
DELETE FROM `job_details`
WHERE `job_id` = '2';
INSERT INTO `job_details` (`job_id`, `job_type_id`, `rate`, `assign_to`, `start_datetime`, `mechanic_notes`, `status`) VALUES ('2', '1', '250', 'M6S1SCRL22A1T3Y', '2019-07-17 14:51:00', '', 3);
INSERT INTO `job_details` (`job_id`, `job_type_id`, `rate`, `assign_to`, `start_datetime`, `mechanic_notes`, `status`) VALUES ('2', '13', '0', 'M6S1SCRL22A1T3Y', '2019-07-17 14:53:00', '', 1);
INSERT INTO `job_details` (`job_id`, `job_type_id`, `rate`, `assign_to`, `start_datetime`, `mechanic_notes`, `status`) VALUES ('2', '3', '140', 'V3KOLUZ64G5BC4Q', '2019-07-17 15:14:00', '', 1);
INSERT INTO `job_details` (`job_id`, `job_type_id`, `rate`, `assign_to`, `start_datetime`, `mechanic_notes`, `status`) VALUES ('2', '10', '100', 'M6S1SCRL22A1T3Y', '0000-00-00 00:00:00', '', 0);
INSERT INTO `job_details` (`job_id`, `job_type_id`, `rate`, `assign_to`, `start_datetime`, `mechanic_notes`, `status`) VALUES ('2', '6', '50', 'LAE5MKCQXKEU58Q', '0000-00-00 00:00:00', '', 0);
INSERT INTO `job_details` (`job_id`, `job_type_id`, `rate`, `assign_to`, `start_datetime`, `mechanic_notes`, `status`) VALUES ('2', '15', '90', 'LAE5MKCQXKEU58Q', '', '', 3);
UPDATE `job` SET `recommendation` = 'asdf'
WHERE `job_id` = '2';
UPDATE `job_details` SET `end_datetime` = '2019-07-17 14:52:00'
WHERE `job_type_id` = '1'
AND `job_id` = '2';
UPDATE `job_details` SET `end_datetime` = '0000-00-00 00:00:00'
WHERE `job_type_id` = '13'
AND `job_id` = '2';
UPDATE `job_details` SET `end_datetime` = '0000-00-00 00:00:00'
WHERE `job_type_id` = '3'
AND `job_id` = '2';
UPDATE `job_details` SET `end_datetime` = '0000-00-00 00:00:00'
WHERE `job_type_id` = '10'
AND `job_id` = '2';
UPDATE `job_details` SET `end_datetime` = '0000-00-00 00:00:00'
WHERE `job_type_id` = '6'
AND `job_id` = '2';
DELETE FROM `job_details`
WHERE `job_id` = '2';
INSERT INTO `job_details` (`job_id`, `job_type_id`, `rate`, `assign_to`, `start_datetime`, `mechanic_notes`, `status`) VALUES ('2', '1', '250', 'M6S1SCRL22A1T3Y', '2019-07-17 14:51:00', '', 3);
INSERT INTO `job_details` (`job_id`, `job_type_id`, `rate`, `assign_to`, `start_datetime`, `mechanic_notes`, `status`) VALUES ('2', '13', '0', 'M6S1SCRL22A1T3Y', '2019-07-17 14:53:00', '', 1);
INSERT INTO `job_details` (`job_id`, `job_type_id`, `rate`, `assign_to`, `start_datetime`, `mechanic_notes`, `status`) VALUES ('2', '3', '140', 'V3KOLUZ64G5BC4Q', '', '', 3);
UPDATE `job` SET `recommendation` = 'asdf'
WHERE `job_id` = '2';
UPDATE `job_details` SET `end_datetime` = '2019-07-17 14:52:00'
WHERE `job_type_id` = '1'
AND `job_id` = '2';
UPDATE `job_details` SET `end_datetime` = '0000-00-00 00:00:00'
WHERE `job_type_id` = '13'
AND `job_id` = '2';
DELETE FROM `job_details`
WHERE `job_id` = '2';
INSERT INTO `job_details` (`job_id`, `job_type_id`, `rate`, `assign_to`, `start_datetime`, `mechanic_notes`, `status`) VALUES ('2', '1', '250', 'M6S1SCRL22A1T3Y', '2019-07-17 14:51:00', '', 3);
INSERT INTO `job_details` (`job_id`, `job_type_id`, `rate`, `assign_to`, `start_datetime`, `mechanic_notes`, `status`) VALUES ('2', '13', '0', 'M6S1SCRL22A1T3Y', '2019-07-17 14:53:00', '', 1);
INSERT INTO `job_details` (`job_id`, `job_type_id`, `rate`, `assign_to`, `start_datetime`, `mechanic_notes`, `status`) VALUES ('2', '3', '140', 'V3KOLUZ64G5BC4Q', '0000-00-00 00:00:00', '', 0);
INSERT INTO `job_details` (`job_id`, `job_type_id`, `rate`, `assign_to`, `start_datetime`, `mechanic_notes`, `status`) VALUES ('2', '9', '90', '', '', '', 3);
UPDATE `job` SET `recommendation` = 'asdf'
WHERE `job_id` = '2';
UPDATE `job_details` SET `end_datetime` = '2019-07-17 14:52:00'
WHERE `job_type_id` = '1'
AND `job_id` = '2';
UPDATE `job_details` SET `end_datetime` = '0000-00-00 00:00:00'
WHERE `job_type_id` = '13'
AND `job_id` = '2';
UPDATE `job_details` SET `end_datetime` = '0000-00-00 00:00:00'
WHERE `job_type_id` = '3'
AND `job_id` = '2';
DELETE FROM `job_details`
WHERE `job_id` = '2';
INSERT INTO `job_details` (`job_id`, `job_type_id`, `rate`, `assign_to`, `start_datetime`, `mechanic_notes`, `status`) VALUES ('2', '1', '250', 'M6S1SCRL22A1T3Y', '2019-07-17 14:51:00', '', 3);
INSERT INTO `job_details` (`job_id`, `job_type_id`, `rate`, `assign_to`, `start_datetime`, `mechanic_notes`, `status`) VALUES ('2', '13', '0', 'M6S1SCRL22A1T3Y', '2019-07-17 14:53:00', '', 1);
INSERT INTO `job_details` (`job_id`, `job_type_id`, `rate`, `assign_to`, `start_datetime`, `mechanic_notes`, `status`) VALUES ('2', '7', '40', 'LAE5MKCQXKEU58Q', '', '', 3);
UPDATE `job` SET `recommendation` = 'asdf'
WHERE `job_id` = '2';
UPDATE `job_details` SET `end_datetime` = '2019-07-17 14:52:00'
WHERE `job_type_id` = '1'
AND `job_id` = '2';
UPDATE `job_details` SET `end_datetime` = '0000-00-00 00:00:00'
WHERE `job_type_id` = '13'
AND `job_id` = '2';
DELETE FROM `job_details`
WHERE `job_id` = '2';
INSERT INTO `job_details` (`job_id`, `job_type_id`, `rate`, `assign_to`, `start_datetime`, `mechanic_notes`, `status`) VALUES ('2', '1', '250', 'M6S1SCRL22A1T3Y', '2019-07-17 14:51:00', '', 3);
INSERT INTO `job_details` (`job_id`, `job_type_id`, `rate`, `assign_to`, `start_datetime`, `mechanic_notes`, `status`) VALUES ('2', '13', '0', 'M6S1SCRL22A1T3Y', '2019-07-17 14:53:00', '', 1);
INSERT INTO `job_details` (`job_id`, `job_type_id`, `rate`, `assign_to`, `start_datetime`, `mechanic_notes`, `status`) VALUES ('2', '7', '40', 'LAE5MKCQXKEU58Q', '0000-00-00 00:00:00', '', 0);
INSERT INTO `job_details` (`job_id`, `job_type_id`, `rate`, `assign_to`, `start_datetime`, `mechanic_notes`, `status`) VALUES ('2', '8', '80', '', '', '', 3);
UPDATE `job` SET `recommendation` = 'asdf'
WHERE `job_id` = '2';
UPDATE `job_details` SET `end_datetime` = '2019-07-17 14:52:00'
WHERE `job_type_id` = '1'
AND `job_id` = '2';
UPDATE `job_details` SET `end_datetime` = '0000-00-00 00:00:00'
WHERE `job_type_id` = '13'
AND `job_id` = '2';
UPDATE `job_details` SET `end_datetime` = '0000-00-00 00:00:00'
WHERE `job_type_id` = '7'
AND `job_id` = '2';
DELETE FROM `job_details`
WHERE `job_id` = '2';
INSERT INTO `job_details` (`job_id`, `job_type_id`, `rate`, `assign_to`, `start_datetime`, `mechanic_notes`, `status`) VALUES ('2', '1', '250', 'M6S1SCRL22A1T3Y', '2019-07-17 14:51:00', '', 3);
INSERT INTO `job_details` (`job_id`, `job_type_id`, `rate`, `assign_to`, `start_datetime`, `mechanic_notes`, `status`) VALUES ('2', '13', '0', 'M6S1SCRL22A1T3Y', '2019-07-17 14:53:00', '', 1);
INSERT INTO `job_details` (`job_id`, `job_type_id`, `rate`, `assign_to`, `start_datetime`, `mechanic_notes`, `status`) VALUES ('2', '7', '40', 'LAE5MKCQXKEU58Q', '0000-00-00 00:00:00', '', 0);
INSERT INTO `job_details` (`job_id`, `job_type_id`, `rate`, `assign_to`, `start_datetime`, `mechanic_notes`, `status`) VALUES ('2', '8', '80', '', '0000-00-00 00:00:00', '', 0);
INSERT INTO `job_details` (`job_id`, `job_type_id`, `rate`, `assign_to`, `start_datetime`, `mechanic_notes`, `status`) VALUES ('2', '6', '50', '', '', '', 3);
UPDATE `job` SET `recommendation` = 'asdf'
WHERE `job_id` = '2';
UPDATE `job_details` SET `end_datetime` = '2019-07-17 14:52:00'
WHERE `job_type_id` = '1'
AND `job_id` = '2';
UPDATE `job_details` SET `end_datetime` = '0000-00-00 00:00:00'
WHERE `job_type_id` = '13'
AND `job_id` = '2';
UPDATE `job_details` SET `end_datetime` = '0000-00-00 00:00:00'
WHERE `job_type_id` = '7'
AND `job_id` = '2';
UPDATE `job_details` SET `end_datetime` = '0000-00-00 00:00:00'
WHERE `job_type_id` = '8'
AND `job_id` = '2';
DELETE FROM `job_details`
WHERE `job_id` = '2';
INSERT INTO `job_details` (`job_id`, `job_type_id`, `rate`, `assign_to`, `start_datetime`, `mechanic_notes`, `status`) VALUES ('2', '1', '250', 'M6S1SCRL22A1T3Y', '2019-07-17 14:51:00', '', 3);
INSERT INTO `job_details` (`job_id`, `job_type_id`, `rate`, `assign_to`, `start_datetime`, `mechanic_notes`, `status`) VALUES ('2', '13', '0', 'M6S1SCRL22A1T3Y', '2019-07-17 14:53:00', '', 1);
INSERT INTO `job_details` (`job_id`, `job_type_id`, `rate`, `assign_to`, `start_datetime`, `mechanic_notes`, `status`) VALUES ('2', '2', '150', '', '', '', 0);
UPDATE `job` SET `recommendation` = 'asdf'
WHERE `job_id` = '2';
UPDATE `job_details` SET `end_datetime` = '2019-07-17 14:52:00'
WHERE `job_type_id` = '1'
AND `job_id` = '2';
UPDATE `job_details` SET `end_datetime` = '0000-00-00 00:00:00'
WHERE `job_type_id` = '13'
AND `job_id` = '2';
DELETE FROM `job_details`
WHERE `job_id` = '2';
INSERT INTO `job_details` (`job_id`, `job_type_id`, `rate`, `assign_to`, `start_datetime`, `mechanic_notes`, `status`) VALUES ('2', '1', '250', 'M6S1SCRL22A1T3Y', '2019-07-17 14:51:00', '', 3);
INSERT INTO `job_details` (`job_id`, `job_type_id`, `rate`, `assign_to`, `start_datetime`, `mechanic_notes`, `status`) VALUES ('2', '13', '0', 'M6S1SCRL22A1T3Y', '2019-07-17 14:53:00', '', 1);
INSERT INTO `job_details` (`job_id`, `job_type_id`, `rate`, `assign_to`, `start_datetime`, `mechanic_notes`, `status`) VALUES ('2', '2', '150', '', '0000-00-00 00:00:00', '', 0);
INSERT INTO `job_details` (`job_id`, `job_type_id`, `rate`, `assign_to`, `start_datetime`, `mechanic_notes`, `status`) VALUES ('2', '10', '100', 'LAE5MKCQXKEU58Q', '2019-07-23 16:20', '', 3);
UPDATE `job` SET `recommendation` = 'asdf'
WHERE `job_id` = '2';
UPDATE `job_details` SET `end_datetime` = '2019-07-17 14:52:00'
WHERE `job_type_id` = '1'
AND `job_id` = '2';
UPDATE `job_details` SET `end_datetime` = '0000-00-00 00:00:00'
WHERE `job_type_id` = '13'
AND `job_id` = '2';
UPDATE `job_details` SET `end_datetime` = '0000-00-00 00:00:00'
WHERE `job_type_id` = '2'
AND `job_id` = '2';
DELETE FROM `job_details`
WHERE `job_id` = '2';
INSERT INTO `job_details` (`job_id`, `job_type_id`, `rate`, `assign_to`, `start_datetime`, `mechanic_notes`, `status`) VALUES ('2', '1', '250', 'M6S1SCRL22A1T3Y', '2019-07-17 14:51:00', '', 3);
INSERT INTO `job_details` (`job_id`, `job_type_id`, `rate`, `assign_to`, `start_datetime`, `mechanic_notes`, `status`) VALUES ('2', '13', '0', 'M6S1SCRL22A1T3Y', '2019-07-17 14:53:00', '', 1);
INSERT INTO `job_details` (`job_id`, `job_type_id`, `rate`, `assign_to`, `start_datetime`, `mechanic_notes`, `status`) VALUES ('2', '2', '150', '', '0000-00-00 00:00:00', '', 0);
INSERT INTO `job_details` (`job_id`, `job_type_id`, `rate`, `assign_to`, `start_datetime`, `mechanic_notes`, `status`) VALUES ('2', '10', '100', 'LAE5MKCQXKEU58Q', '2019-07-23 16:20:00', '', 1);
INSERT INTO `job_details` (`job_id`, `job_type_id`, `rate`, `assign_to`, `start_datetime`, `mechanic_notes`, `status`) VALUES ('2', '12', '30', 'M6S1SCRL22A1T3Y', '2019-07-17 14:50', '', 3);
UPDATE `job` SET `recommendation` = 'asdf'
WHERE `job_id` = '2';
UPDATE `job_details` SET `end_datetime` = '2019-07-17 14:52:00'
WHERE `job_type_id` = '1'
AND `job_id` = '2';
UPDATE `job_details` SET `end_datetime` = '0000-00-00 00:00:00'
WHERE `job_type_id` = '13'
AND `job_id` = '2';
UPDATE `job_details` SET `end_datetime` = '0000-00-00 00:00:00'
WHERE `job_type_id` = '2'
AND `job_id` = '2';
UPDATE `job_details` SET `end_datetime` = '0000-00-00 00:00:00'
WHERE `job_type_id` = '10'
AND `job_id` = '2';
DELETE FROM `job_details`
WHERE `job_id` = '2';
INSERT INTO `job_details` (`job_id`, `job_type_id`, `rate`, `assign_to`, `start_datetime`, `mechanic_notes`, `status`) VALUES ('2', '1', '250', 'M6S1SCRL22A1T3Y', '2019-07-17 14:51:00', '', 3);
INSERT INTO `job_details` (`job_id`, `job_type_id`, `rate`, `assign_to`, `start_datetime`, `mechanic_notes`, `status`) VALUES ('2', '13', '0', 'M6S1SCRL22A1T3Y', '2019-07-17 14:53:00', '', 1);
INSERT INTO `job_details` (`job_id`, `job_type_id`, `rate`, `assign_to`, `start_datetime`, `mechanic_notes`, `status`) VALUES ('2', '2', '150', '', '0000-00-00 00:00:00', '', 0);
INSERT INTO `job_details` (`job_id`, `job_type_id`, `rate`, `assign_to`, `start_datetime`, `mechanic_notes`, `status`) VALUES ('2', '10', '100', 'LAE5MKCQXKEU58Q', '2019-07-23 16:20:00', '', 1);
INSERT INTO `job_details` (`job_id`, `job_type_id`, `rate`, `assign_to`, `start_datetime`, `mechanic_notes`, `status`) VALUES ('2', '12', '30', 'M6S1SCRL22A1T3Y', '2019-07-17 14:50:00', '', 1);
INSERT INTO `job_details` (`job_id`, `job_type_id`, `rate`, `assign_to`, `start_datetime`, `mechanic_notes`, `status`) VALUES ('2', '8', '80', '', '2019-07-17 16:16', '', 3);
UPDATE `job` SET `recommendation` = 'asdf'
WHERE `job_id` = '2';
UPDATE `job_details` SET `end_datetime` = '2019-07-17 14:52:00'
WHERE `job_type_id` = '1'
AND `job_id` = '2';
UPDATE `job_details` SET `end_datetime` = '0000-00-00 00:00:00'
WHERE `job_type_id` = '13'
AND `job_id` = '2';
UPDATE `job_details` SET `end_datetime` = '0000-00-00 00:00:00'
WHERE `job_type_id` = '2'
AND `job_id` = '2';
UPDATE `job_details` SET `end_datetime` = '0000-00-00 00:00:00'
WHERE `job_type_id` = '10'
AND `job_id` = '2';
UPDATE `job_details` SET `end_datetime` = '0000-00-00 00:00:00'
WHERE `job_type_id` = '12'
AND `job_id` = '2';
DELETE FROM `job_details`
WHERE `job_id` = '2';
INSERT INTO `job_details` (`job_id`, `job_type_id`, `rate`, `assign_to`, `start_datetime`, `mechanic_notes`, `status`) VALUES ('2', '1', '250', 'M6S1SCRL22A1T3Y', '2019-07-17 14:51:00', '', 3);
INSERT INTO `job_details` (`job_id`, `job_type_id`, `rate`, `assign_to`, `start_datetime`, `mechanic_notes`, `status`) VALUES ('2', '13', '0', 'M6S1SCRL22A1T3Y', '2019-07-17 14:53:00', '', 1);
INSERT INTO `job_details` (`job_id`, `job_type_id`, `rate`, `assign_to`, `start_datetime`, `mechanic_notes`, `status`) VALUES ('2', '2', '150', '', '0000-00-00 00:00:00', '', 0);
INSERT INTO `job_details` (`job_id`, `job_type_id`, `rate`, `assign_to`, `start_datetime`, `mechanic_notes`, `status`) VALUES ('2', '10', '100', 'LAE5MKCQXKEU58Q', '2019-07-23 16:20:00', '', 1);
INSERT INTO `job_details` (`job_id`, `job_type_id`, `rate`, `assign_to`, `start_datetime`, `mechanic_notes`, `status`) VALUES ('2', '12', '30', 'M6S1SCRL22A1T3Y', '2019-07-17 14:50:00', '', 1);
INSERT INTO `job_details` (`job_id`, `job_type_id`, `rate`, `assign_to`, `start_datetime`, `mechanic_notes`, `status`) VALUES ('2', '8', '80', '', '2019-07-17 16:16:00', '', 1);
INSERT INTO `job_details` (`job_id`, `job_type_id`, `rate`, `assign_to`, `start_datetime`, `mechanic_notes`, `status`) VALUES ('2', '13', '0', 'V3KOLUZ64G5BC4Q', '2019-07-10 10:50', '', 3);
UPDATE `job` SET `recommendation` = 'asdf'
WHERE `job_id` = '2';
UPDATE `job_details` SET `end_datetime` = '2019-07-17 14:52:00'
WHERE `job_type_id` = '1'
AND `job_id` = '2';
UPDATE `job_details` SET `end_datetime` = '0000-00-00 00:00:00'
WHERE `job_type_id` = '13'
AND `job_id` = '2';
UPDATE `job_details` SET `end_datetime` = '0000-00-00 00:00:00'
WHERE `job_type_id` = '2'
AND `job_id` = '2';
UPDATE `job_details` SET `end_datetime` = '0000-00-00 00:00:00'
WHERE `job_type_id` = '10'
AND `job_id` = '2';
UPDATE `job_details` SET `end_datetime` = '0000-00-00 00:00:00'
WHERE `job_type_id` = '12'
AND `job_id` = '2';
UPDATE `job_details` SET `end_datetime` = '0000-00-00 00:00:00'
WHERE `job_type_id` = '8'
AND `job_id` = '2';
DELETE FROM `job_details`
WHERE `job_id` = '2';
INSERT INTO `job_details` (`job_id`, `job_type_id`, `rate`, `assign_to`, `start_datetime`, `mechanic_notes`, `status`) VALUES ('2', '1', '250', 'M6S1SCRL22A1T3Y', '2019-07-17 14:51:00', '', 3);
INSERT INTO `job_details` (`job_id`, `job_type_id`, `rate`, `assign_to`, `start_datetime`, `mechanic_notes`, `status`) VALUES ('2', '13', '0', 'M6S1SCRL22A1T3Y', '2019-07-17 14:53:00', '', 1);
INSERT INTO `job_details` (`job_id`, `job_type_id`, `rate`, `assign_to`, `start_datetime`, `mechanic_notes`, `status`) VALUES ('2', '7', '40', 'LAE5MKCQXKEU58Q', '2019-07-17 16:25', '', 3);
UPDATE `job` SET `recommendation` = 'asdf'
WHERE `job_id` = '2';
UPDATE `job_details` SET `end_datetime` = '2019-07-17 14:52:00'
WHERE `job_type_id` = '1'
AND `job_id` = '2';
UPDATE `job_details` SET `end_datetime` = '0000-00-00 00:00:00'
WHERE `job_type_id` = '13'
AND `job_id` = '2';
DELETE FROM `job_details`
WHERE `job_id` = '2';
INSERT INTO `job_details` (`job_id`, `job_type_id`, `rate`, `assign_to`, `start_datetime`, `mechanic_notes`, `status`) VALUES ('2', '1', '250', 'M6S1SCRL22A1T3Y', '2019-07-17 14:51:00', '', 3);
INSERT INTO `job_details` (`job_id`, `job_type_id`, `rate`, `assign_to`, `start_datetime`, `mechanic_notes`, `status`) VALUES ('2', '13', '0', 'M6S1SCRL22A1T3Y', '2019-07-17 14:53:00', '', 1);
INSERT INTO `job_details` (`job_id`, `job_type_id`, `rate`, `assign_to`, `start_datetime`, `mechanic_notes`, `status`) VALUES ('2', '7', '40', 'LAE5MKCQXKEU58Q', '2019-07-17 16:25:00', '', 1);
INSERT INTO `job_details` (`job_id`, `job_type_id`, `rate`, `assign_to`, `start_datetime`, `mechanic_notes`, `status`) VALUES ('2', '10', '100', 'V3KOLUZ64G5BC4Q', '2019-07-17 16:33', '', 0);
UPDATE `job` SET `recommendation` = 'asdf'
WHERE `job_id` = '2';
UPDATE `job_details` SET `end_datetime` = '2019-07-17 14:52:00'
WHERE `job_type_id` = '1'
AND `job_id` = '2';
UPDATE `job_details` SET `end_datetime` = '0000-00-00 00:00:00'
WHERE `job_type_id` = '13'
AND `job_id` = '2';
UPDATE `job_details` SET `end_datetime` = '0000-00-00 00:00:00'
WHERE `job_type_id` = '7'
AND `job_id` = '2';
DELETE FROM `job_details`
WHERE `job_id` = '2';
INSERT INTO `job_details` (`job_id`, `job_type_id`, `rate`, `assign_to`, `start_datetime`, `mechanic_notes`, `status`) VALUES ('2', '1', '250', 'M6S1SCRL22A1T3Y', '2019-07-17 14:51:00', '', 3);
INSERT INTO `job_details` (`job_id`, `job_type_id`, `rate`, `assign_to`, `start_datetime`, `mechanic_notes`, `status`) VALUES ('2', '13', '0', 'M6S1SCRL22A1T3Y', '2019-07-17 14:53:00', '', 1);
INSERT INTO `job_details` (`job_id`, `job_type_id`, `rate`, `assign_to`, `start_datetime`, `mechanic_notes`, `status`) VALUES ('2', '7', '40', 'LAE5MKCQXKEU58Q', '2019-07-17 16:25:00', '', 1);
INSERT INTO `job_details` (`job_id`, `job_type_id`, `rate`, `assign_to`, `start_datetime`, `mechanic_notes`, `status`) VALUES ('2', '10', '100', 'V3KOLUZ64G5BC4Q', '2019-07-17 16:33', '', 0);
UPDATE `job` SET `recommendation` = 'asdf'
WHERE `job_id` = '2';
UPDATE `job_details` SET `end_datetime` = '2019-07-17 14:52:00'
WHERE `job_type_id` = '1'
AND `job_id` = '2';
UPDATE `job_details` SET `end_datetime` = '0000-00-00 00:00:00'
WHERE `job_type_id` = '13'
AND `job_id` = '2';
UPDATE `job_details` SET `end_datetime` = '0000-00-00 00:00:00'
WHERE `job_type_id` = '7'
AND `job_id` = '2';
DELETE FROM `job_details`
WHERE `job_id` = '2';
INSERT INTO `job_details` (`job_id`, `job_type_id`, `rate`, `assign_to`, `start_datetime`, `mechanic_notes`, `status`) VALUES ('2', '1', '250', 'M6S1SCRL22A1T3Y', '2019-07-17 14:51:00', '', 3);
INSERT INTO `job_details` (`job_id`, `job_type_id`, `rate`, `assign_to`, `start_datetime`, `mechanic_notes`, `status`) VALUES ('2', '13', '0', 'M6S1SCRL22A1T3Y', '2019-07-17 14:53:00', '', 1);
INSERT INTO `job_details` (`job_id`, `job_type_id`, `rate`, `assign_to`, `start_datetime`, `mechanic_notes`, `status`) VALUES ('2', '7', '40', 'LAE5MKCQXKEU58Q', '2019-07-17 16:25:00', '', 1);
INSERT INTO `job_details` (`job_id`, `job_type_id`, `rate`, `assign_to`, `start_datetime`, `mechanic_notes`, `status`) VALUES ('2', '10', '100', 'V3KOLUZ64G5BC4Q', '2019-07-17 16:33', '', 0);
UPDATE `job` SET `recommendation` = 'asdf'
WHERE `job_id` = '2';
UPDATE `job_details` SET `end_datetime` = '2019-07-17 14:52:00'
WHERE `job_type_id` = '1'
AND `job_id` = '2';
UPDATE `job_details` SET `end_datetime` = '0000-00-00 00:00:00'
WHERE `job_type_id` = '13'
AND `job_id` = '2';
UPDATE `job_details` SET `end_datetime` = '0000-00-00 00:00:00'
WHERE `job_type_id` = '7'
AND `job_id` = '2';
DELETE FROM `job_details`
WHERE `job_id` = '2';
INSERT INTO `job_details` (`job_id`, `job_type_id`, `rate`, `assign_to`, `start_datetime`, `mechanic_notes`, `status`) VALUES ('2', '1', '250', 'M6S1SCRL22A1T3Y', '2019-07-17 14:51:00', '', 3);
INSERT INTO `job_details` (`job_id`, `job_type_id`, `rate`, `assign_to`, `start_datetime`, `mechanic_notes`, `status`) VALUES ('2', '13', '0', 'M6S1SCRL22A1T3Y', '2019-07-17 14:53:00', '', 1);
INSERT INTO `job_details` (`job_id`, `job_type_id`, `rate`, `assign_to`, `start_datetime`, `mechanic_notes`, `status`) VALUES ('2', '7', '40', 'LAE5MKCQXKEU58Q', '2019-07-17 16:25:00', '', 1);
INSERT INTO `job_details` (`job_id`, `job_type_id`, `rate`, `assign_to`, `start_datetime`, `mechanic_notes`, `status`) VALUES ('2', '10', '100', 'V3KOLUZ64G5BC4Q', '2019-07-17 16:33:00', '', 1);
INSERT INTO `job_details` (`job_id`, `job_type_id`, `rate`, `assign_to`, `start_datetime`, `mechanic_notes`, `status`) VALUES ('2', '9', '90', '', '', '123', 0);
UPDATE `job` SET `recommendation` = 'asdf'
WHERE `job_id` = '2';
UPDATE `job_details` SET `end_datetime` = '2019-07-17 14:52:00'
WHERE `job_type_id` = '1'
AND `job_id` = '2';
UPDATE `job_details` SET `end_datetime` = '0000-00-00 00:00:00'
WHERE `job_type_id` = '13'
AND `job_id` = '2';
UPDATE `job_details` SET `end_datetime` = '0000-00-00 00:00:00'
WHERE `job_type_id` = '7'
AND `job_id` = '2';
UPDATE `job_details` SET `end_datetime` = '0000-00-00 00:00:00'
WHERE `job_type_id` = '10'
AND `job_id` = '2';
DELETE FROM `job_details`
WHERE `job_id` = '2';
INSERT INTO `job_details` (`job_id`, `job_type_id`, `rate`, `assign_to`, `start_datetime`, `mechanic_notes`, `status`) VALUES ('2', '1', '250', 'M6S1SCRL22A1T3Y', '2019-07-17 14:51:00', '', 3);
INSERT INTO `job_details` (`job_id`, `job_type_id`, `rate`, `assign_to`, `start_datetime`, `mechanic_notes`, `status`) VALUES ('2', '13', '0', 'M6S1SCRL22A1T3Y', '2019-07-17 14:53:00', '', 1);
INSERT INTO `job_details` (`job_id`, `job_type_id`, `rate`, `assign_to`, `start_datetime`, `mechanic_notes`, `status`) VALUES ('2', '7', '40', 'LAE5MKCQXKEU58Q', '2019-07-17 16:25:00', '', 1);
INSERT INTO `job_details` (`job_id`, `job_type_id`, `rate`, `assign_to`, `start_datetime`, `mechanic_notes`, `status`) VALUES ('2', '10', '100', 'V3KOLUZ64G5BC4Q', '2019-07-17 16:33:00', '', 1);
INSERT INTO `job_details` (`job_id`, `job_type_id`, `rate`, `assign_to`, `start_datetime`, `mechanic_notes`, `status`) VALUES ('2', '9', '90', '', '0000-00-00 00:00:00', '123', 0);
INSERT INTO `job_details` (`job_id`, `job_type_id`, `rate`, `assign_to`, `start_datetime`, `mechanic_notes`, `status`) VALUES ('2', '15', '90', 'M6S1SCRL22A1T3Y', '2019-07-17 16:35', '789', 0);
UPDATE `job` SET `recommendation` = 'asdf'
WHERE `job_id` = '2';
UPDATE `job_details` SET `end_datetime` = '2019-07-17 14:52:00'
WHERE `job_type_id` = '1'
AND `job_id` = '2';
UPDATE `job_details` SET `end_datetime` = '0000-00-00 00:00:00'
WHERE `job_type_id` = '13'
AND `job_id` = '2';
UPDATE `job_details` SET `end_datetime` = '0000-00-00 00:00:00'
WHERE `job_type_id` = '7'
AND `job_id` = '2';
UPDATE `job_details` SET `end_datetime` = '0000-00-00 00:00:00'
WHERE `job_type_id` = '10'
AND `job_id` = '2';
UPDATE `job_details` SET `end_datetime` = '0000-00-00 00:00:00'
WHERE `job_type_id` = '9'
AND `job_id` = '2';
DELETE FROM `job_details`
WHERE `job_id` = '2';
INSERT INTO `job_details` (`job_id`, `job_type_id`, `rate`, `assign_to`, `start_datetime`, `mechanic_notes`, `status`) VALUES ('2', '1', '250', 'M6S1SCRL22A1T3Y', '2019-07-17 14:51:00', '', 3);
INSERT INTO `job_details` (`job_id`, `job_type_id`, `rate`, `assign_to`, `start_datetime`, `mechanic_notes`, `status`) VALUES ('2', '13', '0', 'M6S1SCRL22A1T3Y', '2019-07-17 14:53:00', '', 1);
INSERT INTO `job_details` (`job_id`, `job_type_id`, `rate`, `assign_to`, `start_datetime`, `mechanic_notes`, `status`) VALUES ('2', '7', '40', 'LAE5MKCQXKEU58Q', '2019-07-17 16:25:00', '', 1);
INSERT INTO `job_details` (`job_id`, `job_type_id`, `rate`, `assign_to`, `start_datetime`, `mechanic_notes`, `status`) VALUES ('2', '10', '100', 'V3KOLUZ64G5BC4Q', '2019-07-17 16:33:00', '', 1);
INSERT INTO `job_details` (`job_id`, `job_type_id`, `rate`, `assign_to`, `start_datetime`, `mechanic_notes`, `status`) VALUES ('2', '9', '90', '', '0000-00-00 00:00:00', '123', 0);
INSERT INTO `job_details` (`job_id`, `job_type_id`, `rate`, `assign_to`, `start_datetime`, `mechanic_notes`, `status`) VALUES ('2', '15', '90', 'M6S1SCRL22A1T3Y', '2019-07-17 16:35', '789', 0);
UPDATE `job` SET `recommendation` = 'asdf'
WHERE `job_id` = '2';
UPDATE `job_details` SET `end_datetime` = '2019-07-17 14:52:00'
WHERE `job_type_id` = '1'
AND `job_id` = '2';
UPDATE `job_details` SET `end_datetime` = '0000-00-00 00:00:00'
WHERE `job_type_id` = '13'
AND `job_id` = '2';
UPDATE `job_details` SET `end_datetime` = '0000-00-00 00:00:00'
WHERE `job_type_id` = '7'
AND `job_id` = '2';
UPDATE `job_details` SET `end_datetime` = '0000-00-00 00:00:00'
WHERE `job_type_id` = '10'
AND `job_id` = '2';
UPDATE `job_details` SET `end_datetime` = '0000-00-00 00:00:00'
WHERE `job_type_id` = '9'
AND `job_id` = '2';
DELETE FROM `job_details`
WHERE `job_id` = '2';
INSERT INTO `job_details` (`job_id`, `job_type_id`, `rate`, `assign_to`, `start_datetime`, `mechanic_notes`, `status`) VALUES ('2', '1', '250', 'M6S1SCRL22A1T3Y', '2019-07-17 14:51:00', '', 3);
INSERT INTO `job_details` (`job_id`, `job_type_id`, `rate`, `assign_to`, `start_datetime`, `mechanic_notes`, `status`) VALUES ('2', '13', '0', 'M6S1SCRL22A1T3Y', '2019-07-17 14:53:00', '', 1);
INSERT INTO `job_details` (`job_id`, `job_type_id`, `rate`, `assign_to`, `start_datetime`, `mechanic_notes`, `status`) VALUES ('2', '7', '40', 'LAE5MKCQXKEU58Q', '2019-07-17 16:25:00', '', 1);
INSERT INTO `job_details` (`job_id`, `job_type_id`, `rate`, `assign_to`, `start_datetime`, `mechanic_notes`, `status`) VALUES ('2', '10', '100', 'V3KOLUZ64G5BC4Q', '2019-07-17 16:33:00', '', 1);
INSERT INTO `job_details` (`job_id`, `job_type_id`, `rate`, `assign_to`, `start_datetime`, `mechanic_notes`, `status`) VALUES ('2', '9', '90', '', '0000-00-00 00:00:00', '123', 0);
INSERT INTO `job_details` (`job_id`, `job_type_id`, `rate`, `assign_to`, `start_datetime`, `mechanic_notes`, `status`) VALUES ('2', '15', '90', 'M6S1SCRL22A1T3Y', '2019-07-17 16:35:00', '789', 1);
INSERT INTO `job_details` (`job_id`, `job_type_id`, `rate`, `assign_to`, `start_datetime`, `mechanic_notes`, `status`) VALUES ('2', '1', '250', 'LAE5MKCQXKEU58Q', '2019-07-17 16:37', '', 0);
UPDATE `job` SET `recommendation` = 'asdf'
WHERE `job_id` = '2';
UPDATE `job_details` SET `end_datetime` = '2019-07-17 14:52:00'
WHERE `job_type_id` = '1'
AND `job_id` = '2';
UPDATE `job_details` SET `end_datetime` = '0000-00-00 00:00:00'
WHERE `job_type_id` = '13'
AND `job_id` = '2';
UPDATE `job_details` SET `end_datetime` = '0000-00-00 00:00:00'
WHERE `job_type_id` = '7'
AND `job_id` = '2';
UPDATE `job_details` SET `end_datetime` = '0000-00-00 00:00:00'
WHERE `job_type_id` = '10'
AND `job_id` = '2';
UPDATE `job_details` SET `end_datetime` = '0000-00-00 00:00:00'
WHERE `job_type_id` = '9'
AND `job_id` = '2';
UPDATE `job_details` SET `end_datetime` = '0000-00-00 00:00:00'
WHERE `job_type_id` = '15'
AND `job_id` = '2';
DELETE FROM `job_details`
WHERE `job_id` = '2';
INSERT INTO `job_details` (`job_id`, `job_type_id`, `rate`, `assign_to`, `start_datetime`, `mechanic_notes`, `status`) VALUES ('2', '1', '250', 'M6S1SCRL22A1T3Y', '2019-07-17 14:51:00', '', 3);
INSERT INTO `job_details` (`job_id`, `job_type_id`, `rate`, `assign_to`, `start_datetime`, `mechanic_notes`, `status`) VALUES ('2', '13', '0', 'M6S1SCRL22A1T3Y', '2019-07-17 14:53:00', '', 1);
INSERT INTO `job_details` (`job_id`, `job_type_id`, `rate`, `assign_to`, `start_datetime`, `mechanic_notes`, `status`) VALUES ('2', '7', '40', 'LAE5MKCQXKEU58Q', '2019-07-17 16:25:00', '', 1);
INSERT INTO `job_details` (`job_id`, `job_type_id`, `rate`, `assign_to`, `start_datetime`, `mechanic_notes`, `status`) VALUES ('2', '10', '100', 'V3KOLUZ64G5BC4Q', '2019-07-17 16:33:00', '', 1);
INSERT INTO `job_details` (`job_id`, `job_type_id`, `rate`, `assign_to`, `start_datetime`, `mechanic_notes`, `status`) VALUES ('2', '9', '90', '', '0000-00-00 00:00:00', '123', 0);
INSERT INTO `job_details` (`job_id`, `job_type_id`, `rate`, `assign_to`, `start_datetime`, `mechanic_notes`, `status`) VALUES ('2', '15', '90', 'M6S1SCRL22A1T3Y', '2019-07-17 16:35:00', '789', 1);
INSERT INTO `job_details` (`job_id`, `job_type_id`, `rate`, `assign_to`, `start_datetime`, `mechanic_notes`, `status`) VALUES ('2', '1', '250', 'LAE5MKCQXKEU58Q', '2019-07-17 16:37:00', '', 3);
INSERT INTO `job_details` (`job_id`, `job_type_id`, `rate`, `assign_to`, `start_datetime`, `mechanic_notes`, `status`) VALUES ('2', '7', '40', 'LAE5MKCQXKEU58Q', '2019-07-17 16:39', '456', 1);
UPDATE `job` SET `recommendation` = 'asdf'
WHERE `job_id` = '2';
UPDATE `job_details` SET `end_datetime` = '2019-07-17 14:52:00'
WHERE `job_type_id` = '1'
AND `job_id` = '2';
UPDATE `job_details` SET `end_datetime` = '0000-00-00 00:00:00'
WHERE `job_type_id` = '13'
AND `job_id` = '2';
UPDATE `job_details` SET `end_datetime` = '0000-00-00 00:00:00'
WHERE `job_type_id` = '7'
AND `job_id` = '2';
UPDATE `job_details` SET `end_datetime` = '0000-00-00 00:00:00'
WHERE `job_type_id` = '10'
AND `job_id` = '2';
UPDATE `job_details` SET `end_datetime` = '0000-00-00 00:00:00'
WHERE `job_type_id` = '9'
AND `job_id` = '2';
UPDATE `job_details` SET `end_datetime` = '0000-00-00 00:00:00'
WHERE `job_type_id` = '15'
AND `job_id` = '2';
UPDATE `job_details` SET `end_datetime` = '2019-07-17 14:52:00'
WHERE `job_type_id` = '1'
AND `job_id` = '2';
DELETE FROM `job_details`
WHERE `job_id` = '2';
INSERT INTO `job_details` (`job_id`, `job_type_id`, `rate`, `assign_to`, `start_datetime`, `mechanic_notes`, `status`) VALUES ('2', '1', '250', 'M6S1SCRL22A1T3Y', '2019-07-17 14:51:00', '', 3);
INSERT INTO `job_details` (`job_id`, `job_type_id`, `rate`, `assign_to`, `start_datetime`, `mechanic_notes`, `status`) VALUES ('2', '13', '0', 'M6S1SCRL22A1T3Y', '2019-07-17 14:53:00', '', 1);
INSERT INTO `job_details` (`job_id`, `job_type_id`, `rate`, `assign_to`, `start_datetime`, `mechanic_notes`, `status`) VALUES ('2', '3', '140', '', '', '', 0);
UPDATE `job` SET `recommendation` = 'asdf'
WHERE `job_id` = '2';
UPDATE `job_details` SET `end_datetime` = '2019-07-17 14:52:00'
WHERE `job_type_id` = '1'
AND `job_id` = '2';
UPDATE `job_details` SET `end_datetime` = '0000-00-00 00:00:00'
WHERE `job_type_id` = '13'
AND `job_id` = '2';
DELETE FROM `job_details`
WHERE `job_id` = '2';
INSERT INTO `job_details` (`job_id`, `job_type_id`, `rate`, `assign_to`, `start_datetime`, `mechanic_notes`, `status`) VALUES ('2', '1', '250', 'M6S1SCRL22A1T3Y', '2019-07-17 14:51:00', '', 3);
INSERT INTO `job_details` (`job_id`, `job_type_id`, `rate`, `assign_to`, `start_datetime`, `mechanic_notes`, `status`) VALUES ('2', '13', '0', 'M6S1SCRL22A1T3Y', '2019-07-17 14:53:00', '', 1);
INSERT INTO `job_details` (`job_id`, `job_type_id`, `rate`, `assign_to`, `start_datetime`, `mechanic_notes`, `status`) VALUES ('2', '3', '140', 'M6S1SCRL22A1T3Y', '0000-00-00 00:00:00', '', 0);
INSERT INTO `job_details` (`job_id`, `job_type_id`, `rate`, `assign_to`, `start_datetime`, `mechanic_notes`, `status`) VALUES ('2', '7', '40', 'LAE5MKCQXKEU58Q', '2019-07-17 16:41', '', 1);
UPDATE `job` SET `recommendation` = 'asdf'
WHERE `job_id` = '2';
UPDATE `job_details` SET `end_datetime` = '2019-07-17 14:52:00'
WHERE `job_type_id` = '1'
AND `job_id` = '2';
UPDATE `job_details` SET `end_datetime` = '0000-00-00 00:00:00'
WHERE `job_type_id` = '13'
AND `job_id` = '2';
UPDATE `job_details` SET `end_datetime` = '0000-00-00 00:00:00'
WHERE `job_type_id` = '3'
AND `job_id` = '2';
DELETE FROM `job_details`
WHERE `job_id` = '2';
INSERT INTO `job_details` (`job_id`, `job_type_id`, `rate`, `assign_to`, `start_datetime`, `mechanic_notes`, `status`) VALUES ('2', '1', '250', 'M6S1SCRL22A1T3Y', '2019-07-17 14:51:00', '', 3);
INSERT INTO `job_details` (`job_id`, `job_type_id`, `rate`, `assign_to`, `start_datetime`, `mechanic_notes`, `status`) VALUES ('2', '13', '0', 'M6S1SCRL22A1T3Y', '2019-07-17 14:53:00', '', '2');
INSERT INTO `job_details` (`job_id`, `job_type_id`, `rate`, `assign_to`, `start_datetime`, `mechanic_notes`, `status`) VALUES ('2', '3', '140', 'M6S1SCRL22A1T3Y', '0000-00-00 00:00:00', '', 0);
INSERT INTO `job_details` (`job_id`, `job_type_id`, `rate`, `assign_to`, `start_datetime`, `mechanic_notes`, `status`) VALUES ('2', '7', '40', 'LAE5MKCQXKEU58Q', '2019-07-17 16:41:00', '', 1);
UPDATE `job` SET `recommendation` = 'asdf'
WHERE `job_id` = '2';
UPDATE `job_details` SET `end_datetime` = '2019-07-17 14:52:00'
WHERE `job_type_id` = '1'
AND `job_id` = '2';
UPDATE `job_details` SET `end_datetime` = '0000-00-00 00:00:00'
WHERE `job_type_id` = '13'
AND `job_id` = '2';
UPDATE `job_details` SET `end_datetime` = '0000-00-00 00:00:00'
WHERE `job_type_id` = '3'
AND `job_id` = '2';
UPDATE `job_details` SET `end_datetime` = '0000-00-00 00:00:00'
WHERE `job_type_id` = '7'
AND `job_id` = '2';
DELETE FROM `job_details`
WHERE `job_id` = '2';
INSERT INTO `job_details` (`job_id`, `job_type_id`, `rate`, `assign_to`, `start_datetime`, `mechanic_notes`, `status`) VALUES ('2', '1', '250', 'M6S1SCRL22A1T3Y', '2019-07-17 14:51:00', '', 3);
INSERT INTO `job_details` (`job_id`, `job_type_id`, `rate`, `assign_to`, `start_datetime`, `mechanic_notes`, `status`) VALUES ('2', '13', '0', 'M6S1SCRL22A1T3Y', '2019-07-17 14:53:00', '', '2');
INSERT INTO `job_details` (`job_id`, `job_type_id`, `rate`, `assign_to`, `start_datetime`, `mechanic_notes`, `status`) VALUES ('2', '3', '140', 'M6S1SCRL22A1T3Y', '0000-00-00 00:00:00', '', 0);
INSERT INTO `job_details` (`job_id`, `job_type_id`, `rate`, `assign_to`, `start_datetime`, `mechanic_notes`, `status`) VALUES ('2', '7', '40', 'LAE5MKCQXKEU58Q', '2019-07-17 16:41:00', '', 1);
UPDATE `job` SET `recommendation` = 'asdf'
WHERE `job_id` = '2';
UPDATE `job_details` SET `end_datetime` = '2019-07-17 14:52:00'
WHERE `job_type_id` = '1'
AND `job_id` = '2';
UPDATE `job_details` SET `end_datetime` = '2019-07-17 16:47'
WHERE `job_type_id` = '13'
AND `job_id` = '2';
UPDATE `job_details` SET `end_datetime` = '0000-00-00 00:00:00'
WHERE `job_type_id` = '3'
AND `job_id` = '2';
UPDATE `job_details` SET `end_datetime` = '0000-00-00 00:00:00'
WHERE `job_type_id` = '7'
AND `job_id` = '2';
DELETE FROM `job_details`
WHERE `job_id` = '2';
INSERT INTO `job_details` (`job_id`, `job_type_id`, `rate`, `assign_to`, `start_datetime`, `mechanic_notes`, `status`) VALUES ('2', '1', '250', 'M6S1SCRL22A1T3Y', '2019-07-17 14:51:00', '', 3);
INSERT INTO `job_details` (`job_id`, `job_type_id`, `rate`, `assign_to`, `start_datetime`, `mechanic_notes`, `status`) VALUES ('2', '13', '0', 'M6S1SCRL22A1T3Y', '2019-07-17 14:53:00', '', 3);
INSERT INTO `job_details` (`job_id`, `job_type_id`, `rate`, `assign_to`, `start_datetime`, `mechanic_notes`, `status`) VALUES ('2', '3', '140', 'M6S1SCRL22A1T3Y', '0000-00-00 00:00:00', '', 0);
INSERT INTO `job_details` (`job_id`, `job_type_id`, `rate`, `assign_to`, `start_datetime`, `mechanic_notes`, `status`) VALUES ('2', '7', '40', 'LAE5MKCQXKEU58Q', '2019-07-17 16:41:00', '', 1);
UPDATE `job` SET `recommendation` = 'asdf'
WHERE `job_id` = '2';
UPDATE `job_details` SET `end_datetime` = '2019-07-17 14:52:00'
WHERE `job_type_id` = '1'
AND `job_id` = '2';
UPDATE `job_details` SET `end_datetime` = '2019-07-17 16:47:00'
WHERE `job_type_id` = '13'
AND `job_id` = '2';
UPDATE `job_details` SET `end_datetime` = '0000-00-00 00:00:00'
WHERE `job_type_id` = '3'
AND `job_id` = '2';
UPDATE `job_details` SET `end_datetime` = '0000-00-00 00:00:00'
WHERE `job_type_id` = '7'
AND `job_id` = '2';
DELETE FROM `job_details`
WHERE `job_id` = '2';
INSERT INTO `job_details` (`job_id`, `job_type_id`, `rate`, `assign_to`, `start_datetime`, `mechanic_notes`, `status`) VALUES ('2', '1', '250', 'M6S1SCRL22A1T3Y', '2019-07-17 14:51:00', '', 3);
INSERT INTO `job_details` (`job_id`, `job_type_id`, `rate`, `assign_to`, `start_datetime`, `mechanic_notes`, `status`) VALUES ('2', '13', '0', 'M6S1SCRL22A1T3Y', '2019-07-17 14:53:00', '', 3);
INSERT INTO `job_details` (`job_id`, `job_type_id`, `rate`, `assign_to`, `start_datetime`, `mechanic_notes`, `status`) VALUES ('2', '3', '140', 'M6S1SCRL22A1T3Y', '0000-00-00 00:00:00', '', '2');
INSERT INTO `job_details` (`job_id`, `job_type_id`, `rate`, `assign_to`, `start_datetime`, `mechanic_notes`, `status`) VALUES ('2', '7', '40', 'LAE5MKCQXKEU58Q', '2019-07-17 16:41:00', '', 1);
UPDATE `job` SET `recommendation` = 'asdf'
WHERE `job_id` = '2';
UPDATE `job_details` SET `end_datetime` = '2019-07-17 14:52:00'
WHERE `job_type_id` = '1'
AND `job_id` = '2';
UPDATE `job_details` SET `end_datetime` = '2019-07-17 16:47:00'
WHERE `job_type_id` = '13'
AND `job_id` = '2';
UPDATE `job_details` SET `end_datetime` = '0000-00-00 00:00:00'
WHERE `job_type_id` = '3'
AND `job_id` = '2';
UPDATE `job_details` SET `end_datetime` = '0000-00-00 00:00:00'
WHERE `job_type_id` = '7'
AND `job_id` = '2';
DELETE FROM `job_details`
WHERE `job_id` = '2';
INSERT INTO `job_details` (`job_id`, `job_type_id`, `rate`, `assign_to`, `start_datetime`, `mechanic_notes`, `status`) VALUES ('2', '1', '250', 'M6S1SCRL22A1T3Y', '2019-07-17 14:51:00', '', 3);
INSERT INTO `job_details` (`job_id`, `job_type_id`, `rate`, `assign_to`, `start_datetime`, `mechanic_notes`, `status`) VALUES ('2', '13', '0', 'M6S1SCRL22A1T3Y', '2019-07-17 14:53:00', '', 3);
INSERT INTO `job_details` (`job_id`, `job_type_id`, `rate`, `assign_to`, `start_datetime`, `mechanic_notes`, `status`) VALUES ('2', '3', '140', 'M6S1SCRL22A1T3Y', '2019-07-17 16:52', '', 1);
INSERT INTO `job_details` (`job_id`, `job_type_id`, `rate`, `assign_to`, `start_datetime`, `mechanic_notes`, `status`) VALUES ('2', '7', '40', 'LAE5MKCQXKEU58Q', '2019-07-17 16:41:00', '', 1);
UPDATE `job` SET `recommendation` = 'asdf'
WHERE `job_id` = '2';
UPDATE `job_details` SET `end_datetime` = '2019-07-17 14:52:00'
WHERE `job_type_id` = '1'
AND `job_id` = '2';
UPDATE `job_details` SET `end_datetime` = '2019-07-17 16:47:00'
WHERE `job_type_id` = '13'
AND `job_id` = '2';
UPDATE `job_details` SET `end_datetime` = '0000-00-00 00:00:00'
WHERE `job_type_id` = '3'
AND `job_id` = '2';
UPDATE `job_details` SET `end_datetime` = '0000-00-00 00:00:00'
WHERE `job_type_id` = '7'
AND `job_id` = '2';
DELETE FROM `job_details`
WHERE `job_id` = '1';
INSERT INTO `job_details` (`job_id`, `job_type_id`, `rate`, `assign_to`, `start_datetime`, `mechanic_notes`, `status`) VALUES ('1', '1', '250', 'M6S1SCRL22A1T3Y', '2019-07-15 11:17:00', 'note one', 3);
INSERT INTO `job_details` (`job_id`, `job_type_id`, `rate`, `assign_to`, `start_datetime`, `mechanic_notes`, `status`) VALUES ('1', '3', '140', 'M6S1SCRL22A1T3Y', '2019-07-15 11:21:00', 'note two 8 9 10', 3);
INSERT INTO `job_details` (`job_id`, `job_type_id`, `rate`, `assign_to`, `start_datetime`, `mechanic_notes`, `status`) VALUES ('1', '2', '150', 'M6S1SCRL22A1T3Y', '2019-07-17 14:23:00', '', 1);
INSERT INTO `job_details` (`job_id`, `job_type_id`, `rate`, `assign_to`, `start_datetime`, `mechanic_notes`, `status`) VALUES ('1', '13', '0', 'LAE5MKCQXKEU58Q', '0000-00-00 00:00:00', '', '2');
INSERT INTO `job_details` (`job_id`, `job_type_id`, `rate`, `assign_to`, `start_datetime`, `mechanic_notes`, `status`) VALUES ('1', '9', '90', 'LAE5MKCQXKEU58Q', '0000-00-00 00:00:00', '', 0);
DELETE FROM `job_products_used`
WHERE `job_id` = '1';
INSERT INTO `job_products_used` (`job_id`, `product_id`, `available_qty`, `rate`, `used_qty`, `mechanic_note`) VALUES ('1', '97342595', '30', '10000', '5', 'product mechanic note one');
UPDATE `job` SET `recommendation` = 'test cc'
WHERE `job_id` = '1';
UPDATE `job_details` SET `end_datetime` = '2019-07-15 11:18:00'
WHERE `job_type_id` = '1'
AND `job_id` = '1';
UPDATE `job_details` SET `end_datetime` = '2019-07-15 11:39:00'
WHERE `job_type_id` = '3'
AND `job_id` = '1';
UPDATE `job_details` SET `end_datetime` = '0000-00-00 00:00:00'
WHERE `job_type_id` = '2'
AND `job_id` = '1';
UPDATE `job_details` SET `end_datetime` = '0000-00-00 00:00:00'
WHERE `job_type_id` = '13'
AND `job_id` = '1';
UPDATE `job_details` SET `end_datetime` = '0000-00-00 00:00:00'
WHERE `job_type_id` = '9'
AND `job_id` = '1';
DELETE FROM `job_details`
WHERE `job_id` = '1';
INSERT INTO `job_details` (`job_id`, `job_type_id`, `rate`, `assign_to`, `start_datetime`, `mechanic_notes`, `status`) VALUES ('1', '1', '250', 'M6S1SCRL22A1T3Y', '2019-07-15 11:17:00', 'note one', 3);
INSERT INTO `job_details` (`job_id`, `job_type_id`, `rate`, `assign_to`, `start_datetime`, `mechanic_notes`, `status`) VALUES ('1', '3', '140', 'M6S1SCRL22A1T3Y', '2019-07-15 11:21:00', 'note two 8 9 10', 3);
INSERT INTO `job_details` (`job_id`, `job_type_id`, `rate`, `assign_to`, `start_datetime`, `mechanic_notes`, `status`) VALUES ('1', '2', '150', 'M6S1SCRL22A1T3Y', '2019-07-17 14:23:00', '', 1);
INSERT INTO `job_details` (`job_id`, `job_type_id`, `rate`, `assign_to`, `start_datetime`, `mechanic_notes`, `status`) VALUES ('1', '13', '0', 'LAE5MKCQXKEU58Q', '0000-00-00 00:00:00', '', '2');
INSERT INTO `job_details` (`job_id`, `job_type_id`, `rate`, `assign_to`, `start_datetime`, `mechanic_notes`, `status`) VALUES ('1', '9', '90', 'LAE5MKCQXKEU58Q', '0000-00-00 00:00:00', '', 0);
DELETE FROM `job_products_used`
WHERE `job_id` = '1';
INSERT INTO `job_products_used` (`job_id`, `product_id`, `available_qty`, `rate`, `used_qty`, `mechanic_note`) VALUES ('1', '97342595', '30', '10000', '5', 'product mechanic note one');
UPDATE `job` SET `recommendation` = 'test cc'
WHERE `job_id` = '1';
UPDATE `job_details` SET `end_datetime` = '2019-07-15 11:18:00'
WHERE `job_type_id` = '1'
AND `job_id` = '1';
UPDATE `job_details` SET `end_datetime` = '2019-07-15 11:39:00'
WHERE `job_type_id` = '3'
AND `job_id` = '1';
UPDATE `job_details` SET `end_datetime` = '0000-00-00 00:00:00'
WHERE `job_type_id` = '2'
AND `job_id` = '1';
UPDATE `job_details` SET `end_datetime` = '0000-00-00 00:00:00'
WHERE `job_type_id` = '13'
AND `job_id` = '1';
UPDATE `job_details` SET `end_datetime` = '0000-00-00 00:00:00'
WHERE `job_type_id` = '9'
AND `job_id` = '1';
DELETE FROM `job_details`
WHERE `job_id` = '1';
INSERT INTO `job_details` (`job_id`, `job_type_id`, `rate`, `assign_to`, `start_datetime`, `mechanic_notes`, `status`) VALUES ('1', '1', '250', 'M6S1SCRL22A1T3Y', '2019-07-15 11:17:00', 'note one', 3);
INSERT INTO `job_details` (`job_id`, `job_type_id`, `rate`, `assign_to`, `start_datetime`, `mechanic_notes`, `status`) VALUES ('1', '3', '140', 'M6S1SCRL22A1T3Y', '2019-07-15 11:21:00', 'note two 8 9 10', 3);
INSERT INTO `job_details` (`job_id`, `job_type_id`, `rate`, `assign_to`, `start_datetime`, `mechanic_notes`, `status`) VALUES ('1', '2', '150', 'M6S1SCRL22A1T3Y', '2019-07-17 14:23:00', '', 1);
INSERT INTO `job_details` (`job_id`, `job_type_id`, `rate`, `assign_to`, `start_datetime`, `mechanic_notes`, `status`) VALUES ('1', '13', '0', 'LAE5MKCQXKEU58Q', '0000-00-00 00:00:00', '', '2');
INSERT INTO `job_details` (`job_id`, `job_type_id`, `rate`, `assign_to`, `start_datetime`, `mechanic_notes`, `status`) VALUES ('1', '9', '90', 'LAE5MKCQXKEU58Q', '0000-00-00 00:00:00', '', 0);
DELETE FROM `job_products_used`
WHERE `job_id` = '1';
INSERT INTO `job_products_used` (`job_id`, `product_id`, `available_qty`, `rate`, `used_qty`, `mechanic_note`) VALUES ('1', '97342595', '30', '10000', '5', 'product mechanic note one');
UPDATE `job` SET `recommendation` = 'test cc'
WHERE `job_id` = '1';
UPDATE `job_details` SET `end_datetime` = '2019-07-15 11:18:00'
WHERE `job_type_id` = '1'
AND `job_id` = '1';
UPDATE `job_details` SET `end_datetime` = '2019-07-15 11:39:00'
WHERE `job_type_id` = '3'
AND `job_id` = '1';
UPDATE `job_details` SET `end_datetime` = '0000-00-00 00:00:00'
WHERE `job_type_id` = '2'
AND `job_id` = '1';
UPDATE `job_details` SET `end_datetime` = '0000-00-00 00:00:00'
WHERE `job_type_id` = '13'
AND `job_id` = '1';
UPDATE `job_details` SET `end_datetime` = '0000-00-00 00:00:00'
WHERE `job_type_id` = '9'
AND `job_id` = '1';
DELETE FROM `job_details`
WHERE `job_id` = '1';
INSERT INTO `job_details` (`job_id`, `job_type_id`, `rate`, `assign_to`, `start_datetime`, `mechanic_notes`, `status`) VALUES ('1', '1', '250', 'M6S1SCRL22A1T3Y', '2019-07-15 11:17:00', 'note one', 3);
INSERT INTO `job_details` (`job_id`, `job_type_id`, `rate`, `assign_to`, `start_datetime`, `mechanic_notes`, `status`) VALUES ('1', '3', '140', 'M6S1SCRL22A1T3Y', '2019-07-15 11:21:00', 'note two 8 9 10', 3);
INSERT INTO `job_details` (`job_id`, `job_type_id`, `rate`, `assign_to`, `start_datetime`, `mechanic_notes`, `status`) VALUES ('1', '2', '150', 'M6S1SCRL22A1T3Y', '2019-07-17 14:23:00', '', 1);
INSERT INTO `job_details` (`job_id`, `job_type_id`, `rate`, `assign_to`, `start_datetime`, `mechanic_notes`, `status`) VALUES ('1', '13', '0', 'LAE5MKCQXKEU58Q', '0000-00-00 00:00:00', '', '2');
INSERT INTO `job_details` (`job_id`, `job_type_id`, `rate`, `assign_to`, `start_datetime`, `mechanic_notes`, `status`) VALUES ('1', '9', '90', 'LAE5MKCQXKEU58Q', '0000-00-00 00:00:00', '', '2');
DELETE FROM `job_products_used`
WHERE `job_id` = '1';
INSERT INTO `job_products_used` (`job_id`, `product_id`, `available_qty`, `rate`, `used_qty`, `mechanic_note`) VALUES ('1', '97342595', '30', '10000', '5', 'product mechanic note one');
UPDATE `job` SET `recommendation` = 'test cc'
WHERE `job_id` = '1';
UPDATE `job_details` SET `end_datetime` = '2019-07-15 11:18:00'
WHERE `job_type_id` = '1'
AND `job_id` = '1';
UPDATE `job_details` SET `end_datetime` = '2019-07-15 11:39:00'
WHERE `job_type_id` = '3'
AND `job_id` = '1';
UPDATE `job_details` SET `end_datetime` = '0000-00-00 00:00:00'
WHERE `job_type_id` = '2'
AND `job_id` = '1';
UPDATE `job_details` SET `end_datetime` = '0000-00-00 00:00:00'
WHERE `job_type_id` = '13'
AND `job_id` = '1';
UPDATE `job_details` SET `end_datetime` = '0000-00-00 00:00:00'
WHERE `job_type_id` = '9'
AND `job_id` = '1';
DELETE FROM `job_details`
WHERE `job_id` = '1';
INSERT INTO `job_details` (`job_id`, `job_type_id`, `rate`, `assign_to`, `start_datetime`, `mechanic_notes`, `status`) VALUES ('1', '1', '250', 'M6S1SCRL22A1T3Y', '2019-07-15 11:17:00', 'note one', 3);
INSERT INTO `job_details` (`job_id`, `job_type_id`, `rate`, `assign_to`, `start_datetime`, `mechanic_notes`, `status`) VALUES ('1', '3', '140', 'M6S1SCRL22A1T3Y', '2019-07-15 11:21:00', 'note two 8 9 10', 3);
INSERT INTO `job_details` (`job_id`, `job_type_id`, `rate`, `assign_to`, `start_datetime`, `mechanic_notes`, `status`) VALUES ('1', '2', '150', 'M6S1SCRL22A1T3Y', '2019-07-17 14:23:00', '', 1);
INSERT INTO `job_details` (`job_id`, `job_type_id`, `rate`, `assign_to`, `start_datetime`, `mechanic_notes`, `status`) VALUES ('1', '13', '0', 'LAE5MKCQXKEU58Q', '0000-00-00 00:00:00', '', '2');
INSERT INTO `job_details` (`job_id`, `job_type_id`, `rate`, `assign_to`, `start_datetime`, `mechanic_notes`, `status`) VALUES ('1', '9', '90', 'LAE5MKCQXKEU58Q', '0000-00-00 00:00:00', '', 0);
DELETE FROM `job_products_used`
WHERE `job_id` = '1';
INSERT INTO `job_products_used` (`job_id`, `product_id`, `available_qty`, `rate`, `used_qty`, `mechanic_note`) VALUES ('1', '97342595', '30', '10000', '5', 'product mechanic note one');
UPDATE `job` SET `recommendation` = 'test cc'
WHERE `job_id` = '1';
UPDATE `job_details` SET `end_datetime` = '2019-07-15 11:18:00'
WHERE `job_type_id` = '1'
AND `job_id` = '1';
UPDATE `job_details` SET `end_datetime` = '2019-07-15 11:39:00'
WHERE `job_type_id` = '3'
AND `job_id` = '1';
UPDATE `job_details` SET `end_datetime` = '0000-00-00 00:00:00'
WHERE `job_type_id` = '2'
AND `job_id` = '1';
UPDATE `job_details` SET `end_datetime` = '0000-00-00 00:00:00'
WHERE `job_type_id` = '13'
AND `job_id` = '1';
UPDATE `job_details` SET `end_datetime` = '0000-00-00 00:00:00'
WHERE `job_type_id` = '9'
AND `job_id` = '1';
DELETE FROM `job_details`
WHERE `job_id` = '1';
INSERT INTO `job_details` (`job_id`, `job_type_id`, `rate`, `assign_to`, `start_datetime`, `mechanic_notes`, `status`) VALUES ('1', '1', '250', 'M6S1SCRL22A1T3Y', '2019-07-15 11:17:00', 'note one', 3);
INSERT INTO `job_details` (`job_id`, `job_type_id`, `rate`, `assign_to`, `start_datetime`, `mechanic_notes`, `status`) VALUES ('1', '3', '140', 'M6S1SCRL22A1T3Y', '2019-07-15 11:21:00', 'note two 8 9 10', 3);
INSERT INTO `job_details` (`job_id`, `job_type_id`, `rate`, `assign_to`, `start_datetime`, `mechanic_notes`, `status`) VALUES ('1', '2', '150', 'M6S1SCRL22A1T3Y', '2019-07-17 14:23:00', '', 1);
INSERT INTO `job_details` (`job_id`, `job_type_id`, `rate`, `assign_to`, `start_datetime`, `mechanic_notes`, `status`) VALUES ('1', '13', '0', 'LAE5MKCQXKEU58Q', '0000-00-00 00:00:00', '', '2');
INSERT INTO `job_details` (`job_id`, `job_type_id`, `rate`, `assign_to`, `start_datetime`, `mechanic_notes`, `status`) VALUES ('1', '9', '90', 'LAE5MKCQXKEU58Q', '0000-00-00 00:00:00', '', 0);
DELETE FROM `job_products_used`
WHERE `job_id` = '1';
INSERT INTO `job_products_used` (`job_id`, `product_id`, `available_qty`, `rate`, `used_qty`, `mechanic_note`) VALUES ('1', '97342595', '30', '10000', '5', 'product mechanic note one');
UPDATE `job` SET `recommendation` = 'test cc'
WHERE `job_id` = '1';
UPDATE `job_details` SET `end_datetime` = '2019-07-15 11:18:00'
WHERE `job_type_id` = '1'
AND `job_id` = '1';
UPDATE `job_details` SET `end_datetime` = '2019-07-15 11:39:00'
WHERE `job_type_id` = '3'
AND `job_id` = '1';
UPDATE `job_details` SET `end_datetime` = '0000-00-00 00:00:00'
WHERE `job_type_id` = '2'
AND `job_id` = '1';
UPDATE `job_details` SET `end_datetime` = '0000-00-00 00:00:00'
WHERE `job_type_id` = '13'
AND `job_id` = '1';
UPDATE `job_details` SET `end_datetime` = '0000-00-00 00:00:00'
WHERE `job_type_id` = '9'
AND `job_id` = '1';
DELETE FROM `job_details`
WHERE `job_id` = '1';
INSERT INTO `job_details` (`job_id`, `job_type_id`, `rate`, `assign_to`, `start_datetime`, `mechanic_notes`, `status`) VALUES ('1', '1', '250', 'M6S1SCRL22A1T3Y', '2019-07-15 11:17:00', 'note one', 3);
INSERT INTO `job_details` (`job_id`, `job_type_id`, `rate`, `assign_to`, `start_datetime`, `mechanic_notes`, `status`) VALUES ('1', '3', '140', 'M6S1SCRL22A1T3Y', '2019-07-15 11:21:00', 'note two 8 9 10', 3);
INSERT INTO `job_details` (`job_id`, `job_type_id`, `rate`, `assign_to`, `start_datetime`, `mechanic_notes`, `status`) VALUES ('1', '2', '150', 'M6S1SCRL22A1T3Y', '2019-07-17 14:23:00', '', 1);
INSERT INTO `job_details` (`job_id`, `job_type_id`, `rate`, `assign_to`, `start_datetime`, `mechanic_notes`, `status`) VALUES ('1', '13', '0', 'LAE5MKCQXKEU58Q', '0000-00-00 00:00:00', '', '2');
INSERT INTO `job_details` (`job_id`, `job_type_id`, `rate`, `assign_to`, `start_datetime`, `mechanic_notes`, `status`) VALUES ('1', '9', '90', 'LAE5MKCQXKEU58Q', '0000-00-00 00:00:00', '', 0);
DELETE FROM `job_products_used`
WHERE `job_id` = '1';
INSERT INTO `job_products_used` (`job_id`, `product_id`, `available_qty`, `rate`, `used_qty`, `mechanic_note`) VALUES ('1', '97342595', '30', '10000', '5', 'product mechanic note one');
UPDATE `job` SET `recommendation` = 'test cc'
WHERE `job_id` = '1';
UPDATE `job_details` SET `end_datetime` = '2019-07-15 11:18:00'
WHERE `job_type_id` = '1'
AND `job_id` = '1';
UPDATE `job_details` SET `end_datetime` = '2019-07-15 11:39:00'
WHERE `job_type_id` = '3'
AND `job_id` = '1';
UPDATE `job_details` SET `end_datetime` = '0000-00-00 00:00:00'
WHERE `job_type_id` = '2'
AND `job_id` = '1';
UPDATE `job_details` SET `end_datetime` = '0000-00-00 00:00:00'
WHERE `job_type_id` = '13'
AND `job_id` = '1';
UPDATE `job_details` SET `end_datetime` = '0000-00-00 00:00:00'
WHERE `job_type_id` = '9'
AND `job_id` = '1';
DELETE FROM `job_details`
WHERE `job_id` = '1';
INSERT INTO `job_details` (`job_id`, `job_type_id`, `rate`, `assign_to`, `start_datetime`, `mechanic_notes`, `status`) VALUES ('1', '1', '250', 'M6S1SCRL22A1T3Y', '2019-07-15 11:17:00', 'note one', 3);
INSERT INTO `job_details` (`job_id`, `job_type_id`, `rate`, `assign_to`, `start_datetime`, `mechanic_notes`, `status`) VALUES ('1', '3', '140', 'M6S1SCRL22A1T3Y', '2019-07-15 11:21:00', 'note two 8 9 10', 3);
INSERT INTO `job_details` (`job_id`, `job_type_id`, `rate`, `assign_to`, `start_datetime`, `mechanic_notes`, `status`) VALUES ('1', '2', '150', 'M6S1SCRL22A1T3Y', '2019-07-17 14:23:00', '', 1);
INSERT INTO `job_details` (`job_id`, `job_type_id`, `rate`, `assign_to`, `start_datetime`, `mechanic_notes`, `status`) VALUES ('1', '13', '0', 'LAE5MKCQXKEU58Q', '0000-00-00 00:00:00', '', '2');
INSERT INTO `job_details` (`job_id`, `job_type_id`, `rate`, `assign_to`, `start_datetime`, `mechanic_notes`, `status`) VALUES ('1', '9', '90', 'LAE5MKCQXKEU58Q', '0000-00-00 00:00:00', '', 0);
DELETE FROM `job_products_used`
WHERE `job_id` = '1';
INSERT INTO `job_products_used` (`job_id`, `product_id`, `available_qty`, `rate`, `used_qty`, `mechanic_note`) VALUES ('1', '97342595', '30', '10000', '5', 'product mechanic note one');
UPDATE `job` SET `recommendation` = 'test cc'
WHERE `job_id` = '1';
UPDATE `job_details` SET `end_datetime` = '2019-07-15 11:18:00'
WHERE `job_type_id` = '1'
AND `job_id` = '1';
UPDATE `job_details` SET `end_datetime` = '2019-07-15 11:39:00'
WHERE `job_type_id` = '3'
AND `job_id` = '1';
UPDATE `job_details` SET `end_datetime` = '0000-00-00 00:00:00'
WHERE `job_type_id` = '2'
AND `job_id` = '1';
UPDATE `job_details` SET `end_datetime` = '0000-00-00 00:00:00'
WHERE `job_type_id` = '13'
AND `job_id` = '1';
UPDATE `job_details` SET `end_datetime` = '0000-00-00 00:00:00'
WHERE `job_type_id` = '9'
AND `job_id` = '1';
DELETE FROM `job_details`
WHERE `job_id` = '1';
INSERT INTO `job_details` (`job_id`, `job_type_id`, `rate`, `assign_to`, `start_datetime`, `mechanic_notes`, `status`) VALUES ('1', '1', '250', 'M6S1SCRL22A1T3Y', '2019-07-15 11:17:00', 'note one', 3);
INSERT INTO `job_details` (`job_id`, `job_type_id`, `rate`, `assign_to`, `start_datetime`, `mechanic_notes`, `status`) VALUES ('1', '3', '140', 'M6S1SCRL22A1T3Y', '2019-07-15 11:21:00', 'note two 8 9 10', 3);
INSERT INTO `job_details` (`job_id`, `job_type_id`, `rate`, `assign_to`, `start_datetime`, `mechanic_notes`, `status`) VALUES ('1', '2', '150', 'M6S1SCRL22A1T3Y', '2019-07-17 14:23:00', '', 1);
INSERT INTO `job_details` (`job_id`, `job_type_id`, `rate`, `assign_to`, `start_datetime`, `mechanic_notes`, `status`) VALUES ('1', '13', '0', 'LAE5MKCQXKEU58Q', '0000-00-00 00:00:00', '', '2');
INSERT INTO `job_details` (`job_id`, `job_type_id`, `rate`, `assign_to`, `start_datetime`, `mechanic_notes`, `status`) VALUES ('1', '9', '90', 'LAE5MKCQXKEU58Q', '0000-00-00 00:00:00', '', 0);
DELETE FROM `job_products_used`
WHERE `job_id` = '1';
INSERT INTO `job_products_used` (`job_id`, `product_id`, `available_qty`, `rate`, `used_qty`, `mechanic_note`) VALUES ('1', '97342595', '30', '10000', '5', 'product mechanic note one');
UPDATE `job` SET `recommendation` = 'test cc'
WHERE `job_id` = '1';
UPDATE `job_details` SET `end_datetime` = '2019-07-15 11:18:00'
WHERE `job_type_id` = '1'
AND `job_id` = '1';
UPDATE `job_details` SET `end_datetime` = '2019-07-15 11:39:00'
WHERE `job_type_id` = '3'
AND `job_id` = '1';
UPDATE `job_details` SET `end_datetime` = '0000-00-00 00:00:00'
WHERE `job_type_id` = '2'
AND `job_id` = '1';
UPDATE `job_details` SET `end_datetime` = '0000-00-00 00:00:00'
WHERE `job_type_id` = '13'
AND `job_id` = '1';
UPDATE `job_details` SET `end_datetime` = '0000-00-00 00:00:00'
WHERE `job_type_id` = '9'
AND `job_id` = '1';
INSERT INTO `job_details` (`job_id`, `job_type_id`, `rate`, `assign_to`, `start_datetime`, `mechanic_notes`, `status`) VALUES ('1', '1', '250', 'M6S1SCRL22A1T3Y', '2019-07-15 11:17:00', 'note one', 3);
INSERT INTO `job_details` (`job_id`, `job_type_id`, `rate`, `assign_to`, `start_datetime`, `mechanic_notes`, `status`) VALUES ('1', '3', '140', 'M6S1SCRL22A1T3Y', '2019-07-15 11:21:00', 'note two 8 9 10', 3);
INSERT INTO `job_details` (`job_id`, `job_type_id`, `rate`, `assign_to`, `start_datetime`, `mechanic_notes`, `status`) VALUES ('1', '2', '150', 'M6S1SCRL22A1T3Y', '2019-07-17 14:23:00', '', 1);
INSERT INTO `job_details` (`job_id`, `job_type_id`, `rate`, `assign_to`, `start_datetime`, `mechanic_notes`, `status`) VALUES ('1', '13', '0', 'LAE5MKCQXKEU58Q', '0000-00-00 00:00:00', '', 0);
INSERT INTO `job_details` (`job_id`, `job_type_id`, `rate`, `assign_to`, `start_datetime`, `mechanic_notes`, `status`) VALUES ('1', '9', '90', 'LAE5MKCQXKEU58Q', '0000-00-00 00:00:00', '', 0);
DELETE FROM `job_products_used`
WHERE `job_id` = '1';
INSERT INTO `job_products_used` (`job_id`, `product_id`, `available_qty`, `rate`, `used_qty`, `mechanic_note`) VALUES ('1', '97342595', '30', '10000', '5', 'product mechanic note one');
UPDATE `job` SET `recommendation` = 'test cc'
WHERE `job_id` = '1';
UPDATE `job_details` SET `end_datetime` = '2019-07-15 11:18:00'
WHERE `job_type_id` = '1'
AND `job_id` = '1';
UPDATE `job_details` SET `end_datetime` = '2019-07-15 11:39:00'
WHERE `job_type_id` = '3'
AND `job_id` = '1';
UPDATE `job_details` SET `end_datetime` = '0000-00-00 00:00:00'
WHERE `job_type_id` = '2'
AND `job_id` = '1';
UPDATE `job_details` SET `end_datetime` = '0000-00-00 00:00:00'
WHERE `job_type_id` = '13'
AND `job_id` = '1';
UPDATE `job_details` SET `end_datetime` = '0000-00-00 00:00:00'
WHERE `job_type_id` = '9'
AND `job_id` = '1';
DELETE FROM `job_details`
WHERE `job_id` = '1';
INSERT INTO `job_details` (`job_id`, `job_type_id`, `rate`, `assign_to`, `start_datetime`, `mechanic_notes`, `status`) VALUES ('1', '1', '250', 'M6S1SCRL22A1T3Y', '2019-07-15 11:17:00', 'note one', 3);
INSERT INTO `job_details` (`job_id`, `job_type_id`, `rate`, `assign_to`, `start_datetime`, `mechanic_notes`, `status`) VALUES ('1', '3', '140', 'M6S1SCRL22A1T3Y', '2019-07-15 11:21:00', 'note two 8 9 10', 3);
INSERT INTO `job_details` (`job_id`, `job_type_id`, `rate`, `assign_to`, `start_datetime`, `mechanic_notes`, `status`) VALUES ('1', '2', '150', 'M6S1SCRL22A1T3Y', '2019-07-17 14:23:00', '', 1);
INSERT INTO `job_details` (`job_id`, `job_type_id`, `rate`, `assign_to`, `start_datetime`, `mechanic_notes`, `status`) VALUES ('1', '13', '0', 'LAE5MKCQXKEU58Q', '0000-00-00 00:00:00', '', 0);
INSERT INTO `job_details` (`job_id`, `job_type_id`, `rate`, `assign_to`, `start_datetime`, `mechanic_notes`, `status`) VALUES ('1', '9', '90', 'LAE5MKCQXKEU58Q', '0000-00-00 00:00:00', '', 0);
INSERT INTO `job_details` (`job_id`, `job_type_id`, `rate`, `assign_to`, `start_datetime`, `mechanic_notes`, `status`) VALUES ('1', '1', '250', 'M6S1SCRL22A1T3Y', '2019-07-15 11:17:00', 'note one', 3);
INSERT INTO `job_details` (`job_id`, `job_type_id`, `rate`, `assign_to`, `start_datetime`, `mechanic_notes`, `status`) VALUES ('1', '3', '140', 'M6S1SCRL22A1T3Y', '2019-07-15 11:21:00', 'note two 8 9 10', 3);
INSERT INTO `job_details` (`job_id`, `job_type_id`, `rate`, `assign_to`, `start_datetime`, `mechanic_notes`, `status`) VALUES ('1', '2', '150', 'M6S1SCRL22A1T3Y', '2019-07-17 14:23:00', '', 1);
INSERT INTO `job_details` (`job_id`, `job_type_id`, `rate`, `assign_to`, `start_datetime`, `mechanic_notes`, `status`) VALUES ('1', '13', '0', 'LAE5MKCQXKEU58Q', '0000-00-00 00:00:00', '', 0);
INSERT INTO `job_details` (`job_id`, `job_type_id`, `rate`, `assign_to`, `start_datetime`, `mechanic_notes`, `status`) VALUES ('1', '9', '90', 'LAE5MKCQXKEU58Q', '0000-00-00 00:00:00', '', 0);
DELETE FROM `job_products_used`
WHERE `job_id` = '1';
INSERT INTO `job_products_used` (`job_id`, `product_id`, `available_qty`, `rate`, `used_qty`, `mechanic_note`) VALUES ('1', '97342595', '30', '10000', '5', 'product mechanic note one');
UPDATE `job` SET `recommendation` = 'test cc'
WHERE `job_id` = '1';
UPDATE `job_details` SET `end_datetime` = '2019-07-15 11:18:00'
WHERE `job_type_id` = '1'
AND `job_id` = '1';
UPDATE `job_details` SET `end_datetime` = '2019-07-15 11:39:00'
WHERE `job_type_id` = '3'
AND `job_id` = '1';
UPDATE `job_details` SET `end_datetime` = '0000-00-00 00:00:00'
WHERE `job_type_id` = '2'
AND `job_id` = '1';
UPDATE `job_details` SET `end_datetime` = '0000-00-00 00:00:00'
WHERE `job_type_id` = '13'
AND `job_id` = '1';
UPDATE `job_details` SET `end_datetime` = '0000-00-00 00:00:00'
WHERE `job_type_id` = '9'
AND `job_id` = '1';
UPDATE `job_details` SET `end_datetime` = '2019-07-15 11:18:00'
WHERE `job_type_id` = '1'
AND `job_id` = '1';
UPDATE `job_details` SET `end_datetime` = '2019-07-15 11:39:00'
WHERE `job_type_id` = '3'
AND `job_id` = '1';
UPDATE `job_details` SET `end_datetime` = '0000-00-00 00:00:00'
WHERE `job_type_id` = '2'
AND `job_id` = '1';
UPDATE `job_details` SET `end_datetime` = '0000-00-00 00:00:00'
WHERE `job_type_id` = '13'
AND `job_id` = '1';
UPDATE `job_details` SET `end_datetime` = '0000-00-00 00:00:00'
WHERE `job_type_id` = '9'
AND `job_id` = '1';
DELETE FROM `job_details`
WHERE `job_id` = '1';
INSERT INTO `job_details` (`job_id`, `job_type_id`, `rate`, `assign_to`, `start_datetime`, `mechanic_notes`, `status`) VALUES ('1', '1', '250', 'M6S1SCRL22A1T3Y', '2019-07-15 11:17:00', 'note one', 3);
INSERT INTO `job_details` (`job_id`, `job_type_id`, `rate`, `assign_to`, `start_datetime`, `mechanic_notes`, `status`) VALUES ('1', '3', '140', 'M6S1SCRL22A1T3Y', '2019-07-15 11:21:00', 'note two 8 9 10', 3);
INSERT INTO `job_details` (`job_id`, `job_type_id`, `rate`, `assign_to`, `start_datetime`, `mechanic_notes`, `status`) VALUES ('1', '2', '150', 'M6S1SCRL22A1T3Y', '2019-07-17 14:23:00', '', 1);
INSERT INTO `job_details` (`job_id`, `job_type_id`, `rate`, `assign_to`, `start_datetime`, `mechanic_notes`, `status`) VALUES ('1', '13', '0', 'LAE5MKCQXKEU58Q', '0000-00-00 00:00:00', '', 0);
INSERT INTO `job_details` (`job_id`, `job_type_id`, `rate`, `assign_to`, `start_datetime`, `mechanic_notes`, `status`) VALUES ('1', '9', '90', 'LAE5MKCQXKEU58Q', '0000-00-00 00:00:00', '', 0);
DELETE FROM `job_products_used`
WHERE `job_id` = '1';
INSERT INTO `job_products_used` (`job_id`, `product_id`, `available_qty`, `rate`, `used_qty`, `mechanic_note`) VALUES ('1', '97342595', '30', '10000', '5', 'product mechanic note one');
UPDATE `job` SET `recommendation` = 'test cc'
WHERE `job_id` = '1';
UPDATE `job_details` SET `end_datetime` = '2019-07-15 11:18:00'
WHERE `job_type_id` = '1'
AND `job_id` = '1';
UPDATE `job_details` SET `end_datetime` = '2019-07-15 11:39:00'
WHERE `job_type_id` = '3'
AND `job_id` = '1';
UPDATE `job_details` SET `end_datetime` = '0000-00-00 00:00:00'
WHERE `job_type_id` = '2'
AND `job_id` = '1';
UPDATE `job_details` SET `end_datetime` = '0000-00-00 00:00:00'
WHERE `job_type_id` = '13'
AND `job_id` = '1';
UPDATE `job_details` SET `end_datetime` = '0000-00-00 00:00:00'
WHERE `job_type_id` = '9'
AND `job_id` = '1';
DELETE FROM `job_details`
WHERE `job_id` = '1';
INSERT INTO `job_details` (`job_id`, `job_type_id`, `rate`, `assign_to`, `start_datetime`, `mechanic_notes`, `status`) VALUES ('1', '1', '250', 'M6S1SCRL22A1T3Y', '2019-07-15 11:17:00', 'note one', 3);
INSERT INTO `job_details` (`job_id`, `job_type_id`, `rate`, `assign_to`, `start_datetime`, `mechanic_notes`, `status`) VALUES ('1', '3', '140', 'M6S1SCRL22A1T3Y', '2019-07-15 11:21:00', 'note two 8 9 10', 3);
INSERT INTO `job_details` (`job_id`, `job_type_id`, `rate`, `assign_to`, `start_datetime`, `mechanic_notes`, `status`) VALUES ('1', '2', '150', 'M6S1SCRL22A1T3Y', '2019-07-17 14:23:00', '', 1);
INSERT INTO `job_details` (`job_id`, `job_type_id`, `rate`, `assign_to`, `start_datetime`, `mechanic_notes`, `status`) VALUES ('1', '13', '0', 'LAE5MKCQXKEU58Q', '0000-00-00 00:00:00', '', 0);
INSERT INTO `job_details` (`job_id`, `job_type_id`, `rate`, `assign_to`, `start_datetime`, `mechanic_notes`, `status`) VALUES ('1', '9', '90', 'LAE5MKCQXKEU58Q', '0000-00-00 00:00:00', '', 2);
DELETE FROM `job_products_used`
WHERE `job_id` = '1';
INSERT INTO `job_products_used` (`job_id`, `product_id`, `available_qty`, `rate`, `used_qty`, `mechanic_note`) VALUES ('1', '97342595', '30', '10000', '5', 'product mechanic note one');
UPDATE `job` SET `recommendation` = 'test cc'
WHERE `job_id` = '1';
UPDATE `job_details` SET `end_datetime` = '2019-07-15 11:18:00'
WHERE `job_type_id` = '1'
AND `job_id` = '1';
UPDATE `job_details` SET `end_datetime` = '2019-07-15 11:39:00'
WHERE `job_type_id` = '3'
AND `job_id` = '1';
UPDATE `job_details` SET `end_datetime` = '0000-00-00 00:00:00'
WHERE `job_type_id` = '2'
AND `job_id` = '1';
UPDATE `job_details` SET `end_datetime` = '0000-00-00 00:00:00'
WHERE `job_type_id` = '13'
AND `job_id` = '1';
UPDATE `job_details` SET `end_datetime` = '0000-00-00 00:00:00'
WHERE `job_type_id` = '9'
AND `job_id` = '1';
DELETE FROM `job_details`
WHERE `job_id` = '1';
INSERT INTO `job_details` (`job_id`, `job_type_id`, `rate`, `assign_to`, `start_datetime`, `mechanic_notes`, `status`) VALUES ('1', '1', '250', 'M6S1SCRL22A1T3Y', '2019-07-15 11:17:00', 'note one', 3);
INSERT INTO `job_details` (`job_id`, `job_type_id`, `rate`, `assign_to`, `start_datetime`, `mechanic_notes`, `status`) VALUES ('1', '3', '140', 'M6S1SCRL22A1T3Y', '2019-07-15 11:21:00', 'note two 8 9 10', 3);
INSERT INTO `job_details` (`job_id`, `job_type_id`, `rate`, `assign_to`, `start_datetime`, `mechanic_notes`, `status`) VALUES ('1', '2', '150', 'M6S1SCRL22A1T3Y', '2019-07-17 14:23:00', '', 1);
INSERT INTO `job_details` (`job_id`, `job_type_id`, `rate`, `assign_to`, `start_datetime`, `mechanic_notes`, `status`) VALUES ('1', '13', '0', 'LAE5MKCQXKEU58Q', '0000-00-00 00:00:00', '', 0);
INSERT INTO `job_details` (`job_id`, `job_type_id`, `rate`, `assign_to`, `start_datetime`, `mechanic_notes`, `status`) VALUES ('1', '9', '90', 'LAE5MKCQXKEU58Q', '0000-00-00 00:00:00', '', 0);
DELETE FROM `job_products_used`
WHERE `job_id` = '1';
INSERT INTO `job_products_used` (`job_id`, `product_id`, `available_qty`, `rate`, `used_qty`, `mechanic_note`) VALUES ('1', '97342595', '30', '10000', '5', 'product mechanic note one');
UPDATE `job` SET `recommendation` = 'test cc'
WHERE `job_id` = '1';
UPDATE `job_details` SET `end_datetime` = '2019-07-15 11:18:00'
WHERE `job_type_id` = '1'
AND `job_id` = '1';
UPDATE `job_details` SET `end_datetime` = '2019-07-15 11:39:00'
WHERE `job_type_id` = '3'
AND `job_id` = '1';
UPDATE `job_details` SET `end_datetime` = '0000-00-00 00:00:00'
WHERE `job_type_id` = '2'
AND `job_id` = '1';
UPDATE `job_details` SET `end_datetime` = '0000-00-00 00:00:00'
WHERE `job_type_id` = '13'
AND `job_id` = '1';
UPDATE `job_details` SET `end_datetime` = '0000-00-00 00:00:00'
WHERE `job_type_id` = '9'
AND `job_id` = '1';
DELETE FROM `job_details`
WHERE `job_id` = '1';
INSERT INTO `job_details` (`job_id`, `job_type_id`, `rate`, `assign_to`, `start_datetime`, `mechanic_notes`, `status`) VALUES ('1', '1', '250', 'M6S1SCRL22A1T3Y', '2019-07-15 11:17:00', 'note one', 3);
INSERT INTO `job_details` (`job_id`, `job_type_id`, `rate`, `assign_to`, `start_datetime`, `mechanic_notes`, `status`) VALUES ('1', '3', '140', 'M6S1SCRL22A1T3Y', '2019-07-15 11:21:00', 'note two 8 9 10', 3);
INSERT INTO `job_details` (`job_id`, `job_type_id`, `rate`, `assign_to`, `start_datetime`, `mechanic_notes`, `status`) VALUES ('1', '2', '150', 'M6S1SCRL22A1T3Y', '2019-07-17 14:23:00', '', 1);
INSERT INTO `job_details` (`job_id`, `job_type_id`, `rate`, `assign_to`, `start_datetime`, `mechanic_notes`, `status`) VALUES ('1', '13', '0', 'LAE5MKCQXKEU58Q', '0000-00-00 00:00:00', '', 0);
INSERT INTO `job_details` (`job_id`, `job_type_id`, `rate`, `assign_to`, `start_datetime`, `mechanic_notes`, `status`) VALUES ('1', '9', '90', 'LAE5MKCQXKEU58Q', '0000-00-00 00:00:00', '', 2);
DELETE FROM `job_products_used`
WHERE `job_id` = '1';
INSERT INTO `job_products_used` (`job_id`, `product_id`, `available_qty`, `rate`, `used_qty`, `mechanic_note`) VALUES ('1', '97342595', '30', '10000', '5', 'product mechanic note one');
UPDATE `job` SET `recommendation` = 'test cc'
WHERE `job_id` = '1';
UPDATE `job_details` SET `end_datetime` = '2019-07-15 11:18:00'
WHERE `job_type_id` = '1'
AND `job_id` = '1';
UPDATE `job_details` SET `end_datetime` = '2019-07-15 11:39:00'
WHERE `job_type_id` = '3'
AND `job_id` = '1';
UPDATE `job_details` SET `end_datetime` = '0000-00-00 00:00:00'
WHERE `job_type_id` = '2'
AND `job_id` = '1';
UPDATE `job_details` SET `end_datetime` = '0000-00-00 00:00:00'
WHERE `job_type_id` = '13'
AND `job_id` = '1';
UPDATE `job_details` SET `end_datetime` = '0000-00-00 00:00:00'
WHERE `job_type_id` = '9'
AND `job_id` = '1';
DELETE FROM `job_details`
WHERE `job_id` = '1';
INSERT INTO `job_details` (`job_id`, `job_type_id`, `rate`, `assign_to`, `start_datetime`, `mechanic_notes`, `status`) VALUES ('1', '1', '250', 'M6S1SCRL22A1T3Y', '2019-07-15 11:17:00', 'note one', 3);
INSERT INTO `job_details` (`job_id`, `job_type_id`, `rate`, `assign_to`, `start_datetime`, `mechanic_notes`, `status`) VALUES ('1', '3', '140', 'M6S1SCRL22A1T3Y', '2019-07-15 11:21:00', 'note two 8 9 10', 3);
INSERT INTO `job_details` (`job_id`, `job_type_id`, `rate`, `assign_to`, `start_datetime`, `mechanic_notes`, `status`) VALUES ('1', '2', '150', 'M6S1SCRL22A1T3Y', '2019-07-17 14:23:00', '', 1);
INSERT INTO `job_details` (`job_id`, `job_type_id`, `rate`, `assign_to`, `start_datetime`, `mechanic_notes`, `status`) VALUES ('1', '13', '0', 'LAE5MKCQXKEU58Q', '0000-00-00 00:00:00', '', 2);
INSERT INTO `job_details` (`job_id`, `job_type_id`, `rate`, `assign_to`, `start_datetime`, `mechanic_notes`, `status`) VALUES ('1', '9', '90', 'LAE5MKCQXKEU58Q', '0000-00-00 00:00:00', '', 0);
DELETE FROM `job_products_used`
WHERE `job_id` = '1';
INSERT INTO `job_products_used` (`job_id`, `product_id`, `available_qty`, `rate`, `used_qty`, `mechanic_note`) VALUES ('1', '97342595', '30', '10000', '5', 'product mechanic note one');
UPDATE `job` SET `recommendation` = 'test cc'
WHERE `job_id` = '1';
UPDATE `job_details` SET `end_datetime` = '2019-07-15 11:18:00'
WHERE `job_type_id` = '1'
AND `job_id` = '1';
UPDATE `job_details` SET `end_datetime` = '2019-07-15 11:39:00'
WHERE `job_type_id` = '3'
AND `job_id` = '1';
UPDATE `job_details` SET `end_datetime` = '0000-00-00 00:00:00'
WHERE `job_type_id` = '2'
AND `job_id` = '1';
UPDATE `job_details` SET `end_datetime` = '0000-00-00 00:00:00'
WHERE `job_type_id` = '13'
AND `job_id` = '1';
UPDATE `job_details` SET `end_datetime` = '0000-00-00 00:00:00'
WHERE `job_type_id` = '9'
AND `job_id` = '1';
DELETE FROM `job_details`
WHERE `job_id` = '1';
INSERT INTO `job_details` (`job_id`, `job_type_id`, `rate`, `assign_to`, `start_datetime`, `mechanic_notes`, `status`) VALUES ('1', '1', '250', 'M6S1SCRL22A1T3Y', '2019-07-15 11:17:00', 'note one', 3);
INSERT INTO `job_details` (`job_id`, `job_type_id`, `rate`, `assign_to`, `start_datetime`, `mechanic_notes`, `status`) VALUES ('1', '3', '140', 'M6S1SCRL22A1T3Y', '2019-07-15 11:21:00', 'note two 8 9 10', 3);
INSERT INTO `job_details` (`job_id`, `job_type_id`, `rate`, `assign_to`, `start_datetime`, `mechanic_notes`, `status`) VALUES ('1', '2', '150', 'M6S1SCRL22A1T3Y', '2019-07-17 14:23:00', '', 1);
INSERT INTO `job_details` (`job_id`, `job_type_id`, `rate`, `assign_to`, `start_datetime`, `mechanic_notes`, `status`) VALUES ('1', '13', '0', 'LAE5MKCQXKEU58Q', '0000-00-00 00:00:00', '', 2);
INSERT INTO `job_details` (`job_id`, `job_type_id`, `rate`, `assign_to`, `start_datetime`, `mechanic_notes`, `status`) VALUES ('1', '9', '90', 'LAE5MKCQXKEU58Q', '0000-00-00 00:00:00', '', 2);
DELETE FROM `job_products_used`
WHERE `job_id` = '1';
INSERT INTO `job_products_used` (`job_id`, `product_id`, `available_qty`, `rate`, `used_qty`, `mechanic_note`) VALUES ('1', '97342595', '30', '10000', '5', 'product mechanic note one');
UPDATE `job` SET `recommendation` = 'test cc'
WHERE `job_id` = '1';
UPDATE `job_details` SET `end_datetime` = '2019-07-15 11:18:00'
WHERE `job_type_id` = '1'
AND `job_id` = '1';
UPDATE `job_details` SET `end_datetime` = '2019-07-15 11:39:00'
WHERE `job_type_id` = '3'
AND `job_id` = '1';
UPDATE `job_details` SET `end_datetime` = '0000-00-00 00:00:00'
WHERE `job_type_id` = '2'
AND `job_id` = '1';
UPDATE `job_details` SET `end_datetime` = '0000-00-00 00:00:00'
WHERE `job_type_id` = '13'
AND `job_id` = '1';
UPDATE `job_details` SET `end_datetime` = '0000-00-00 00:00:00'
WHERE `job_type_id` = '9'
AND `job_id` = '1';
DELETE FROM `job_details`
WHERE `job_id` = '1';
INSERT INTO `job_details` (`job_id`, `job_type_id`, `rate`, `assign_to`, `start_datetime`, `mechanic_notes`, `status`) VALUES ('1', '1', '250', 'M6S1SCRL22A1T3Y', '2019-07-15 11:17:00', 'note one', 3);
INSERT INTO `job_details` (`job_id`, `job_type_id`, `rate`, `assign_to`, `start_datetime`, `mechanic_notes`, `status`) VALUES ('1', '3', '140', 'M6S1SCRL22A1T3Y', '2019-07-15 11:21:00', 'note two 8 9 10', 3);
INSERT INTO `job_details` (`job_id`, `job_type_id`, `rate`, `assign_to`, `start_datetime`, `mechanic_notes`, `status`) VALUES ('1', '2', '150', 'M6S1SCRL22A1T3Y', '2019-07-17 14:23:00', '', 1);
INSERT INTO `job_details` (`job_id`, `job_type_id`, `rate`, `assign_to`, `start_datetime`, `mechanic_notes`, `status`) VALUES ('1', '13', '0', 'LAE5MKCQXKEU58Q', '0000-00-00 00:00:00', '', 2);
INSERT INTO `job_details` (`job_id`, `job_type_id`, `rate`, `assign_to`, `start_datetime`, `mechanic_notes`, `status`) VALUES ('1', '9', '90', 'LAE5MKCQXKEU58Q', '2019-07-17 19:36', '', 1);
DELETE FROM `job_products_used`
WHERE `job_id` = '1';
INSERT INTO `job_products_used` (`job_id`, `product_id`, `available_qty`, `rate`, `used_qty`, `mechanic_note`) VALUES ('1', '97342595', '30', '10000', '5', 'product mechanic note one');
UPDATE `job` SET `recommendation` = 'test cc'
WHERE `job_id` = '1';
UPDATE `job_details` SET `end_datetime` = '2019-07-15 11:18:00'
WHERE `job_type_id` = '1'
AND `job_id` = '1';
UPDATE `job_details` SET `end_datetime` = '2019-07-15 11:39:00'
WHERE `job_type_id` = '3'
AND `job_id` = '1';
UPDATE `job_details` SET `end_datetime` = '0000-00-00 00:00:00'
WHERE `job_type_id` = '2'
AND `job_id` = '1';
UPDATE `job_details` SET `end_datetime` = '0000-00-00 00:00:00'
WHERE `job_type_id` = '13'
AND `job_id` = '1';
UPDATE `job_details` SET `end_datetime` = '0000-00-00 00:00:00'
WHERE `job_type_id` = '9'
AND `job_id` = '1';
DELETE FROM `job_details`
WHERE `job_id` = '1';
INSERT INTO `job_details` (`job_id`, `job_type_id`, `rate`, `assign_to`, `start_datetime`, `mechanic_notes`, `status`) VALUES ('1', '1', '250', 'M6S1SCRL22A1T3Y', '2019-07-15 11:17:00', 'note one', 3);
INSERT INTO `job_details` (`job_id`, `job_type_id`, `rate`, `assign_to`, `start_datetime`, `mechanic_notes`, `status`) VALUES ('1', '3', '140', 'M6S1SCRL22A1T3Y', '2019-07-15 11:21:00', 'note two 8 9 10', 3);
INSERT INTO `job_details` (`job_id`, `job_type_id`, `rate`, `assign_to`, `start_datetime`, `mechanic_notes`, `status`) VALUES ('1', '2', '150', 'M6S1SCRL22A1T3Y', '2019-07-17 14:23:00', '', 1);
INSERT INTO `job_details` (`job_id`, `job_type_id`, `rate`, `assign_to`, `start_datetime`, `mechanic_notes`, `status`) VALUES ('1', '13', '0', 'LAE5MKCQXKEU58Q', '0000-00-00 00:00:00', '', 2);
INSERT INTO `job_details` (`job_id`, `job_type_id`, `rate`, `assign_to`, `start_datetime`, `mechanic_notes`, `status`) VALUES ('1', '9', '90', 'LAE5MKCQXKEU58Q', '2019-07-17 19:36:00', '', 1);
DELETE FROM `job_products_used`
WHERE `job_id` = '1';
INSERT INTO `job_products_used` (`job_id`, `product_id`, `available_qty`, `rate`, `used_qty`, `mechanic_note`) VALUES ('1', '97342595', '30', '10000', '5', 'product mechanic note one');
UPDATE `job` SET `recommendation` = 'test cc'
WHERE `job_id` = '1';
UPDATE `job_details` SET `end_datetime` = '2019-07-15 11:18:00'
WHERE `job_type_id` = '1'
AND `job_id` = '1';
UPDATE `job_details` SET `end_datetime` = '2019-07-15 11:39:00'
WHERE `job_type_id` = '3'
AND `job_id` = '1';
UPDATE `job_details` SET `end_datetime` = '0000-00-00 00:00:00'
WHERE `job_type_id` = '2'
AND `job_id` = '1';
UPDATE `job_details` SET `end_datetime` = '0000-00-00 00:00:00'
WHERE `job_type_id` = '13'
AND `job_id` = '1';
UPDATE `job_details` SET `end_datetime` = '0000-00-00 00:00:00'
WHERE `job_type_id` = '9'
AND `job_id` = '1';
DELETE FROM `job_details`
WHERE `job_id` = '1';
INSERT INTO `job_details` (`job_id`, `job_type_id`, `rate`, `assign_to`, `start_datetime`, `mechanic_notes`, `status`) VALUES ('1', '1', '250', 'M6S1SCRL22A1T3Y', '2019-07-15 11:17:00', 'note one', 3);
INSERT INTO `job_details` (`job_id`, `job_type_id`, `rate`, `assign_to`, `start_datetime`, `mechanic_notes`, `status`) VALUES ('1', '3', '140', 'M6S1SCRL22A1T3Y', '2019-07-15 11:21:00', 'note two 8 9 10', 3);
INSERT INTO `job_details` (`job_id`, `job_type_id`, `rate`, `assign_to`, `start_datetime`, `mechanic_notes`, `status`) VALUES ('1', '2', '150', 'M6S1SCRL22A1T3Y', '2019-07-17 14:23:00', '', 1);
INSERT INTO `job_details` (`job_id`, `job_type_id`, `rate`, `assign_to`, `start_datetime`, `mechanic_notes`, `status`) VALUES ('1', '13', '0', 'LAE5MKCQXKEU58Q', '0000-00-00 00:00:00', '', 2);
INSERT INTO `job_details` (`job_id`, `job_type_id`, `rate`, `assign_to`, `start_datetime`, `mechanic_notes`, `status`) VALUES ('1', '9', '90', 'LAE5MKCQXKEU58Q', '2019-07-17 19:36:00', '', 3);
DELETE FROM `job_products_used`
WHERE `job_id` = '1';
INSERT INTO `job_products_used` (`job_id`, `product_id`, `available_qty`, `rate`, `used_qty`, `mechanic_note`) VALUES ('1', '97342595', '30', '10000', '5', 'product mechanic note one');
UPDATE `job` SET `recommendation` = 'test cc'
WHERE `job_id` = '1';
UPDATE `job_details` SET `end_datetime` = '2019-07-15 11:18:00'
WHERE `job_type_id` = '1'
AND `job_id` = '1';
UPDATE `job_details` SET `end_datetime` = '2019-07-15 11:39:00'
WHERE `job_type_id` = '3'
AND `job_id` = '1';
UPDATE `job_details` SET `end_datetime` = '0000-00-00 00:00:00'
WHERE `job_type_id` = '2'
AND `job_id` = '1';
UPDATE `job_details` SET `end_datetime` = '0000-00-00 00:00:00'
WHERE `job_type_id` = '13'
AND `job_id` = '1';
UPDATE `job_details` SET `end_datetime` = '2019-07-17 19:43'
WHERE `job_type_id` = '9'
AND `job_id` = '1';
INSERT INTO `customer_ledger` (`transaction_id`, `customer_id`, `invoice_no`, `date`, `amount`, `description`, `status`, `d_c`) VALUES ('QRA97XZNVZIOQM6', '6L8IMSJRMBE4QZ5', '7449796674', '2019-07-17', '52983', 'Purchase by customer', 1, 'd');
INSERT INTO `customer_ledger` (`transaction_id`, `customer_id`, `receipt_no`, `date`, `amount`, `payment_type`, `invoice_no`, `description`, `status`, `d_c`) VALUES ('QRA97XZNVZIOQM6', '6L8IMSJRMBE4QZ5', 'WQH7NJ655V', '2019-07-17', 0, 1, '7449796674', 'Paid by customer', 1, 'c');
INSERT INTO `transection` (`transaction_id`, `relation_id`, `transection_type`, `date_of_transection`, `transection_category`, `amount`, `transection_mood`, `is_transaction`, `description`) VALUES ('QRA97XZNVZIOQM6', '6L8IMSJRMBE4QZ5', 2, '2019-07-17', 2, 0, 1, 0, 'Paid by customer');
INSERT INTO `acc_transaction` (`VNo`, `Vtype`, `VDate`, `COAID`, `Narration`, `Debit`, `Credit`, `IsPosted`, `CreateBy`, `CreateDate`, `IsAppove`) VALUES ('7449796674', 'INV', '2019-07-17 15:54:31', 10107, 'Inventory credit For Invoice No7449796674', 0, '', 1, '1', '2019-07-17 15:54:31', 1);
INSERT INTO `acc_transaction` (`VNo`, `Vtype`, `VDate`, `COAID`, `Narration`, `Debit`, `Credit`, `IsPosted`, `CreateBy`, `CreateDate`, `IsAppove`) VALUES ('7449796674', 'INV', '2019-07-17 15:54:31', NULL, 'Customer debit For Invoice No7449796674', '52983', 0, 1, '1', '2019-07-17 15:54:31', 1);
UPDATE `job` SET `odometer` = '', `hubo_meter` = '', `hour_meter` = '', `cof_wof_date` = '', `registration_date` = '', `fuel_burn` = '', `status` = '3', `show_hide_status` = '0'
WHERE `job_id` = '2';
INSERT INTO `customer_ledger` (`transaction_id`, `customer_id`, `invoice_no`, `date`, `amount`, `description`, `status`, `d_c`) VALUES ('VAXXYXUV7I6BH1S', 'FX4FTN9158ZORBW', '7623332815', '2019-07-17', '241.5', 'Purchase by customer', 1, 'd');
INSERT INTO `customer_ledger` (`transaction_id`, `customer_id`, `receipt_no`, `date`, `amount`, `payment_type`, `invoice_no`, `description`, `status`, `d_c`) VALUES ('VAXXYXUV7I6BH1S', 'FX4FTN9158ZORBW', 'B8E5PMU3ZP', '2019-07-17', 0, 1, '7623332815', 'Paid by customer', 1, 'c');
INSERT INTO `transection` (`transaction_id`, `relation_id`, `transection_type`, `date_of_transection`, `transection_category`, `amount`, `transection_mood`, `is_transaction`, `description`) VALUES ('VAXXYXUV7I6BH1S', 'FX4FTN9158ZORBW', 2, '2019-07-17', 2, 0, 1, 0, 'Paid by customer');
INSERT INTO `acc_transaction` (`VNo`, `Vtype`, `VDate`, `COAID`, `Narration`, `Debit`, `Credit`, `IsPosted`, `CreateBy`, `CreateDate`, `IsAppove`) VALUES ('7623332815', 'INV', '2019-07-17 15:57:23', 10107, 'Inventory credit For Invoice No7623332815', 0, '', 1, '1', '2019-07-17 15:57:23', 1);
INSERT INTO `acc_transaction` (`VNo`, `Vtype`, `VDate`, `COAID`, `Narration`, `Debit`, `Credit`, `IsPosted`, `CreateBy`, `CreateDate`, `IsAppove`) VALUES ('7623332815', 'INV', '2019-07-17 15:57:23', '102030146', 'Customer debit For Invoice No7623332815', '241.5', 0, 1, '1', '2019-07-17 15:57:23', 1);
INSERT INTO `invoice` (`job_id`, `invoice_id`, `customer_id`, `date`, `total_amount`, `total_tax`, `invoice`, `invoice_details`, `invoice_discount`, `total_discount`, `prevous_due`, `shipping_cost`, `sales_by`, `status`) VALUES ('2', '7623332815', 'FX4FTN9158ZORBW', '2019-07-17', '241.5', '5', 1001, '', '20', '', '', '', '1', 1);
INSERT INTO `invoice_details` (`invoice_details_id`, `invoice_id`, `product_id`, `quantity`, `rate`, `discount`, `description`, `discount_per`, `tax`, `paid_amount`, `due_amount`, `supplier_rate`, `total_price`, `status`) VALUES ('153972891113881', '7623332815', '1', '1', '250', '20', '', '', '', 0, 0, '', '250.00', 1);
INSERT INTO `invoice_details` (`invoice_details_id`, `invoice_id`, `product_id`, `quantity`, `rate`, `discount`, `description`, `discount_per`, `tax`, `paid_amount`, `due_amount`, `supplier_rate`, `total_price`, `status`) VALUES ('674283743673363', '7623332815', '13', '1', '0', '20', '', '', '', 0, 0, '', '0.00', 1);
UPDATE `job` SET `is_invoice` = 1
WHERE `job_id` = '2';
DELETE FROM `job_details`
WHERE `job_id` = '2';
INSERT INTO `job_details` (`job_id`, `job_type_id`, `rate`, `assign_to`, `start_datetime`, `mechanic_notes`, `status`) VALUES ('2', '1', '250', 'M6S1SCRL22A1T3Y', '2019-07-17 14:51:00', '', 3);
INSERT INTO `job_details` (`job_id`, `job_type_id`, `rate`, `assign_to`, `start_datetime`, `mechanic_notes`, `status`) VALUES ('2', '13', '0', 'M6S1SCRL22A1T3Y', '2019-07-17 14:53:00', '', 3);
INSERT INTO `job_details` (`job_id`, `job_type_id`, `rate`, `assign_to`, `start_datetime`, `mechanic_notes`, `status`) VALUES ('2', '3', '140', 'M6S1SCRL22A1T3Y', '2019-07-17 16:52:00', '', 3);
INSERT INTO `job_products_used` (`job_id`, `product_id`, `available_qty`, `rate`, `used_qty`, `mechanic_note`) VALUES ('2', '8801962686354', '100.00', '25', '5', 'demo');
UPDATE `job` SET `recommendation` = 'asdf'
WHERE `job_id` = '2';
UPDATE `job_details` SET `end_datetime` = '2019-07-17 14:52:00'
WHERE `job_type_id` = '1'
AND `job_id` = '2';
UPDATE `job_details` SET `end_datetime` = '2019-07-17 16:47:00'
WHERE `job_type_id` = '13'
AND `job_id` = '2';
UPDATE `job_details` SET `end_datetime` = '2019-07-18 11:07'
WHERE `job_type_id` = '3'
AND `job_id` = '2';
UPDATE `language` SET `english` = 'If you update purchase,first select supplier then product and then update qnty.'
WHERE `phrase` = 'if_you_update_purchase_first_select_supplier_then_product_and_then_quantity';
UPDATE `language` SET `english` = 'Image'
WHERE `phrase` = 'image';
UPDATE `language` SET `english` = 'Import'
WHERE `phrase` = 'import';
UPDATE `language` SET `english` = 'Import product (CSV)'
WHERE `phrase` = 'import_product_csv';
UPDATE `language` SET `english` = 'In'
WHERE `phrase` = 'in';
UPDATE `language` SET `english` = 'Inactive'
WHERE `phrase` = 'inactive';
UPDATE `language` SET `english` = 'Incl. Vat'
WHERE `phrase` = 'incl_vat';
UPDATE `language` SET `english` = 'Income'
WHERE `phrase` = 'income';
UPDATE `language` SET `english` = 'Income Job Type'
WHERE `phrase` = 'income_job_type';
UPDATE `language` SET `english` = 'Income Paid/Unpaid'
WHERE `phrase` = 'income_paid_unpaid';
UPDATE `language` SET `english` = 'Income Report'
WHERE `phrase` = 'income_report';
UPDATE `language` SET `english` = 'Income tax Update form'
WHERE `phrase` = 'income_tax_updateform';
UPDATE `language` SET `english` = 'Incoming File'
WHERE `phrase` = 'incoming_file';
UPDATE `language` SET `english` = 'Incorporation Number'
WHERE `phrase` = 'incorporation_number';
UPDATE `language` SET `english` = 'Increment'
WHERE `phrase` = 'increment';
UPDATE `language` SET `english` = 'Individual Markup'
WHERE `phrase` = 'individual_markup';
UPDATE `language` SET `english` = 'Income Report'
WHERE `phrase` = 'inflow_report';
UPDATE `language` SET `english` = 'Inspection'
WHERE `phrase` = 'inspection';
UPDATE `language` SET `english` = 'Integrations'
WHERE `phrase` = 'integrations';
UPDATE `language` SET `english` = 'Internet'
WHERE `phrase` = 'internet';
UPDATE `language` SET `english` = 'Internet Connection'
WHERE `phrase` = 'internet_connection';
UPDATE `language` SET `english` = 'Inventory'
WHERE `phrase` = 'inventory';
UPDATE `language` SET `english` = 'Inventory Ledger'
WHERE `phrase` = 'inventory_ledger';
UPDATE `language` SET `english` = 'Inventory Ledger Report'
WHERE `phrase` = 'inventory_ledger_report';
UPDATE `language` SET `english` = 'Inventory Report'
WHERE `phrase` = 'inventory_report';
UPDATE `language` SET `english` = 'Invoice'
WHERE `phrase` = 'invoice';
UPDATE `language` SET `english` = 'Invoice Date'
WHERE `phrase` = 'invoice_date';
UPDATE `language` SET `english` = 'Lorem Ipsum is sim ply dummy Lorem Ipsum is simply dummy Lorem Ipsum is simply dummy Lorem Ipsum is simply dummy Lorem Ipsum is simply dummy Lorem Ipsum is sim ply dummy Lorem Ipsum is simply dummy Lorem Ipsum is simply dummy Lorem Ipsum is simply dummy Lorem Ipsum is simply dummy'
WHERE `phrase` = 'invoice_description';
UPDATE `language` SET `english` = 'Tax Invoice'
WHERE `phrase` = 'invoice_details';
UPDATE `language` SET `english` = 'Sale Discount'
WHERE `phrase` = 'invoice_discount';
UPDATE `language` SET `english` = 'Sale Edit'
WHERE `phrase` = 'invoice_edit';
UPDATE `language` SET `english` = 'Invoice Generate'
WHERE `phrase` = 'invoice_generate';
UPDATE `language` SET `english` = 'Invoice generated successfuly !'
WHERE `phrase` = 'invoice_generated_successfully';
UPDATE `language` SET `english` = 'Sale ID'
WHERE `phrase` = 'invoice_id';
UPDATE `language` SET `english` = 'Sale Information'
WHERE `phrase` = 'invoice_information';
UPDATE `language` SET `english` = 'Sale Logo'
WHERE `phrase` = 'invoice_logo';
UPDATE `language` SET `english` = 'Sale No'
WHERE `phrase` = 'invoice_no';
UPDATE `language` SET `english` = 'Invoice Number'
WHERE `phrase` = 'invoice_number';
UPDATE `language` SET `english` = 'Invoice Report'
WHERE `phrase` = 'invoice_report';
UPDATE `language` SET `english` = 'Sales Return'
WHERE `phrase` = 'invoice_return';
UPDATE `language` SET `english` = 'Sales Return list'
WHERE `phrase` = 'invoice_return_list';
UPDATE `language` SET `english` = 'Invoice Wise Tax Report'
WHERE `phrase` = 'invoice_wise_tax_report';
UPDATE `language` SET `english` = 'In Qnty.'
WHERE `phrase` = 'in_qnty';
UPDATE `language` SET `english` = 'In Qnty.'
WHERE `phrase` = 'in_quantity';
UPDATE `language` SET `english` = 'In TK.'
WHERE `phrase` = 'in_taka';
UPDATE `language` SET `english` = 'In Word '
WHERE `phrase` = 'in_word';
UPDATE `language` SET `english` = 'Item'
WHERE `phrase` = 'item';
UPDATE `language` SET `english` = 'Item/Cartoon'
WHERE `phrase` = 'item_cartoon';
UPDATE `language` SET `english` = 'Desc'
WHERE `phrase` = 'item_description';
UPDATE `language` SET `english` = 'Item Discount'
WHERE `phrase` = 'item_discount';
INSERT INTO `language` (`phrase`) VALUES ('gst_number');
UPDATE `language` SET `english` = 'Enter'
WHERE `phrase` = 'enter';
UPDATE `language` SET `english` = 'Enter Tax'
WHERE `phrase` = 'enter_tax';
UPDATE `language` SET `english` = 'Event'
WHERE `phrase` = 'event';
UPDATE `language` SET `english` = 'Expense'
WHERE `phrase` = 'expense';
UPDATE `language` SET `english` = 'Expense Edit'
WHERE `phrase` = 'expense_edit';
UPDATE `language` SET `english` = 'Expense Reports'
WHERE `phrase` = 'expense_reports';
UPDATE `language` SET `english` = 'In Time'
WHERE `phrase` = 'e_time';
UPDATE `language` SET `english` = 'Favicon'
WHERE `phrase` = 'favicon';
UPDATE `language` SET `english` = 'Favicon not uploaded !'
WHERE `phrase` = 'favicon_not_uploaded';
UPDATE `language` SET `english` = 'Filename'
WHERE `phrase` = 'filename';
UPDATE `language` SET `english` = 'File information'
WHERE `phrase` = 'file_information';
UPDATE `language` SET `english` = 'Financial Details'
WHERE `phrase` = 'financial_details';
UPDATE `language` SET `english` = 'Find'
WHERE `phrase` = 'find';
UPDATE `language` SET `english` = 'First Name'
WHERE `phrase` = 'first_name';
UPDATE `language` SET `english` = 'Fixed Dis.'
WHERE `phrase` = 'fixed_dis';
UPDATE `language` SET `english` = 'Follow Ups'
WHERE `phrase` = 'follow_ups';
UPDATE `language` SET `english` = 'Footer Text'
WHERE `phrase` = 'footer_text';
UPDATE `language` SET `english` = 'Forgot Password ??'
WHERE `phrase` = 'forgot_password';
UPDATE `language` SET `english` = 'From'
WHERE `phrase` = 'from';
UPDATE `language` SET `english` = 'From Date'
WHERE `phrase` = 'from_date';
UPDATE `language` SET `english` = 'Front Axle Group Rating'
WHERE `phrase` = 'front_axle_group_rating';
UPDATE `language` SET `english` = 'FTP Debug'
WHERE `phrase` = 'ftp_debug';
UPDATE `language` SET `english` = 'FTP Port'
WHERE `phrase` = 'ftp_port';
UPDATE `language` SET `english` = 'Fuel Burn'
WHERE `phrase` = 'fuel_burn';
UPDATE `language` SET `english` = 'Fuel Type'
WHERE `phrase` = 'fuel_type';
UPDATE `language` SET `english` = 'Full Paid'
WHERE `phrase` = 'full_paid';
UPDATE `language` SET `english` = 'Generated Date'
WHERE `phrase` = 'gdate';
UPDATE `language` SET `english` = 'Central Ledger'
WHERE `phrase` = 'general_ledger';
UPDATE `language` SET `english` = 'General ledger of'
WHERE `phrase` = 'general_ledger_of';
UPDATE `language` SET `english` = 'Generate'
WHERE `phrase` = 'generate';
UPDATE `language` SET `english` = 'Generated By'
WHERE `phrase` = 'generate_by';
UPDATE `language` SET `english` = 'Generate Commssion'
WHERE `phrase` = 'generate_commission';
UPDATE `language` SET `english` = 'Global Marup'
WHERE `phrase` = 'global_markup';
UPDATE `language` SET `english` = 'General Head'
WHERE `phrase` = 'gl_head';
UPDATE `language` SET `english` = 'Grand Total'
WHERE `phrase` = 'grand_total';
UPDATE `language` SET `english` = 'Gross Salary'
WHERE `phrase` = 'gross_salary';
UPDATE `language` SET `english` = 'Gross Vehicle Mass'
WHERE `phrase` = 'gross_vehicle_mass';
UPDATE `language` SET `english` = 'Group Pricing'
WHERE `phrase` = 'group_pricing';
UPDATE `language` SET `english` = 'GST'
WHERE `phrase` = 'gst';
UPDATE `language` SET `english` = 'GST Number'
WHERE `phrase` = 'gst_number';
UPDATE `language` SET `english` = 'GST/Vat Number'
WHERE `phrase` = 'gst_vat_number';
UPDATE `language` SET `english` = 'GUI POS'
WHERE `phrase` = 'gui_pos';
UPDATE `language` SET `english` = 'ETD'
WHERE `phrase` = 'hanging_over';
UPDATE `language` SET `english` = 'Head of Account'
WHERE `phrase` = 'head_of_account';
UPDATE `language` SET `english` = 'Home'
WHERE `phrase` = 'home';
UPDATE `language` SET `english` = 'Host name'
WHERE `phrase` = 'hostname';
UPDATE `language` SET `english` = 'Hourly'
WHERE `phrase` = 'hourly';
UPDATE `language` SET `english` = 'Hour Meter'
WHERE `phrase` = 'hour_meter';
UPDATE `language` SET `english` = 'Houre Rate/Salary'
WHERE `phrase` = 'hour_rate_or_salary';
UPDATE `language` SET `english` = 'HRM'
WHERE `phrase` = 'hrm';
UPDATE `customer_information` SET `customer_name` = 'John Brayan', `customer_phone` = '2135435', `customer_mobile` = '', `customer_email` = 'shahabuddinp91@gmail.com', `customer_skype` = 'customer.one.skype', `customer_address` = 'Unit 3/38 Eagle Hurst Road\r\nEllerslie,\r\nAuckland 1016', `company_name` = 'bdtask', `company_number` = '564365', `vat_number` = '', `company_type` = '', `postal_address` = '', `physical_address` = '', `website` = 'www.spfoundationbd.com', `director_name` = 'Md. Shahab uddin', `director_mobile` = '', `director_phone` = '', `director_address` = '', `trade_reference_1` = '', `trade_reference_2` = '', `trade_reference_3` = '', `status` = '', `notes` = '', `notifications` = 'sms,email', `payment_method` = 'cash', `sales_discount_status` = 'trade markup', `markup_discount` = '25'
WHERE `customer_id` = 'FX4FTN9158ZORBW';
UPDATE `acc_coa` SET `HeadName` = 'FX4FTN9158ZORBW-John Brayan'
WHERE `HeadName` = 'FX4FTN9158ZORBW-John Brayan';
UPDATE `user_login` SET `username` = 'customerone@gmail.com', `password` = 'dd9fd739276eec12f7977328a38ea9be', `user_type` = '3', `status` = '1'
WHERE `user_id` = 'FX4FTN9158ZORBW';
UPDATE `users` SET `first_name` = 'John Brayan', `last_name` = '', `gender` = '', `date_of_birth` = '', `logo` = '', `status` = '1'
WHERE `user_id` = 'FX4FTN9158ZORBW';
INSERT INTO `language` (`phrase`) VALUES ('attention');
UPDATE `language` SET `english` = ' Already Generated'
WHERE `phrase` = 'already_generated';
UPDATE `language` SET `english` = 'Already Inserted !'
WHERE `phrase` = 'already_inserted';
UPDATE `language` SET `english` = 'Amount'
WHERE `phrase` = 'ammount';
UPDATE `language` SET `english` = 'Amount'
WHERE `phrase` = 'amount';
UPDATE `language` SET `english` = 'Amount In Dollar'
WHERE `phrase` = 'amount_in_dollar';
UPDATE `language` SET `english` = 'Api Key'
WHERE `phrase` = 'api_key';
UPDATE `language` SET `english` = 'Approved'
WHERE `phrase` = 'approved';
UPDATE `language` SET `english` = 'Are you sure ?'
WHERE `phrase` = 'are_you_sure';
UPDATE `language` SET `english` = 'Assembly Type'
WHERE `phrase` = 'assembly_type';
UPDATE `language` SET `english` = 'Attendance'
WHERE `phrase` = 'attendance';
UPDATE `language` SET `english` = 'Attendance Report'
WHERE `phrase` = 'attendance_report';
UPDATE `language` SET `english` = 'Attention:'
WHERE `phrase` = 'attention';
UPDATE `language` SET `english` = 'Authorised By'
WHERE `phrase` = 'authorised_by';
UPDATE `language` SET `english` = 'Authorized Signature'
WHERE `phrase` = 'authorized_signature';
UPDATE `language` SET `english` = 'Available'
WHERE `phrase` = 'available';
UPDATE `language` SET `english` = 'Av. Qnty.'
WHERE `phrase` = 'available_qnty';
UPDATE `language` SET `english` = 'Available Quantity'
WHERE `phrase` = 'available_quantity';
UPDATE `language` SET `english` = 'Average Rate'
WHERE `phrase` = 'avg_rate';
UPDATE `language` SET `english` = 'Axles'
WHERE `phrase` = 'axle';
UPDATE `language` SET `english` = 'Axles Type'
WHERE `phrase` = 'axle_type';
UPDATE `language` SET `english` = 'Backup'
WHERE `phrase` = 'backup_and_restore';
UPDATE `language` SET `english` = 'Backup date'
WHERE `phrase` = 'backup_date';
UPDATE `language` SET `english` = 'Backup now'
WHERE `phrase` = 'backup_now';
UPDATE `language` SET `english` = 'Backup '
WHERE `phrase` = 'backup_restore';
UPDATE `language` SET `english` = 'Backup successfully'
WHERE `phrase` = 'backup_successfully';
UPDATE `language` SET `english` = 'Balance'
WHERE `phrase` = 'balance';
UPDATE `language` SET `english` = 'Balance Amount'
WHERE `phrase` = 'balance_ammount';
UPDATE `language` SET `english` = 'Bank'
WHERE `phrase` = 'bank';
UPDATE `language` SET `english` = 'Bank Book'
WHERE `phrase` = 'bank_book';
UPDATE `language` SET `english` = 'Bank Edit'
WHERE `phrase` = 'bank_edit';
UPDATE `language` SET `english` = 'Bank Ledger'
WHERE `phrase` = 'bank_ledger';
UPDATE `language` SET `english` = 'Bank List'
WHERE `phrase` = 'bank_list';
UPDATE `language` SET `english` = 'Bank Name'
WHERE `phrase` = 'bank_name';
UPDATE `language` SET `english` = 'Bank Transaction'
WHERE `phrase` = 'bank_transaction';
UPDATE `language` SET `english` = 'Barcode'
WHERE `phrase` = 'barcode';
UPDATE `language` SET `english` = 'Barcode/QR-code'
WHERE `phrase` = 'barcode_or_qrcode';
UPDATE `language` SET `english` = 'Barcode or QR-code scan here'
WHERE `phrase` = 'barcode_qrcode_scan_here';
UPDATE `language` SET `english` = 'Basic'
WHERE `phrase` = 'basic';
UPDATE `language` SET `english` = 'Benefit List'
WHERE `phrase` = 'beneficial_list';
UPDATE `language` SET `english` = 'Benefit'
WHERE `phrase` = 'benefits';
UPDATE `language` SET `english` = 'Benefit List'
WHERE `phrase` = 'benefits_list';
UPDATE `language` SET `english` = 'Benefit Type'
WHERE `phrase` = 'benefit_type';
UPDATE `language` SET `english` = 'Best Sale Product'
WHERE `phrase` = 'best_sale_product';
UPDATE `language` SET `english` = 'Billing Date'
WHERE `phrase` = 'billing_date';
UPDATE `language` SET `english` = 'Billing From'
WHERE `phrase` = 'billing_from';
UPDATE `language` SET `english` = 'Billing To'
WHERE `phrase` = 'billing_to';
UPDATE `language` SET `english` = 'Bills Report'
WHERE `phrase` = 'bills_report';
UPDATE `language` SET `english` = 'Bill Payment'
WHERE `phrase` = 'bill_payment';
UPDATE `language` SET `english` = 'Blank Field Does Not Accept !'
WHERE `phrase` = 'blank_field_does_not_accept';
UPDATE `language` SET `english` = 'Blood Group'
WHERE `phrase` = 'blood_group';
UPDATE `company_information` SET `company_id` = '1', `company_name` = 'Toner Brands Ltd T/A Toner', `email` = 'info@tonerdirect.co.nz', `address` = 'Albany, Auckland 0752', `mobile` = '0800 855 966', `website` = 'https://www.domain.com/', `status` = 1
WHERE `company_id` = '1';
UPDATE `language` SET `english` = 'Show Vehicle Info'
WHERE `phrase` = 'show_hide_status';
UPDATE `language` SET `english` = 'Show Job Information'
WHERE `phrase` = 'show_job_information';
UPDATE `language` SET `english` = 'Signature'
WHERE `phrase` = 'signature';
UPDATE `language` SET `english` = 'Signature Picture'
WHERE `phrase` = 'signature_pic';
UPDATE `language` SET `english` = 'Sign In'
WHERE `phrase` = 'sign_in';
UPDATE `language` SET `english` = 'Sign Out'
WHERE `phrase` = 'sign_out';
UPDATE `language` SET `english` = 'Single Check In'
WHERE `phrase` = 'single_checkin';
UPDATE `language` SET `english` = 'Captcha Site Key'
WHERE `phrase` = 'site_key';
UPDATE `language` SET `english` = 'Size'
WHERE `phrase` = 'size';
UPDATE `language` SET `english` = 'SL.'
WHERE `phrase` = 'sl';
UPDATE `language` SET `english` = 'Sl No'
WHERE `phrase` = 'sl_no';
UPDATE `language` SET `english` = 'SMS'
WHERE `phrase` = 'sms';
UPDATE `language` SET `english` = 'SMS Configure'
WHERE `phrase` = 'sms_configure';
UPDATE `language` SET `english` = 'Sold By'
WHERE `phrase` = 'sold_by';
UPDATE `language` SET `english` = 'Sold Qty'
WHERE `phrase` = 'sold_qty';
UPDATE `language` SET `english` = 'Standard Timing'
WHERE `phrase` = 'standard_timing';
UPDATE `language` SET `english` = 'Start Datetime'
WHERE `phrase` = 'starting_datetime';
UPDATE `language` SET `english` = 'Start Amount'
WHERE `phrase` = 'start_amount';
UPDATE `language` SET `english` = 'Start Date'
WHERE `phrase` = 'start_date';
UPDATE `language` SET `english` = 'Statement of Comprehensive Income'
WHERE `phrase` = 'statement_of_comprehensive_income';
UPDATE `language` SET `english` = 'Status'
WHERE `phrase` = 'status';
UPDATE `language` SET `english` = 'Stay Time'
WHERE `phrase` = 'stay';
UPDATE `language` SET `english` = 'Stock'
WHERE `phrase` = 'stock';
UPDATE `language` SET `english` = 'Stock Cartoon'
WHERE `phrase` = 'stock_cartoon';
UPDATE `language` SET `english` = 'Stock/Qnt'
WHERE `phrase` = 'stock_ctn';
UPDATE `language` SET `english` = 'Stock Date'
WHERE `phrase` = 'stock_date';
UPDATE `language` SET `english` = 'Stock Purchase Price'
WHERE `phrase` = 'stock_purchase';
UPDATE `language` SET `english` = 'Stock Report'
WHERE `phrase` = 'stock_report';
UPDATE `language` SET `english` = 'Stock Report (Product Wise)'
WHERE `phrase` = 'stock_report_product_wise';
UPDATE `language` SET `english` = 'Stock Report (Supplier Wise)'
WHERE `phrase` = 'stock_report_supplier_wise';
UPDATE `language` SET `english` = 'Stock Return'
WHERE `phrase` = 'stock_return';
UPDATE `language` SET `english` = 'Stock Return List'
WHERE `phrase` = 'stock_return_list';
UPDATE `language` SET `english` = 'Stock Sale Price'
WHERE `phrase` = 'stock_sale';
UPDATE `language` SET `english` = 'Stock Take'
WHERE `phrase` = 'stock_take';
UPDATE `language` SET `english` = 'Stock Value Report'
WHERE `phrase` = 'stock_value_report';
UPDATE `language` SET `english` = 'Submit'
WHERE `phrase` = 'submit';
UPDATE `language` SET `english` = 'Submit And Add Another One'
WHERE `phrase` = 'submit_and_add_another';
UPDATE `language` SET `english` = 'Sub Model'
WHERE `phrase` = 'sub_model';
UPDATE `language` SET `english` = 'Sub Total'
WHERE `phrase` = 'sub_total';
UPDATE `language` SET `english` = 'Successfully Added.'
WHERE `phrase` = 'successfully_added';
UPDATE `language` SET `english` = 'Successfully changed password.'
WHERE `phrase` = 'successfully_changed_password';
UPDATE `language` SET `english` = 'Successfully Checkout'
WHERE `phrase` = 'successfully_checkout';
UPDATE `language` SET `english` = 'Successfully Created.'
WHERE `phrase` = 'successfully_created';
UPDATE `language` SET `english` = 'Successfully Delete.'
WHERE `phrase` = 'successfully_delete';
UPDATE `language` SET `english` = 'Successfully Generated'
WHERE `phrase` = 'successfully_generated';
UPDATE `language` SET `english` = 'Successfully Inserted.'
WHERE `phrase` = 'successfully_inserted';
UPDATE `language` SET `english` = 'Successfully Paid'
WHERE `phrase` = 'successfully_paid';
UPDATE `language` SET `english` = 'Successfully Payment Paid.'
WHERE `phrase` = 'successfully_payment_paid';
UPDATE `language` SET `english` = 'Successfully Payment Received.'
WHERE `phrase` = 'successfully_payment_received';
UPDATE `language` SET `english` = 'Your Data Successfully Saved'
WHERE `phrase` = 'successfully_saved';
INSERT INTO `language` (`phrase`) VALUES ('due_date');
UPDATE `language` SET `english` = 'Debit Amount'
WHERE `phrase` = 'debit_ammount';
UPDATE `language` SET `english` = 'Debit (+)'
WHERE `phrase` = 'debit_plus';
UPDATE `language` SET `english` = 'Debit Voucher'
WHERE `phrase` = 'debit_voucher';
UPDATE `language` SET `english` = 'Decline'
WHERE `phrase` = 'decline';
UPDATE `language` SET `english` = 'Deduct'
WHERE `phrase` = 'deduct';
UPDATE `language` SET `english` = 'Deduction'
WHERE `phrase` = 'deduction';
UPDATE `language` SET `english` = 'Default Value'
WHERE `phrase` = 'default_value';
UPDATE `language` SET `english` = 'Delete'
WHERE `phrase` = 'delete';
UPDATE `language` SET `english` = 'Delete successfully'
WHERE `phrase` = 'delete_successfully';
UPDATE `language` SET `english` = 'Delivery Datetime'
WHERE `phrase` = 'delivery_datetime';
UPDATE `language` SET `english` = 'Deposite ID'
WHERE `phrase` = 'deposite_id';
UPDATE `language` SET `english` = 'Description'
WHERE `phrase` = 'description';
UPDATE `language` SET `english` = 'Designation'
WHERE `phrase` = 'designation';
UPDATE `language` SET `english` = 'Designation Update form'
WHERE `phrase` = 'designation_update_form';
UPDATE `language` SET `english` = 'Details'
WHERE `phrase` = 'details';
UPDATE `language` SET `english` = 'Director Address'
WHERE `phrase` = 'director_address';
UPDATE `language` SET `english` = 'Director Mobile'
WHERE `phrase` = 'director_mobile';
UPDATE `language` SET `english` = 'Director Name'
WHERE `phrase` = 'director_name';
UPDATE `language` SET `english` = 'Director Phone'
WHERE `phrase` = 'director_phone';
UPDATE `language` SET `english` = 'Discount'
WHERE `phrase` = 'discount';
UPDATE `language` SET `english` = 'Discount'
WHERE `phrase` = 'discount_percentage';
UPDATE `language` SET `english` = 'Discount Type'
WHERE `phrase` = 'discount_type';
UPDATE `language` SET `english` = 'Download'
WHERE `phrase` = 'download';
UPDATE `language` SET `english` = 'Download data from server'
WHERE `phrase` = 'download_data_from_server';
UPDATE `language` SET `english` = 'Download example file.'
WHERE `phrase` = 'download_example_file';
UPDATE `language` SET `english` = 'Download Sample File'
WHERE `phrase` = 'download_sample_file';
UPDATE `language` SET `english` = 'Download successfully'
WHERE `phrase` = 'download_successfully';
UPDATE `language` SET `english` = 'Due'
WHERE `phrase` = 'due';
UPDATE `language` SET `english` = 'Due Amount'
WHERE `phrase` = 'due_amount';
UPDATE `language` SET `english` = 'Due Date'
WHERE `phrase` = 'due_date';
UPDATE `language` SET `english` = 'Due Report'
WHERE `phrase` = 'due_report';
UPDATE `language` SET `english` = 'Edit Booking'
WHERE `phrase` = 'edit_booking';
UPDATE `language` SET `english` = 'Edit Courtesy Booking'
WHERE `phrase` = 'edit_courtesy_booking';
UPDATE `language` SET `english` = 'Edit Income'
WHERE `phrase` = 'edit_income';
UPDATE `language` SET `english` = 'Edit Vehicle Information'
WHERE `phrase` = 'edit_vehicle_information';
UPDATE `language` SET `english` = 'Edit your company information'
WHERE `phrase` = 'edit_your_company_information';
UPDATE `language` SET `english` = 'Edit your product'
WHERE `phrase` = 'edit_your_product';
UPDATE `language` SET `english` = 'Efficiency Report'
WHERE `phrase` = 'efficiency_report';
UPDATE `language` SET `english` = 'Email'
WHERE `phrase` = 'email';
UPDATE `language` SET `english` = 'Emails & SMS'
WHERE `phrase` = 'emails_and_sms';
UPDATE `language` SET `english` = 'Employee'
WHERE `phrase` = 'employee';
UPDATE `language` SET `english` = 'Employee Designation'
WHERE `phrase` = 'employee_designation';
UPDATE `language` SET `english` = 'Employee Name'
WHERE `phrase` = 'employee_name';
UPDATE `language` SET `english` = 'Employee Reports'
WHERE `phrase` = 'employee_reports';
UPDATE `language` SET `english` = 'Employee Salary Payment'
WHERE `phrase` = 'employee_salary_payment';
UPDATE `language` SET `english` = 'Employee Type'
WHERE `phrase` = 'employee_type';
UPDATE `language` SET `english` = 'Employee Update'
WHERE `phrase` = 'employee_update';
UPDATE `language` SET `english` = 'Employee Wise Report'
WHERE `phrase` = 'employee_wise_report';
UPDATE `language` SET `english` = 'End Datetime'
WHERE `phrase` = 'ending_datetime';
UPDATE `language` SET `english` = 'End Amount'
WHERE `phrase` = 'end_amount';
UPDATE `job` SET `odometer` = 'ODO-1505', `hubo_meter` = 'HM-25632', `hour_meter` = 'H-1526', `cof_wof_date` = '2019-07-18', `registration_date` = '2019-07-19', `fuel_burn` = '', `status` = '3', `show_hide_status` = '1'
WHERE `job_id` = '2';
INSERT INTO `language` (`phrase`) VALUES ('paypal_setting');
UPDATE `language` SET `english` = 'Password'
WHERE `phrase` = 'password';
UPDATE `language` SET `english` = 'Passwor and re-password does not match !'
WHERE `phrase` = 'password_and_repassword_does_not_match';
UPDATE `language` SET `english` = 'Password Recovery'
WHERE `phrase` = 'password_recovery';
UPDATE `language` SET `english` = 'Payee Name'
WHERE `phrase` = 'payee_name';
UPDATE `language` SET `english` = 'Payment'
WHERE `phrase` = 'payment';
UPDATE `language` SET `english` = 'Payment Account'
WHERE `phrase` = 'payment_account';
UPDATE `language` SET `english` = 'Payment Amount'
WHERE `phrase` = 'payment_amount';
UPDATE `language` SET `english` = 'Payment Date'
WHERE `phrase` = 'payment_date';
UPDATE `language` SET `english` = 'Payment From'
WHERE `phrase` = 'payment_from';
UPDATE `language` SET `english` = 'Payment Method'
WHERE `phrase` = 'payment_method';
UPDATE `language` SET `english` = 'Payment Status'
WHERE `phrase` = 'payment_status';
UPDATE `language` SET `english` = 'Payment To'
WHERE `phrase` = 'payment_to';
UPDATE `language` SET `english` = 'Payment Type'
WHERE `phrase` = 'payment_type';
UPDATE `language` SET `english` = 'Paypal Setting'
WHERE `phrase` = 'paypal_setting';
UPDATE `language` SET `english` = 'Payroll'
WHERE `phrase` = 'payroll';
UPDATE `language` SET `english` = 'Pay Now '
WHERE `phrase` = 'pay_now';
UPDATE `language` SET `english` = 'Pay Order'
WHERE `phrase` = 'pay_order';
UPDATE `language` SET `english` = 'Pay Type'
WHERE `phrase` = 'pay_type';
UPDATE `language` SET `english` = 'Pcs.'
WHERE `phrase` = 'pcs';
UPDATE `language` SET `english` = 'Pending'
WHERE `phrase` = 'pending';
UPDATE `language` SET `english` = 'Permission'
WHERE `phrase` = 'permission';
UPDATE `language` SET `english` = 'Person Edit'
WHERE `phrase` = 'personal_edit';
UPDATE `language` SET `english` = 'Personal Information'
WHERE `phrase` = 'personal_information';
UPDATE `language` SET `english` = 'Personal Loan'
WHERE `phrase` = 'personal_loan';
UPDATE `language` SET `english` = 'Person Ledger'
WHERE `phrase` = 'person_ledger';
UPDATE `language` SET `english` = 'Per PCS Commission'
WHERE `phrase` = 'per_pcs_commission';
UPDATE `language` SET `english` = 'Purchase Qty'
WHERE `phrase` = 'per_qty';
UPDATE `language` SET `english` = 'Phone'
WHERE `phrase` = 'phone';
UPDATE `language` SET `english` = 'Physical Address'
WHERE `phrase` = 'physical_address';
UPDATE `language` SET `english` = 'Picture'
WHERE `phrase` = 'picture';
UPDATE `language` SET `english` = 'Piece (Pc)'
WHERE `phrase` = 'piece_pc';
UPDATE `language` SET `english` = 'Plate'
WHERE `phrase` = 'plate';
UPDATE `language` SET `english` = 'Plate Number'
WHERE `phrase` = 'plate_number';
UPDATE `language` SET `english` = 'Please add \'Walking Customer\' for default customer.'
WHERE `phrase` = 'please_add_walking_customer_for_default_customer';
UPDATE `language` SET `english` = 'Please configure synchronizer settings'
WHERE `phrase` = 'please_configure_synchronizer_settings';
UPDATE `language` SET `english` = 'Please enter valid captcha.'
WHERE `phrase` = 'please_enter_valid_captcha';
UPDATE `language` SET `english` = 'Please enter your login information.'
WHERE `phrase` = 'please_enter_your_login_information';
UPDATE `language` SET `english` = 'Please Input a Correct Sale ID'
WHERE `phrase` = 'please_input_correct_invoice_id';
UPDATE `language` SET `english` = 'Please Input Your Correct  Purchase ID'
WHERE `phrase` = 'please_input_correct_purchase_id';
UPDATE `language` SET `english` = 'Please select customer !'
WHERE `phrase` = 'please_select_customer';
UPDATE `language` SET `english` = 'Please Select Employee'
WHERE `phrase` = 'please_select_employee';
UPDATE `language` SET `english` = 'Please select product.'
WHERE `phrase` = 'please_select_product';
UPDATE `language` SET `english` = 'Please Select Supplier'
WHERE `phrase` = 'please_select_supplier';
UPDATE `language` SET `english` = 'Please try again'
WHERE `phrase` = 'please_try_again';
UPDATE `language` SET `english` = 'Please Wait'
WHERE `phrase` = 'please_wait';
UPDATE `language` SET `english` = 'Positional Information'
WHERE `phrase` = 'positional_information';
UPDATE `language` SET `english` = 'Post'
WHERE `phrase` = 'post';
UPDATE `language` SET `english` = 'Postal Address'
WHERE `phrase` = 'postal_address';
UPDATE `language` SET `english` = 'POS Invoice'
WHERE `phrase` = 'pos_invoice';
UPDATE `language` SET `english` = 'Power'
WHERE `phrase` = 'power';
UPDATE `gateway_tbl` SET `payment_gateway` = 'paypal', `payment_mail` = 'sandbox@gmail.com', `currency` = 'USD', `status` = '0', `update_by` = '1', `update_date` = '2019-07-18'
WHERE `id` = 1;
UPDATE `gateway_tbl` SET `payment_gateway` = 'paypal', `payment_mail` = 'sandbox@gmail.com', `currency` = 'USD', `status` = '0', `updated_by` = '1', `updated_date` = '2019-07-18'
WHERE `id` = 1;
UPDATE `gateway_tbl` SET `payment_gateway` = 'paypal', `payment_mail` = 'sandbox@gmail.com', `currency` = 'DKK', `status` = '0', `updated_by` = '1', `updated_date` = '2019-07-18'
WHERE `id` = 1;
UPDATE `gateway_tbl` SET `payment_gateway` = 'paypal', `payment_mail` = 'sandbox@gmail.com', `currency` = 'USD', `status` = '0', `updated_by` = '1', `updated_date` = '2019-07-18'
WHERE `id` = 1;
INSERT INTO `booking_tbl` (`booking_time`, `title`, `booking_by`, `customer_id`, `registration_no`, `status`) VALUES ('2019-07-01 07:02', 'new', '1', 'FX4FTN9158ZORBW', '2', 1);
UPDATE `gateway_tbl` SET `payment_gateway` = 'sandbox', `payment_mail` = 'sandbox@gmail.com', `currency` = 'USD', `status` = '0', `updated_by` = '1', `updated_date` = '2019-07-20'
WHERE `id` = 1;
UPDATE `gateway_tbl` SET `payment_gateway` = 'sandbox', `payment_mail` = 'sandbox@gmail.com', `currency` = 'USD', `status` = '0', `updated_by` = '1', `updated_date` = '2019-07-20'
WHERE `id` = 1;
UPDATE `customer_information` SET `customer_name` = 'Joy paul', `customer_phone` = '13465465465', `customer_mobile` = '45646587', `customer_email` = 'shahabuddinp91@gmil.com', `customer_skype` = 'joypaul.gmail.com', `customer_address` = 'london', `company_name` = 'Britaniya Company', `company_number` = '5721545', `vat_number` = '159632', `company_type` = '', `postal_address` = '', `physical_address` = '', `website` = '', `director_name` = 'Joy Paul', `director_mobile` = '', `director_phone` = '', `director_address` = '', `trade_reference_1` = '', `trade_reference_2` = '', `trade_reference_3` = '', `status` = '', `notes` = '', `notifications` = 'sms,email', `payment_method` = 'cash', `sales_discount_status` = 'trade markup', `markup_discount` = '15'
WHERE `customer_id` = 'WY96Q26D9W3FORW';
UPDATE `acc_coa` SET `HeadName` = 'WY96Q26D9W3FORW-Joy paul'
WHERE `HeadName` = 'WY96Q26D9W3FORW-Joy paul';
UPDATE `user_login` SET `username` = 'shahabuddinp91@gmil.com', `password` = '2c4ba6f30db13ed68a77f56c5658f795', `user_type` = '3', `status` = '1'
WHERE `user_id` = 'WY96Q26D9W3FORW';
UPDATE `users` SET `first_name` = 'Joy paul', `last_name` = '', `gender` = '', `date_of_birth` = '', `logo` = '', `status` = '1'
WHERE `user_id` = 'WY96Q26D9W3FORW';
UPDATE `customer_information` SET `customer_name` = 'Joy paul', `customer_phone` = '13465465465', `customer_mobile` = '45646587', `customer_email` = 'shahabuddinp91@gmil.com', `customer_skype` = 'joypaul.gmail.com', `customer_address` = 'london', `company_name` = 'Britaniya Company', `company_number` = '5721545', `vat_number` = '159632', `company_type` = '', `postal_address` = '', `physical_address` = '', `website` = '', `director_name` = 'Joy Paul', `director_mobile` = '', `director_phone` = '', `director_address` = '', `trade_reference_1` = '', `trade_reference_2` = '', `trade_reference_3` = '', `status` = '', `notes` = '', `notifications` = 'sms,email', `payment_method` = 'cash', `sales_discount_status` = 'trade markup', `markup_discount` = '15'
WHERE `customer_id` = 'WY96Q26D9W3FORW';
UPDATE `acc_coa` SET `HeadName` = 'WY96Q26D9W3FORW-Joy paul'
WHERE `HeadName` = 'WY96Q26D9W3FORW-Joy paul';
UPDATE `user_login` SET `username` = 'shahabuddinp91@gmil.com', `password` = '2c4ba6f30db13ed68a77f56c5658f795', `user_type` = '3', `status` = '1'
WHERE `user_id` = 'WY96Q26D9W3FORW';
UPDATE `users` SET `first_name` = 'Joy paul', `last_name` = '', `gender` = '', `date_of_birth` = '', `logo` = '', `status` = '1'
WHERE `user_id` = 'WY96Q26D9W3FORW';
UPDATE `web_setting` SET `logo` = 'http://softest8.bdtask.com/garagemanagement/./my-assets/image/logo/8d6b2f6b33a60824118e6a79dca67e25.png', `invoice_logo` = 'http://localhost/bdtask/garegmanagement/./my-assets/image/logo/5f8b0d93bada5918a626a5abfca8cb1b.JPG', `favicon` = 'http://softest8.bdtask.com/garagemanagement/my-assets/image/logo/703010c615dd612d7f5742e2eb8165fe.png', `currency` = '$', `currency_position` = '0', `footer_text` = 'Copyright 2018-2019 bdtask. All rights reserved.', `language` = 'english', `rtr` = '0', `timezone` = 'Asia/Dhaka', `captcha` = '1', `site_key` = '', `secret_key` = '', `discount_type` = '1'
WHERE `setting_id` = 1;
UPDATE `customer_information` SET `customer_name` = 'Joy paul', `customer_phone` = '13465465465', `customer_mobile` = '45646587', `customer_email` = 'shahabuddinp91@gmail.com', `customer_skype` = 'joypaul.gmail.com', `customer_address` = 'london', `company_name` = 'Britaniya Company', `company_number` = '5721545', `vat_number` = '159632', `company_type` = '', `postal_address` = '', `physical_address` = '', `website` = '', `director_name` = 'Joy Paul', `director_mobile` = '', `director_phone` = '', `director_address` = '', `trade_reference_1` = '', `trade_reference_2` = '', `trade_reference_3` = '', `status` = '', `notes` = '', `notifications` = 'sms,email', `payment_method` = 'cash', `sales_discount_status` = 'trade markup', `markup_discount` = '15'
WHERE `customer_id` = 'WY96Q26D9W3FORW';
UPDATE `acc_coa` SET `HeadName` = 'WY96Q26D9W3FORW-Joy paul'
WHERE `HeadName` = 'WY96Q26D9W3FORW-Joy paul';
UPDATE `user_login` SET `username` = 'shahabuddinp91@gmail.com', `password` = '2c4ba6f30db13ed68a77f56c5658f795', `user_type` = '3', `status` = '1'
WHERE `user_id` = 'WY96Q26D9W3FORW';
UPDATE `users` SET `first_name` = 'Joy paul', `last_name` = '', `gender` = '', `date_of_birth` = '', `logo` = '', `status` = '1'
WHERE `user_id` = 'WY96Q26D9W3FORW';
DELETE FROM `job_details`
WHERE `job_id` = '9';
INSERT INTO `job_details` (`job_id`, `job_type_id`, `rate`, `assign_to`, `start_datetime`, `mechanic_notes`, `status`) VALUES ('9', '2', '150', 'V3KOLUZ64G5BC4Q', '2019-07-18 13:25:00', '', 1);
INSERT INTO `job_details` (`job_id`, `job_type_id`, `rate`, `assign_to`, `start_datetime`, `mechanic_notes`, `status`) VALUES ('9', '12', '30', 'M6S1SCRL22A1T3Y', '0000-11-30 00:00:00', '', 1);
INSERT INTO `job_details` (`job_id`, `job_type_id`, `rate`, `assign_to`, `start_datetime`, `mechanic_notes`, `status`) VALUES ('9', '6', '50', 'M6S1SCRL22A1T3Y', '', '', 1);
UPDATE `job` SET `recommendation` = ''
WHERE `job_id` = '9';
UPDATE `job_details` SET `end_datetime` = '0000-00-00 00:00:00'
WHERE `job_type_id` = '2'
AND `job_id` = '9';
UPDATE `job_details` SET `end_datetime` = '0000-00-00 00:00:00'
WHERE `job_type_id` = '12'
AND `job_id` = '9';
DELETE FROM `job_details`
WHERE `job_id` = '9';
INSERT INTO `job_details` (`job_id`, `job_type_id`, `rate`, `assign_to`, `start_datetime`, `mechanic_notes`, `status`) VALUES ('9', '2', '150', 'V3KOLUZ64G5BC4Q', '2019-07-18 13:25:00', '', 1);
INSERT INTO `job_details` (`job_id`, `job_type_id`, `rate`, `assign_to`, `start_datetime`, `mechanic_notes`, `status`) VALUES ('9', '12', '30', 'M6S1SCRL22A1T3Y', '2019-07-22 15:01', '', 1);
INSERT INTO `job_details` (`job_id`, `job_type_id`, `rate`, `assign_to`, `start_datetime`, `mechanic_notes`, `status`) VALUES ('9', '6', '50', 'M6S1SCRL22A1T3Y', '0000-00-00 00:00:00', '', 0);
UPDATE `job` SET `recommendation` = ''
WHERE `job_id` = '9';
UPDATE `job_details` SET `end_datetime` = '0000-00-00 00:00:00'
WHERE `job_type_id` = '2'
AND `job_id` = '9';
UPDATE `job_details` SET `end_datetime` = '0000-00-00 00:00:00'
WHERE `job_type_id` = '12'
AND `job_id` = '9';
UPDATE `job_details` SET `end_datetime` = '0000-00-00 00:00:00'
WHERE `job_type_id` = '6'
AND `job_id` = '9';
DELETE FROM `job_details`
WHERE `job_id` = '9';
INSERT INTO `job_details` (`job_id`, `job_type_id`, `rate`, `assign_to`, `start_datetime`, `mechanic_notes`, `status`) VALUES ('9', '2', '150', 'V3KOLUZ64G5BC4Q', '2019-07-18 13:25:00', '', 1);
INSERT INTO `job_details` (`job_id`, `job_type_id`, `rate`, `assign_to`, `start_datetime`, `mechanic_notes`, `status`) VALUES ('9', '12', '30', 'M6S1SCRL22A1T3Y', '2019-07-22 15:01:00', '', 1);
INSERT INTO `job_details` (`job_id`, `job_type_id`, `rate`, `assign_to`, `start_datetime`, `mechanic_notes`, `status`) VALUES ('9', '6', '50', 'M6S1SCRL22A1T3Y', '0000-00-00 00:00:00', '', 0);
INSERT INTO `job_details` (`job_id`, `job_type_id`, `rate`, `assign_to`, `start_datetime`, `mechanic_notes`, `status`) VALUES ('9', '7', '40', 'V3KOLUZ64G5BC4Q', '', '', 1);
UPDATE `job` SET `recommendation` = ''
WHERE `job_id` = '9';
UPDATE `job_details` SET `end_datetime` = '0000-00-00 00:00:00'
WHERE `job_type_id` = '2'
AND `job_id` = '9';
UPDATE `job_details` SET `end_datetime` = '0000-00-00 00:00:00'
WHERE `job_type_id` = '12'
AND `job_id` = '9';
UPDATE `job_details` SET `end_datetime` = '0000-00-00 00:00:00'
WHERE `job_type_id` = '6'
AND `job_id` = '9';
DELETE FROM `job_details`
WHERE `job_id` = '9';
INSERT INTO `job_details` (`job_id`, `job_type_id`, `rate`, `assign_to`, `start_datetime`, `mechanic_notes`, `status`) VALUES ('9', '2', '150', 'V3KOLUZ64G5BC4Q', '2019-07-18 13:25:00', '', 1);
INSERT INTO `job_details` (`job_id`, `job_type_id`, `rate`, `assign_to`, `start_datetime`, `mechanic_notes`, `status`) VALUES ('9', '12', '30', 'M6S1SCRL22A1T3Y', '2019-07-22 15:01:00', '', 1);
INSERT INTO `job_details` (`job_id`, `job_type_id`, `rate`, `assign_to`, `start_datetime`, `mechanic_notes`, `status`) VALUES ('9', '6', '50', 'M6S1SCRL22A1T3Y', '0000-00-00 00:00:00', '', 0);
INSERT INTO `job_details` (`job_id`, `job_type_id`, `rate`, `assign_to`, `start_datetime`, `mechanic_notes`, `status`) VALUES ('9', '7', '40', 'V3KOLUZ64G5BC4Q', '0000-00-00 00:00:00', '', 0);
INSERT INTO `job_details` (`job_id`, `job_type_id`, `rate`, `assign_to`, `start_datetime`, `mechanic_notes`, `status`) VALUES ('9', '8', '80', 'MIQ898T8P6C1VID', '', '', 0);
UPDATE `job` SET `recommendation` = '321'
WHERE `job_id` = '9';
UPDATE `job_details` SET `end_datetime` = '0000-00-00 00:00:00'
WHERE `job_type_id` = '2'
AND `job_id` = '9';
UPDATE `job_details` SET `end_datetime` = '0000-00-00 00:00:00'
WHERE `job_type_id` = '12'
AND `job_id` = '9';
UPDATE `job_details` SET `end_datetime` = '0000-00-00 00:00:00'
WHERE `job_type_id` = '6'
AND `job_id` = '9';
UPDATE `job_details` SET `end_datetime` = '0000-00-00 00:00:00'
WHERE `job_type_id` = '7'
AND `job_id` = '9';
INSERT INTO `language` (`phrase`) VALUES ('mechanic_status');
UPDATE `language` SET `english` = 'Manage Income Tax'
WHERE `phrase` = 'manage_income_tax';
UPDATE `language` SET `english` = 'Manage Invoice'
WHERE `phrase` = 'manage_invoice';
UPDATE `language` SET `english` = 'Manage Job'
WHERE `phrase` = 'manage_job';
UPDATE `language` SET `english` = 'Manage Job Category'
WHERE `phrase` = 'manage_job_category';
UPDATE `language` SET `english` = 'Manage Job Types'
WHERE `phrase` = 'manage_job_type';
UPDATE `language` SET `english` = 'Manage Loan'
WHERE `phrase` = 'manage_loan';
UPDATE `language` SET `english` = 'Manage Payroll'
WHERE `phrase` = 'manage_payroll';
UPDATE `language` SET `english` = 'Manage Person'
WHERE `phrase` = 'manage_person';
UPDATE `language` SET `english` = 'Manage Product'
WHERE `phrase` = 'manage_product';
UPDATE `language` SET `english` = 'Manage Purchase'
WHERE `phrase` = 'manage_purchase';
UPDATE `language` SET `english` = 'Manage Quotation'
WHERE `phrase` = 'manage_quotation';
UPDATE `language` SET `english` = 'Manage Salary Generate'
WHERE `phrase` = 'manage_salary_generate';
UPDATE `language` SET `english` = 'Manage Salary Setup'
WHERE `phrase` = 'manage_salary_setup';
UPDATE `language` SET `english` = 'Manage Service'
WHERE `phrase` = 'manage_service';
UPDATE `language` SET `english` = 'Manage Service Invoice'
WHERE `phrase` = 'manage_service_invoice';
UPDATE `language` SET `english` = 'Manage Supplier'
WHERE `phrase` = 'manage_suppiler';
UPDATE `language` SET `english` = 'Manage Supplier'
WHERE `phrase` = 'manage_supplier';
UPDATE `language` SET `english` = 'Manage supplier ledger'
WHERE `phrase` = 'manage_supplier_ledger';
UPDATE `language` SET `english` = 'Manage Tax'
WHERE `phrase` = 'manage_tax';
UPDATE `language` SET `english` = 'Manage Transaction'
WHERE `phrase` = 'manage_transaction';
UPDATE `language` SET `english` = 'Manage Types'
WHERE `phrase` = 'manage_types';
UPDATE `language` SET `english` = 'Manage Unit'
WHERE `phrase` = 'manage_unit';
UPDATE `language` SET `english` = 'Manage Users'
WHERE `phrase` = 'manage_users';
UPDATE `language` SET `english` = 'Manage Vehicles'
WHERE `phrase` = 'manage_vehicle';
UPDATE `language` SET `english` = 'Manage Vehicles'
WHERE `phrase` = 'manage_vehicles';
UPDATE `language` SET `english` = 'Manage your category '
WHERE `phrase` = 'manage_your_category';
UPDATE `language` SET `english` = 'Manage your credit customer'
WHERE `phrase` = 'manage_your_credit_customer';
UPDATE `language` SET `english` = 'Manage your customer'
WHERE `phrase` = 'manage_your_customer';
UPDATE `language` SET `english` = 'Manage your Sale'
WHERE `phrase` = 'manage_your_invoice';
UPDATE `language` SET `english` = 'Manage your product'
WHERE `phrase` = 'manage_your_product';
UPDATE `language` SET `english` = 'Manage your purchase'
WHERE `phrase` = 'manage_your_purchase';
UPDATE `language` SET `english` = 'Manage your supplier'
WHERE `phrase` = 'manage_your_supplier';
UPDATE `language` SET `english` = 'Manage your supplier details.'
WHERE `phrase` = 'manage_your_supplier_details';
UPDATE `language` SET `english` = 'Manage Your Unit'
WHERE `phrase` = 'manage_your_unit';
UPDATE `language` SET `english` = 'Max Rate'
WHERE `phrase` = 'max_rate';
UPDATE `language` SET `english` = 'Mechanic'
WHERE `phrase` = 'mechanic';
UPDATE `language` SET `english` = 'Mechanic'
WHERE `phrase` = 'mechanics';
UPDATE `language` SET `english` = 'Mechanic Note'
WHERE `phrase` = 'mechanic_notes';
UPDATE `language` SET `english` = 'Mechanic Portal'
WHERE `phrase` = 'mechanic_portal';
UPDATE `language` SET `english` = 'Mechanic Status'
WHERE `phrase` = 'mechanic_status';
UPDATE `language` SET `english` = 'Memo No'
WHERE `phrase` = 'memo_no';
UPDATE `language` SET `english` = 'Menu Name'
WHERE `phrase` = 'menu_name';
UPDATE `language` SET `english` = 'Meter (M)'
WHERE `phrase` = 'meter_m';
UPDATE `language` SET `english` = 'Minimum Stock'
WHERE `phrase` = 'minimum_stock';
UPDATE `language` SET `english` = 'Min Rate'
WHERE `phrase` = 'min_rate';
UPDATE `language` SET `english` = 'Mobile'
WHERE `phrase` = 'mobile';
UPDATE `language` SET `english` = 'Mode'
WHERE `phrase` = 'mode';
UPDATE `language` SET `english` = 'Model'
WHERE `phrase` = 'model';
UPDATE `language` SET `english` = 'Module Name'
WHERE `phrase` = 'module_name';
UPDATE `language` SET `english` = 'TK'
WHERE `phrase` = 'money';
DELETE FROM `job_details`
WHERE `job_id` = '9';
INSERT INTO `job_details` (`job_id`, `job_type_id`, `rate`, `assign_to`, `start_datetime`, `mechanic_notes`, `status`) VALUES ('9', '2', '150', 'V3KOLUZ64G5BC4Q', '2019-07-18 13:25:00', '', 3);
INSERT INTO `job_details` (`job_id`, `job_type_id`, `rate`, `assign_to`, `start_datetime`, `mechanic_notes`, `status`) VALUES ('9', '12', '30', 'M6S1SCRL22A1T3Y', '2019-07-22 15:01:00', '', 1);
INSERT INTO `job_details` (`job_id`, `job_type_id`, `rate`, `assign_to`, `start_datetime`, `mechanic_notes`, `status`) VALUES ('9', '6', '50', 'M6S1SCRL22A1T3Y', '0000-00-00 00:00:00', '', 0);
INSERT INTO `job_details` (`job_id`, `job_type_id`, `rate`, `assign_to`, `start_datetime`, `mechanic_notes`, `status`) VALUES ('9', '7', '40', 'V3KOLUZ64G5BC4Q', '0000-00-00 00:00:00', '', 0);
INSERT INTO `job_details` (`job_id`, `job_type_id`, `rate`, `assign_to`, `start_datetime`, `mechanic_notes`, `status`) VALUES ('9', '8', '80', 'MIQ898T8P6C1VID', '0000-00-00 00:00:00', '', 0);
UPDATE `job` SET `recommendation` = '321'
WHERE `job_id` = '9';
UPDATE `job_details` SET `end_datetime` = '2019-07-22 15:25'
WHERE `job_type_id` = '2'
AND `job_id` = '9';
UPDATE `job_details` SET `end_datetime` = '0000-00-00 00:00:00'
WHERE `job_type_id` = '12'
AND `job_id` = '9';
UPDATE `job_details` SET `end_datetime` = '0000-00-00 00:00:00'
WHERE `job_type_id` = '6'
AND `job_id` = '9';
UPDATE `job_details` SET `end_datetime` = '0000-00-00 00:00:00'
WHERE `job_type_id` = '7'
AND `job_id` = '9';
UPDATE `job_details` SET `end_datetime` = '0000-00-00 00:00:00'
WHERE `job_type_id` = '8'
AND `job_id` = '9';
INSERT INTO `inspection` (`inspection_name`, `job_type_rate`, `standard_timing`, `create_by`, `create_date`) VALUES ('A Service Checklist', '500', '7:00pm', '1', '2019-07-22');
INSERT INTO `job_type` (`fk_inspection_id`, `job_category_id`, `job_type_name`, `job_type_rate`, `standard_timing`, `create_by`, `create_date`, `status`) VALUES (1, '', 'A Service Checklist', '500', '7:00pm', '1', '2019-07-22', 1);
INSERT INTO `inspection_list` (`inspection_id`, `category_id`, `job_type_id`) VALUES (1, '2', '1');
INSERT INTO `inspection_list` (`inspection_id`, `category_id`, `job_type_id`) VALUES (1, '2', '3');
INSERT INTO `inspection_list` (`inspection_id`, `category_id`, `job_type_id`) VALUES (1, '2', '4');
INSERT INTO `inspection_list` (`inspection_id`, `category_id`, `job_type_id`) VALUES (1, '2', '5');
INSERT INTO `inspection_list` (`inspection_id`, `category_id`, `job_type_id`) VALUES (1, '2', '6');
INSERT INTO `inspection_list` (`inspection_id`, `category_id`, `job_type_id`) VALUES (1, '2', '7');
INSERT INTO `inspection_list` (`inspection_id`, `category_id`, `job_type_id`) VALUES (1, '2', '8');
INSERT INTO `inspection_list` (`inspection_id`, `category_id`, `job_type_id`) VALUES (1, '2', '9');
INSERT INTO `inspection_list` (`inspection_id`, `category_id`, `job_type_id`) VALUES (1, '2', '10');
INSERT INTO `inspection_list` (`inspection_id`, `category_id`, `job_type_id`) VALUES (1, '3', '11');
INSERT INTO `inspection_list` (`inspection_id`, `category_id`, `job_type_id`) VALUES (1, '3', '12');
INSERT INTO `inspection_list` (`inspection_id`, `category_id`, `job_type_id`) VALUES (1, '3', '13');
INSERT INTO `inspection_list` (`inspection_id`, `category_id`, `job_type_id`) VALUES (1, '3', '14');
INSERT INTO `inspection_list` (`inspection_id`, `category_id`, `job_type_id`) VALUES (1, '3', '15');
INSERT INTO `job` (`customer_id`, `work_order_no`, `vehicle_id`, `schedule_date_time`, `delivery_date_time`, `customer_ref`, `job_description`, `alert_via`, `create_by`, `create_date`, `status`) VALUES ('WY96Q26D9W3FORW', '7-1563796222', '7', '2019-07-22 17:50', '2019-07-25 22:00', 'Jui', 'demo', 'sms', '1', '2019-07-22 13:51:24', 0);
INSERT INTO `job_details` (`job_id`, `job_type_id`, `assign_to`, `rate`, `client_notes`, `status`) VALUES (11, '16', 'V3KOLUZ64G5BC4Q', '500', '', 0);
INSERT INTO `job_details` (`job_id`, `job_type_id`, `assign_to`, `rate`, `client_notes`, `status`) VALUES (11, '3', 'V3KOLUZ64G5BC4Q', '140', '', 0);
INSERT INTO `job_details` (`job_id`, `job_type_id`, `assign_to`, `rate`, `client_notes`, `status`) VALUES (11, '2', 'M6S1SCRL22A1T3Y', '150', '', 0);
INSERT INTO `package_tbl` (`job_id`, `inspection_job_typeid`, `job_category_id`, `job_type_id`, `pass_fail`) VALUES ('11', '33', '2', '1', '1');
INSERT INTO `package_tbl` (`job_id`, `inspection_job_typeid`, `job_category_id`, `job_type_id`, `pass_fail`) VALUES ('11', '33', '2', '3', '0');
INSERT INTO `package_tbl` (`job_id`, `inspection_job_typeid`, `job_category_id`, `job_type_id`, `pass_fail`) VALUES ('11', '33', '2', '4', '0');
INSERT INTO `package_tbl` (`job_id`, `inspection_job_typeid`, `job_category_id`, `job_type_id`, `pass_fail`) VALUES ('11', '33', '2', '5', '1');
INSERT INTO `package_tbl` (`job_id`, `inspection_job_typeid`, `job_category_id`, `job_type_id`, `pass_fail`) VALUES ('11', '33', '2', '6', '0');
INSERT INTO `package_tbl` (`job_id`, `inspection_job_typeid`, `job_category_id`, `job_type_id`, `pass_fail`) VALUES ('11', '33', '2', '7', '1');
INSERT INTO `package_tbl` (`job_id`, `inspection_job_typeid`, `job_category_id`, `job_type_id`, `pass_fail`) VALUES ('11', '33', '2', '8', '0');
INSERT INTO `package_tbl` (`job_id`, `inspection_job_typeid`, `job_category_id`, `job_type_id`, `pass_fail`) VALUES ('11', '33', '2', '9', '1');
INSERT INTO `package_tbl` (`job_id`, `inspection_job_typeid`, `job_category_id`, `job_type_id`, `pass_fail`) VALUES ('11', '33', '2', '10', '0');
INSERT INTO `package_tbl` (`job_id`, `inspection_job_typeid`, `job_category_id`, `job_type_id`, `pass_fail`) VALUES ('11', '33', '3', '11', '0');
INSERT INTO `package_tbl` (`job_id`, `inspection_job_typeid`, `job_category_id`, `job_type_id`, `pass_fail`) VALUES ('11', '33', '3', '12', '0');
INSERT INTO `package_tbl` (`job_id`, `inspection_job_typeid`, `job_category_id`, `job_type_id`, `pass_fail`) VALUES ('11', '33', '3', '13', '0');
INSERT INTO `package_tbl` (`job_id`, `inspection_job_typeid`, `job_category_id`, `job_type_id`, `pass_fail`) VALUES ('11', '33', '3', '14', '0');
INSERT INTO `package_tbl` (`job_id`, `inspection_job_typeid`, `job_category_id`, `job_type_id`, `pass_fail`) VALUES ('11', '33', '3', '15', '0');
INSERT INTO `package_tbl` (`job_id`, `inspection_job_typeid`, `job_category_id`, `job_type_id`, `pass_fail`) VALUES ('11', '33', '5', '16', '1');
INSERT INTO `package_tbl` (`job_id`, `inspection_job_typeid`, `job_category_id`, `job_type_id`, `pass_fail`) VALUES ('11', '33', '5', '17', '1');
INSERT INTO `package_tbl` (`job_id`, `inspection_job_typeid`, `job_category_id`, `job_type_id`, `pass_fail`) VALUES ('11', '33', '5', '18', '0');
INSERT INTO `package_tbl` (`job_id`, `inspection_job_typeid`, `job_category_id`, `job_type_id`, `pass_fail`) VALUES ('11', '33', '5', '19', '0');
INSERT INTO `package_tbl` (`job_id`, `inspection_job_typeid`, `job_category_id`, `job_type_id`, `pass_fail`) VALUES ('11', '33', '5', '20', NULL);
INSERT INTO `package_tbl` (`job_id`, `inspection_job_typeid`, `job_category_id`, `job_type_id`, `pass_fail`) VALUES ('11', '33', '2', '1', '1');
INSERT INTO `package_tbl` (`job_id`, `inspection_job_typeid`, `job_category_id`, `job_type_id`, `pass_fail`) VALUES ('11', '33', '2', '3', '0');
INSERT INTO `package_tbl` (`job_id`, `inspection_job_typeid`, `job_category_id`, `job_type_id`, `pass_fail`) VALUES ('11', '33', '2', '4', '0');
INSERT INTO `package_tbl` (`job_id`, `inspection_job_typeid`, `job_category_id`, `job_type_id`, `pass_fail`) VALUES ('11', '33', '2', '5', '1');
INSERT INTO `package_tbl` (`job_id`, `inspection_job_typeid`, `job_category_id`, `job_type_id`, `pass_fail`) VALUES ('11', '33', '2', '6', '0');
INSERT INTO `package_tbl` (`job_id`, `inspection_job_typeid`, `job_category_id`, `job_type_id`, `pass_fail`) VALUES ('11', '33', '2', '7', '1');
INSERT INTO `package_tbl` (`job_id`, `inspection_job_typeid`, `job_category_id`, `job_type_id`, `pass_fail`) VALUES ('11', '33', '2', '8', '0');
INSERT INTO `package_tbl` (`job_id`, `inspection_job_typeid`, `job_category_id`, `job_type_id`, `pass_fail`) VALUES ('11', '33', '2', '9', '1');
INSERT INTO `package_tbl` (`job_id`, `inspection_job_typeid`, `job_category_id`, `job_type_id`, `pass_fail`) VALUES ('11', '33', '2', '10', '0');
INSERT INTO `package_tbl` (`job_id`, `inspection_job_typeid`, `job_category_id`, `job_type_id`, `pass_fail`) VALUES ('11', '33', '3', '11', '0');
INSERT INTO `package_tbl` (`job_id`, `inspection_job_typeid`, `job_category_id`, `job_type_id`, `pass_fail`) VALUES ('11', '33', '3', '12', '0');
INSERT INTO `package_tbl` (`job_id`, `inspection_job_typeid`, `job_category_id`, `job_type_id`, `pass_fail`) VALUES ('11', '33', '3', '13', '0');
INSERT INTO `package_tbl` (`job_id`, `inspection_job_typeid`, `job_category_id`, `job_type_id`, `pass_fail`) VALUES ('11', '33', '3', '14', '0');
INSERT INTO `package_tbl` (`job_id`, `inspection_job_typeid`, `job_category_id`, `job_type_id`, `pass_fail`) VALUES ('11', '33', '3', '15', '0');
INSERT INTO `package_tbl` (`job_id`, `inspection_job_typeid`, `job_category_id`, `job_type_id`, `pass_fail`) VALUES ('11', '33', '5', '16', '1');
INSERT INTO `package_tbl` (`job_id`, `inspection_job_typeid`, `job_category_id`, `job_type_id`, `pass_fail`) VALUES ('11', '33', '5', '17', '1');
INSERT INTO `package_tbl` (`job_id`, `inspection_job_typeid`, `job_category_id`, `job_type_id`, `pass_fail`) VALUES ('11', '33', '5', '18', '0');
INSERT INTO `package_tbl` (`job_id`, `inspection_job_typeid`, `job_category_id`, `job_type_id`, `pass_fail`) VALUES ('11', '33', '5', '19', '0');
INSERT INTO `package_tbl` (`job_id`, `inspection_job_typeid`, `job_category_id`, `job_type_id`, `pass_fail`) VALUES ('11', '33', '5', '20', NULL);
INSERT INTO `package_tbl` (`job_id`, `inspection_job_typeid`, `job_category_id`, `job_type_id`, `pass_fail`) VALUES ('11', '33', '2', '1', '1');
INSERT INTO `package_tbl` (`job_id`, `inspection_job_typeid`, `job_category_id`, `job_type_id`, `pass_fail`) VALUES ('11', '33', '2', '3', '0');
INSERT INTO `package_tbl` (`job_id`, `inspection_job_typeid`, `job_category_id`, `job_type_id`, `pass_fail`) VALUES ('11', '33', '2', '4', '0');
INSERT INTO `package_tbl` (`job_id`, `inspection_job_typeid`, `job_category_id`, `job_type_id`, `pass_fail`) VALUES ('11', '33', '2', '5', '1');
INSERT INTO `package_tbl` (`job_id`, `inspection_job_typeid`, `job_category_id`, `job_type_id`, `pass_fail`) VALUES ('11', '33', '2', '6', '0');
INSERT INTO `package_tbl` (`job_id`, `inspection_job_typeid`, `job_category_id`, `job_type_id`, `pass_fail`) VALUES ('11', '33', '2', '7', '1');
INSERT INTO `package_tbl` (`job_id`, `inspection_job_typeid`, `job_category_id`, `job_type_id`, `pass_fail`) VALUES ('11', '33', '2', '8', '0');
INSERT INTO `package_tbl` (`job_id`, `inspection_job_typeid`, `job_category_id`, `job_type_id`, `pass_fail`) VALUES ('11', '33', '2', '9', '1');
INSERT INTO `package_tbl` (`job_id`, `inspection_job_typeid`, `job_category_id`, `job_type_id`, `pass_fail`) VALUES ('11', '33', '2', '10', '0');
INSERT INTO `package_tbl` (`job_id`, `inspection_job_typeid`, `job_category_id`, `job_type_id`, `pass_fail`) VALUES ('11', '33', '3', '11', '0');
INSERT INTO `package_tbl` (`job_id`, `inspection_job_typeid`, `job_category_id`, `job_type_id`, `pass_fail`) VALUES ('11', '33', '3', '12', '0');
INSERT INTO `package_tbl` (`job_id`, `inspection_job_typeid`, `job_category_id`, `job_type_id`, `pass_fail`) VALUES ('11', '33', '3', '13', '0');
INSERT INTO `package_tbl` (`job_id`, `inspection_job_typeid`, `job_category_id`, `job_type_id`, `pass_fail`) VALUES ('11', '33', '3', '14', '0');
INSERT INTO `package_tbl` (`job_id`, `inspection_job_typeid`, `job_category_id`, `job_type_id`, `pass_fail`) VALUES ('11', '33', '3', '15', '0');
INSERT INTO `package_tbl` (`job_id`, `inspection_job_typeid`, `job_category_id`, `job_type_id`, `pass_fail`) VALUES ('11', '33', '5', '16', '1');
INSERT INTO `package_tbl` (`job_id`, `inspection_job_typeid`, `job_category_id`, `job_type_id`, `pass_fail`) VALUES ('11', '33', '5', '17', '1');
INSERT INTO `package_tbl` (`job_id`, `inspection_job_typeid`, `job_category_id`, `job_type_id`, `pass_fail`) VALUES ('11', '33', '5', '18', '0');
INSERT INTO `package_tbl` (`job_id`, `inspection_job_typeid`, `job_category_id`, `job_type_id`, `pass_fail`) VALUES ('11', '33', '5', '19', '0');
INSERT INTO `package_tbl` (`job_id`, `inspection_job_typeid`, `job_category_id`, `job_type_id`, `pass_fail`) VALUES ('11', '33', '5', '20', NULL);
INSERT INTO `package_tbl` (`job_id`, `inspection_job_typeid`, `job_category_id`, `job_type_id`, `pass_fail`, `created_by`, `created_date`) VALUES ('11', '33', '2', '1', '1', '1', '2019-07-23');
INSERT INTO `package_tbl` (`job_id`, `inspection_job_typeid`, `job_category_id`, `job_type_id`, `pass_fail`, `created_by`, `created_date`) VALUES ('11', '33', '2', '3', '0', '1', '2019-07-23');
INSERT INTO `package_tbl` (`job_id`, `inspection_job_typeid`, `job_category_id`, `job_type_id`, `pass_fail`, `created_by`, `created_date`) VALUES ('11', '33', '2', '4', '0', '1', '2019-07-23');
INSERT INTO `package_tbl` (`job_id`, `inspection_job_typeid`, `job_category_id`, `job_type_id`, `pass_fail`, `created_by`, `created_date`) VALUES ('11', '33', '2', '5', '1', '1', '2019-07-23');
INSERT INTO `package_tbl` (`job_id`, `inspection_job_typeid`, `job_category_id`, `job_type_id`, `pass_fail`, `created_by`, `created_date`) VALUES ('11', '33', '2', '6', '0', '1', '2019-07-23');
INSERT INTO `package_tbl` (`job_id`, `inspection_job_typeid`, `job_category_id`, `job_type_id`, `pass_fail`, `created_by`, `created_date`) VALUES ('11', '33', '2', '7', '1', '1', '2019-07-23');
INSERT INTO `package_tbl` (`job_id`, `inspection_job_typeid`, `job_category_id`, `job_type_id`, `pass_fail`, `created_by`, `created_date`) VALUES ('11', '33', '2', '8', '0', '1', '2019-07-23');
INSERT INTO `package_tbl` (`job_id`, `inspection_job_typeid`, `job_category_id`, `job_type_id`, `pass_fail`, `created_by`, `created_date`) VALUES ('11', '33', '2', '9', '1', '1', '2019-07-23');
INSERT INTO `package_tbl` (`job_id`, `inspection_job_typeid`, `job_category_id`, `job_type_id`, `pass_fail`, `created_by`, `created_date`) VALUES ('11', '33', '2', '10', '0', '1', '2019-07-23');
INSERT INTO `package_tbl` (`job_id`, `inspection_job_typeid`, `job_category_id`, `job_type_id`, `pass_fail`, `created_by`, `created_date`) VALUES ('11', '33', '3', '11', '0', '1', '2019-07-23');
INSERT INTO `package_tbl` (`job_id`, `inspection_job_typeid`, `job_category_id`, `job_type_id`, `pass_fail`, `created_by`, `created_date`) VALUES ('11', '33', '3', '12', '0', '1', '2019-07-23');
INSERT INTO `package_tbl` (`job_id`, `inspection_job_typeid`, `job_category_id`, `job_type_id`, `pass_fail`, `created_by`, `created_date`) VALUES ('11', '33', '3', '13', '0', '1', '2019-07-23');
INSERT INTO `package_tbl` (`job_id`, `inspection_job_typeid`, `job_category_id`, `job_type_id`, `pass_fail`, `created_by`, `created_date`) VALUES ('11', '33', '3', '14', '0', '1', '2019-07-23');
INSERT INTO `package_tbl` (`job_id`, `inspection_job_typeid`, `job_category_id`, `job_type_id`, `pass_fail`, `created_by`, `created_date`) VALUES ('11', '33', '3', '15', '0', '1', '2019-07-23');
INSERT INTO `package_tbl` (`job_id`, `inspection_job_typeid`, `job_category_id`, `job_type_id`, `pass_fail`, `created_by`, `created_date`) VALUES ('11', '33', '5', '16', '1', '1', '2019-07-23');
INSERT INTO `package_tbl` (`job_id`, `inspection_job_typeid`, `job_category_id`, `job_type_id`, `pass_fail`, `created_by`, `created_date`) VALUES ('11', '33', '5', '17', '1', '1', '2019-07-23');
INSERT INTO `package_tbl` (`job_id`, `inspection_job_typeid`, `job_category_id`, `job_type_id`, `pass_fail`, `created_by`, `created_date`) VALUES ('11', '33', '5', '18', '0', '1', '2019-07-23');
INSERT INTO `package_tbl` (`job_id`, `inspection_job_typeid`, `job_category_id`, `job_type_id`, `pass_fail`, `created_by`, `created_date`) VALUES ('11', '33', '5', '19', '0', '1', '2019-07-23');
INSERT INTO `package_tbl` (`job_id`, `inspection_job_typeid`, `job_category_id`, `job_type_id`, `pass_fail`, `created_by`, `created_date`) VALUES ('11', '33', '5', '20', NULL, '1', '2019-07-23');
INSERT INTO `package_tbl` (`job_id`, `inspection_job_typeid`, `job_category_id`, `job_type_id`, `pass_fail`, `created_by`, `created_date`) VALUES ('11', '33', '2', '1', '1', '1', '2019-07-23');
INSERT INTO `package_tbl` (`job_id`, `inspection_job_typeid`, `job_category_id`, `job_type_id`, `pass_fail`, `created_by`, `created_date`) VALUES ('11', '33', '2', '3', '0', '1', '2019-07-23');
INSERT INTO `package_tbl` (`job_id`, `inspection_job_typeid`, `job_category_id`, `job_type_id`, `pass_fail`, `created_by`, `created_date`) VALUES ('11', '33', '2', '4', '0', '1', '2019-07-23');
INSERT INTO `package_tbl` (`job_id`, `inspection_job_typeid`, `job_category_id`, `job_type_id`, `pass_fail`, `created_by`, `created_date`) VALUES ('11', '33', '2', '5', '1', '1', '2019-07-23');
INSERT INTO `package_tbl` (`job_id`, `inspection_job_typeid`, `job_category_id`, `job_type_id`, `pass_fail`, `created_by`, `created_date`) VALUES ('11', '33', '2', '6', '0', '1', '2019-07-23');
INSERT INTO `package_tbl` (`job_id`, `inspection_job_typeid`, `job_category_id`, `job_type_id`, `pass_fail`, `created_by`, `created_date`) VALUES ('11', '33', '2', '7', '1', '1', '2019-07-23');
INSERT INTO `package_tbl` (`job_id`, `inspection_job_typeid`, `job_category_id`, `job_type_id`, `pass_fail`, `created_by`, `created_date`) VALUES ('11', '33', '2', '8', '0', '1', '2019-07-23');
INSERT INTO `package_tbl` (`job_id`, `inspection_job_typeid`, `job_category_id`, `job_type_id`, `pass_fail`, `created_by`, `created_date`) VALUES ('11', '33', '2', '9', '1', '1', '2019-07-23');
INSERT INTO `package_tbl` (`job_id`, `inspection_job_typeid`, `job_category_id`, `job_type_id`, `pass_fail`, `created_by`, `created_date`) VALUES ('11', '33', '2', '10', '0', '1', '2019-07-23');
INSERT INTO `package_tbl` (`job_id`, `inspection_job_typeid`, `job_category_id`, `job_type_id`, `pass_fail`, `created_by`, `created_date`) VALUES ('11', '33', '3', '11', '0', '1', '2019-07-23');
INSERT INTO `package_tbl` (`job_id`, `inspection_job_typeid`, `job_category_id`, `job_type_id`, `pass_fail`, `created_by`, `created_date`) VALUES ('11', '33', '3', '12', '0', '1', '2019-07-23');
INSERT INTO `package_tbl` (`job_id`, `inspection_job_typeid`, `job_category_id`, `job_type_id`, `pass_fail`, `created_by`, `created_date`) VALUES ('11', '33', '3', '13', '0', '1', '2019-07-23');
INSERT INTO `package_tbl` (`job_id`, `inspection_job_typeid`, `job_category_id`, `job_type_id`, `pass_fail`, `created_by`, `created_date`) VALUES ('11', '33', '3', '14', '0', '1', '2019-07-23');
INSERT INTO `package_tbl` (`job_id`, `inspection_job_typeid`, `job_category_id`, `job_type_id`, `pass_fail`, `created_by`, `created_date`) VALUES ('11', '33', '3', '15', '0', '1', '2019-07-23');
INSERT INTO `package_tbl` (`job_id`, `inspection_job_typeid`, `job_category_id`, `job_type_id`, `pass_fail`, `created_by`, `created_date`) VALUES ('11', '33', '5', '16', '1', '1', '2019-07-23');
INSERT INTO `package_tbl` (`job_id`, `inspection_job_typeid`, `job_category_id`, `job_type_id`, `pass_fail`, `created_by`, `created_date`) VALUES ('11', '33', '5', '17', '1', '1', '2019-07-23');
INSERT INTO `package_tbl` (`job_id`, `inspection_job_typeid`, `job_category_id`, `job_type_id`, `pass_fail`, `created_by`, `created_date`) VALUES ('11', '33', '5', '18', '0', '1', '2019-07-23');
INSERT INTO `package_tbl` (`job_id`, `inspection_job_typeid`, `job_category_id`, `job_type_id`, `pass_fail`, `created_by`, `created_date`) VALUES ('11', '33', '5', '19', '0', '1', '2019-07-23');
INSERT INTO `package_tbl` (`job_id`, `inspection_job_typeid`, `job_category_id`, `job_type_id`, `pass_fail`, `created_by`, `created_date`) VALUES ('11', '33', '5', '20', NULL, '1', '2019-07-23');
INSERT INTO `package_tbl` (`job_id`, `inspection_job_typeid`, `job_category_id`, `job_type_id`, `pass_fail`, `created_by`, `created_date`) VALUES ('11', '33', '5', '21', '1', '1', '2019-07-23');
INSERT INTO `package_tbl` (`job_id`, `inspection_job_typeid`, `job_category_id`, `job_type_id`, `pass_fail`, `created_by`, `created_date`) VALUES ('11', '33', '5', '22', '0', '1', '2019-07-23');
INSERT INTO `package_tbl` (`job_id`, `inspection_job_typeid`, `job_category_id`, `job_type_id`, `pass_fail`, `created_by`, `created_date`) VALUES ('11', '33', '5', '23', '1', '1', '2019-07-23');
INSERT INTO `package_tbl` (`job_id`, `inspection_job_typeid`, `job_category_id`, `job_type_id`, `pass_fail`, `created_by`, `created_date`) VALUES ('11', '33', '6', '24', '1', '1', '2019-07-23');
INSERT INTO `package_tbl` (`job_id`, `inspection_job_typeid`, `job_category_id`, `job_type_id`, `pass_fail`, `created_by`, `created_date`) VALUES ('11', '33', '6', '25', '0', '1', '2019-07-23');
INSERT INTO `package_tbl` (`job_id`, `inspection_job_typeid`, `job_category_id`, `job_type_id`, `pass_fail`, `created_by`, `created_date`) VALUES ('11', '33', '6', '26', '1', '1', '2019-07-23');
INSERT INTO `package_tbl` (`job_id`, `inspection_job_typeid`, `job_category_id`, `job_type_id`, `pass_fail`, `created_by`, `created_date`) VALUES ('11', '33', '6', '27', '0', '1', '2019-07-23');
INSERT INTO `package_tbl` (`job_id`, `inspection_job_typeid`, `job_category_id`, `job_type_id`, `pass_fail`, `created_by`, `created_date`) VALUES ('11', '33', '6', '28', '1', '1', '2019-07-23');
INSERT INTO `package_tbl` (`job_id`, `inspection_job_typeid`, `job_category_id`, `job_type_id`, `pass_fail`, `created_by`, `created_date`) VALUES ('11', '33', '7', '30', '1', '1', '2019-07-23');
INSERT INTO `package_tbl` (`job_id`, `inspection_job_typeid`, `job_category_id`, `job_type_id`, `pass_fail`, `created_by`, `created_date`) VALUES ('11', '33', '7', '31', '1', '1', '2019-07-23');
INSERT INTO `package_tbl` (`job_id`, `inspection_job_typeid`, `job_category_id`, `job_type_id`, `pass_fail`, `created_by`, `created_date`) VALUES ('11', '33', '7', '32', '1', '1', '2019-07-23');
INSERT INTO `package_tbl` (`job_id`, `inspection_job_typeid`, `job_category_id`, `job_type_id`, `pass_fail`, `created_by`, `created_date`, `status`) VALUES ('11', '33', '2', '1', '1', '1', '2019-07-23', 1);
INSERT INTO `package_tbl` (`job_id`, `inspection_job_typeid`, `job_category_id`, `job_type_id`, `pass_fail`, `created_by`, `created_date`, `status`) VALUES ('11', '33', '2', '3', '0', '1', '2019-07-23', 1);
INSERT INTO `package_tbl` (`job_id`, `inspection_job_typeid`, `job_category_id`, `job_type_id`, `pass_fail`, `created_by`, `created_date`, `status`) VALUES ('11', '33', '2', '4', '1', '1', '2019-07-23', 1);
INSERT INTO `package_tbl` (`job_id`, `inspection_job_typeid`, `job_category_id`, `job_type_id`, `pass_fail`, `created_by`, `created_date`, `status`) VALUES ('11', '33', '2', '5', '1', '1', '2019-07-23', 1);
INSERT INTO `package_tbl` (`job_id`, `inspection_job_typeid`, `job_category_id`, `job_type_id`, `pass_fail`, `created_by`, `created_date`, `status`) VALUES ('11', '33', '2', '6', '0', '1', '2019-07-23', 1);
INSERT INTO `package_tbl` (`job_id`, `inspection_job_typeid`, `job_category_id`, `job_type_id`, `pass_fail`, `created_by`, `created_date`, `status`) VALUES ('11', '33', '2', '7', '1', '1', '2019-07-23', 1);
INSERT INTO `package_tbl` (`job_id`, `inspection_job_typeid`, `job_category_id`, `job_type_id`, `pass_fail`, `created_by`, `created_date`, `status`) VALUES ('11', '33', '2', '8', '0', '1', '2019-07-23', 1);
INSERT INTO `package_tbl` (`job_id`, `inspection_job_typeid`, `job_category_id`, `job_type_id`, `pass_fail`, `created_by`, `created_date`, `status`) VALUES ('11', '33', '2', '9', '0', '1', '2019-07-23', 1);
INSERT INTO `package_tbl` (`job_id`, `inspection_job_typeid`, `job_category_id`, `job_type_id`, `pass_fail`, `created_by`, `created_date`, `status`) VALUES ('11', '33', '2', '10', '1', '1', '2019-07-23', 1);
INSERT INTO `package_tbl` (`job_id`, `inspection_job_typeid`, `job_category_id`, `job_type_id`, `pass_fail`, `created_by`, `created_date`, `status`) VALUES ('11', '33', '3', '11', '1', '1', '2019-07-23', 1);
INSERT INTO `package_tbl` (`job_id`, `inspection_job_typeid`, `job_category_id`, `job_type_id`, `pass_fail`, `created_by`, `created_date`, `status`) VALUES ('11', '33', '3', '12', '1', '1', '2019-07-23', 1);
INSERT INTO `package_tbl` (`job_id`, `inspection_job_typeid`, `job_category_id`, `job_type_id`, `pass_fail`, `created_by`, `created_date`, `status`) VALUES ('11', '33', '3', '13', '0', '1', '2019-07-23', 1);
INSERT INTO `package_tbl` (`job_id`, `inspection_job_typeid`, `job_category_id`, `job_type_id`, `pass_fail`, `created_by`, `created_date`, `status`) VALUES ('11', '33', '3', '14', '1', '1', '2019-07-23', 1);
INSERT INTO `package_tbl` (`job_id`, `inspection_job_typeid`, `job_category_id`, `job_type_id`, `pass_fail`, `created_by`, `created_date`, `status`) VALUES ('11', '33', '3', '15', '1', '1', '2019-07-23', 1);
INSERT INTO `package_tbl` (`job_id`, `inspection_job_typeid`, `job_category_id`, `job_type_id`, `pass_fail`, `created_by`, `created_date`, `status`) VALUES ('11', '33', '5', '16', '0', '1', '2019-07-23', 1);
INSERT INTO `package_tbl` (`job_id`, `inspection_job_typeid`, `job_category_id`, `job_type_id`, `pass_fail`, `created_by`, `created_date`, `status`) VALUES ('11', '33', '5', '17', '0', '1', '2019-07-23', 1);
INSERT INTO `package_tbl` (`job_id`, `inspection_job_typeid`, `job_category_id`, `job_type_id`, `pass_fail`, `created_by`, `created_date`, `status`) VALUES ('11', '33', '5', '18', '1', '1', '2019-07-23', 1);
INSERT INTO `package_tbl` (`job_id`, `inspection_job_typeid`, `job_category_id`, `job_type_id`, `pass_fail`, `created_by`, `created_date`, `status`) VALUES ('11', '33', '5', '19', '0', '1', '2019-07-23', 1);
INSERT INTO `package_tbl` (`job_id`, `inspection_job_typeid`, `job_category_id`, `job_type_id`, `pass_fail`, `created_by`, `created_date`, `status`) VALUES ('11', '33', '5', '20', '1', '1', '2019-07-23', 1);
INSERT INTO `package_tbl` (`job_id`, `inspection_job_typeid`, `job_category_id`, `job_type_id`, `pass_fail`, `created_by`, `created_date`, `status`) VALUES ('11', '33', '5', '21', '1', '1', '2019-07-23', 1);
INSERT INTO `package_tbl` (`job_id`, `inspection_job_typeid`, `job_category_id`, `job_type_id`, `pass_fail`, `created_by`, `created_date`, `status`) VALUES ('11', '33', '5', '22', '0', '1', '2019-07-23', 1);
INSERT INTO `package_tbl` (`job_id`, `inspection_job_typeid`, `job_category_id`, `job_type_id`, `pass_fail`, `created_by`, `created_date`, `status`) VALUES ('11', '33', '5', '23', '1', '1', '2019-07-23', 1);
INSERT INTO `package_tbl` (`job_id`, `inspection_job_typeid`, `job_category_id`, `job_type_id`, `pass_fail`, `created_by`, `created_date`, `status`) VALUES ('11', '33', '6', '24', '1', '1', '2019-07-23', 1);
INSERT INTO `package_tbl` (`job_id`, `inspection_job_typeid`, `job_category_id`, `job_type_id`, `pass_fail`, `created_by`, `created_date`, `status`) VALUES ('11', '33', '6', '25', '0', '1', '2019-07-23', 1);
INSERT INTO `package_tbl` (`job_id`, `inspection_job_typeid`, `job_category_id`, `job_type_id`, `pass_fail`, `created_by`, `created_date`, `status`) VALUES ('11', '33', '6', '26', '1', '1', '2019-07-23', 1);
INSERT INTO `package_tbl` (`job_id`, `inspection_job_typeid`, `job_category_id`, `job_type_id`, `pass_fail`, `created_by`, `created_date`, `status`) VALUES ('11', '33', '6', '27', '0', '1', '2019-07-23', 1);
INSERT INTO `package_tbl` (`job_id`, `inspection_job_typeid`, `job_category_id`, `job_type_id`, `pass_fail`, `created_by`, `created_date`, `status`) VALUES ('11', '33', '6', '28', '0', '1', '2019-07-23', 1);
INSERT INTO `package_tbl` (`job_id`, `inspection_job_typeid`, `job_category_id`, `job_type_id`, `pass_fail`, `created_by`, `created_date`, `status`) VALUES ('11', '33', '7', '30', '0', '1', '2019-07-23', 1);
INSERT INTO `package_tbl` (`job_id`, `inspection_job_typeid`, `job_category_id`, `job_type_id`, `pass_fail`, `created_by`, `created_date`, `status`) VALUES ('11', '33', '7', '31', '1', '1', '2019-07-23', 1);
INSERT INTO `package_tbl` (`job_id`, `inspection_job_typeid`, `job_category_id`, `job_type_id`, `pass_fail`, `created_by`, `created_date`, `status`) VALUES ('11', '33', '7', '32', '0', '1', '2019-07-23', 1);
INSERT INTO `package_tbl` (`job_id`, `inspection_job_typeid`, `job_category_id`, `job_type_id`, `pass_fail`, `comment`, `created_by`, `created_date`, `status`) VALUES ('11', '33', '2', '1', '1', 'Test', '1', '2019-07-23', 1);
INSERT INTO `package_tbl` (`job_id`, `inspection_job_typeid`, `job_category_id`, `job_type_id`, `pass_fail`, `comment`, `created_by`, `created_date`, `status`) VALUES ('11', '33', '2', '3', '0', 'Test', '1', '2019-07-23', 1);
INSERT INTO `package_tbl` (`job_id`, `inspection_job_typeid`, `job_category_id`, `job_type_id`, `pass_fail`, `comment`, `created_by`, `created_date`, `status`) VALUES ('11', '33', '2', '4', '0', 'Test', '1', '2019-07-23', 1);
INSERT INTO `package_tbl` (`job_id`, `inspection_job_typeid`, `job_category_id`, `job_type_id`, `pass_fail`, `comment`, `created_by`, `created_date`, `status`) VALUES ('11', '33', '2', '5', '1', 'Test', '1', '2019-07-23', 1);
INSERT INTO `package_tbl` (`job_id`, `inspection_job_typeid`, `job_category_id`, `job_type_id`, `pass_fail`, `comment`, `created_by`, `created_date`, `status`) VALUES ('11', '33', '2', '6', '0', 'Test', '1', '2019-07-23', 1);
INSERT INTO `package_tbl` (`job_id`, `inspection_job_typeid`, `job_category_id`, `job_type_id`, `pass_fail`, `comment`, `created_by`, `created_date`, `status`) VALUES ('11', '33', '2', '7', '1', 'Test', '1', '2019-07-23', 1);
INSERT INTO `package_tbl` (`job_id`, `inspection_job_typeid`, `job_category_id`, `job_type_id`, `pass_fail`, `comment`, `created_by`, `created_date`, `status`) VALUES ('11', '33', '2', '8', '0', 'Test', '1', '2019-07-23', 1);
INSERT INTO `package_tbl` (`job_id`, `inspection_job_typeid`, `job_category_id`, `job_type_id`, `pass_fail`, `comment`, `created_by`, `created_date`, `status`) VALUES ('11', '33', '2', '9', '1', 'Test', '1', '2019-07-23', 1);
INSERT INTO `package_tbl` (`job_id`, `inspection_job_typeid`, `job_category_id`, `job_type_id`, `pass_fail`, `comment`, `created_by`, `created_date`, `status`) VALUES ('11', '33', '2', '10', '0', 'Test', '1', '2019-07-23', 1);
INSERT INTO `package_tbl` (`job_id`, `inspection_job_typeid`, `job_category_id`, `job_type_id`, `pass_fail`, `comment`, `created_by`, `created_date`, `status`) VALUES ('11', '33', '3', '11', '1', 'Test', '1', '2019-07-23', 1);
INSERT INTO `package_tbl` (`job_id`, `inspection_job_typeid`, `job_category_id`, `job_type_id`, `pass_fail`, `comment`, `created_by`, `created_date`, `status`) VALUES ('11', '33', '3', '12', '0', 'Test', '1', '2019-07-23', 1);
INSERT INTO `package_tbl` (`job_id`, `inspection_job_typeid`, `job_category_id`, `job_type_id`, `pass_fail`, `comment`, `created_by`, `created_date`, `status`) VALUES ('11', '33', '3', '13', '1', 'Test', '1', '2019-07-23', 1);
INSERT INTO `package_tbl` (`job_id`, `inspection_job_typeid`, `job_category_id`, `job_type_id`, `pass_fail`, `comment`, `created_by`, `created_date`, `status`) VALUES ('11', '33', '3', '14', '1', 'Test', '1', '2019-07-23', 1);
INSERT INTO `package_tbl` (`job_id`, `inspection_job_typeid`, `job_category_id`, `job_type_id`, `pass_fail`, `comment`, `created_by`, `created_date`, `status`) VALUES ('11', '33', '3', '15', '0', 'Test', '1', '2019-07-23', 1);
INSERT INTO `package_tbl` (`job_id`, `inspection_job_typeid`, `job_category_id`, `job_type_id`, `pass_fail`, `comment`, `created_by`, `created_date`, `status`) VALUES ('11', '33', '5', '16', '1', 'Test', '1', '2019-07-23', 1);
INSERT INTO `package_tbl` (`job_id`, `inspection_job_typeid`, `job_category_id`, `job_type_id`, `pass_fail`, `comment`, `created_by`, `created_date`, `status`) VALUES ('11', '33', '5', '17', '1', 'Test', '1', '2019-07-23', 1);
INSERT INTO `package_tbl` (`job_id`, `inspection_job_typeid`, `job_category_id`, `job_type_id`, `pass_fail`, `comment`, `created_by`, `created_date`, `status`) VALUES ('11', '33', '5', '18', '0', 'Test', '1', '2019-07-23', 1);
INSERT INTO `package_tbl` (`job_id`, `inspection_job_typeid`, `job_category_id`, `job_type_id`, `pass_fail`, `comment`, `created_by`, `created_date`, `status`) VALUES ('11', '33', '5', '19', '1', 'Test', '1', '2019-07-23', 1);
INSERT INTO `package_tbl` (`job_id`, `inspection_job_typeid`, `job_category_id`, `job_type_id`, `pass_fail`, `comment`, `created_by`, `created_date`, `status`) VALUES ('11', '33', '5', '20', '1', 'Test', '1', '2019-07-23', 1);
INSERT INTO `package_tbl` (`job_id`, `inspection_job_typeid`, `job_category_id`, `job_type_id`, `pass_fail`, `comment`, `created_by`, `created_date`, `status`) VALUES ('11', '33', '5', '21', '0', 'Test', '1', '2019-07-23', 1);
INSERT INTO `package_tbl` (`job_id`, `inspection_job_typeid`, `job_category_id`, `job_type_id`, `pass_fail`, `comment`, `created_by`, `created_date`, `status`) VALUES ('11', '33', '5', '22', '1', 'Test', '1', '2019-07-23', 1);
INSERT INTO `package_tbl` (`job_id`, `inspection_job_typeid`, `job_category_id`, `job_type_id`, `pass_fail`, `comment`, `created_by`, `created_date`, `status`) VALUES ('11', '33', '5', '23', '1', 'Test', '1', '2019-07-23', 1);
INSERT INTO `package_tbl` (`job_id`, `inspection_job_typeid`, `job_category_id`, `job_type_id`, `pass_fail`, `comment`, `created_by`, `created_date`, `status`) VALUES ('11', '33', '6', '24', '1', 'Test', '1', '2019-07-23', 1);
INSERT INTO `package_tbl` (`job_id`, `inspection_job_typeid`, `job_category_id`, `job_type_id`, `pass_fail`, `comment`, `created_by`, `created_date`, `status`) VALUES ('11', '33', '6', '25', '1', 'Test', '1', '2019-07-23', 1);
INSERT INTO `package_tbl` (`job_id`, `inspection_job_typeid`, `job_category_id`, `job_type_id`, `pass_fail`, `comment`, `created_by`, `created_date`, `status`) VALUES ('11', '33', '6', '26', '0', 'Test', '1', '2019-07-23', 1);
INSERT INTO `package_tbl` (`job_id`, `inspection_job_typeid`, `job_category_id`, `job_type_id`, `pass_fail`, `comment`, `created_by`, `created_date`, `status`) VALUES ('11', '33', '6', '27', '1', 'Test', '1', '2019-07-23', 1);
INSERT INTO `package_tbl` (`job_id`, `inspection_job_typeid`, `job_category_id`, `job_type_id`, `pass_fail`, `comment`, `created_by`, `created_date`, `status`) VALUES ('11', '33', '6', '28', '1', 'Test', '1', '2019-07-23', 1);
INSERT INTO `package_tbl` (`job_id`, `inspection_job_typeid`, `job_category_id`, `job_type_id`, `pass_fail`, `comment`, `created_by`, `created_date`, `status`) VALUES ('11', '33', '7', '30', '0', 'Test', '1', '2019-07-23', 1);
INSERT INTO `package_tbl` (`job_id`, `inspection_job_typeid`, `job_category_id`, `job_type_id`, `pass_fail`, `comment`, `created_by`, `created_date`, `status`) VALUES ('11', '33', '7', '31', '1', 'Test', '1', '2019-07-23', 1);
INSERT INTO `package_tbl` (`job_id`, `inspection_job_typeid`, `job_category_id`, `job_type_id`, `pass_fail`, `comment`, `created_by`, `created_date`, `status`) VALUES ('11', '33', '7', '32', NULL, 'Test', '1', '2019-07-23', 1);
INSERT INTO `language` (`phrase`) VALUES ('serviceman');
UPDATE `language` SET `english` = 'Benefits Type'
WHERE `phrase` = 'salary_benefits_type';
UPDATE `language` SET `english` = 'Salary Generate'
WHERE `phrase` = 'salary_generate';
UPDATE `language` SET `english` = 'Salary Month'
WHERE `phrase` = 'salary_month';
UPDATE `language` SET `english` = 'Salary Payment'
WHERE `phrase` = 'salary_payment';
UPDATE `language` SET `english` = 'Salary Type'
WHERE `phrase` = 'salary_type';
UPDATE `language` SET `english` = 'Sales'
WHERE `phrase` = 'sales';
UPDATE `language` SET `english` = 'Sales Date'
WHERE `phrase` = 'sales_date';
UPDATE `language` SET `english` = 'Sales payment actual'
WHERE `phrase` = 'sales_payment_actual';
UPDATE `language` SET `english` = 'Sales Report'
WHERE `phrase` = 'sales_report';
UPDATE `language` SET `english` = 'Sales Report (Category wise)'
WHERE `phrase` = 'sales_report_category_wise';
UPDATE `language` SET `english` = 'Sales Report (Product Wise)'
WHERE `phrase` = 'sales_report_product_wise';
UPDATE `language` SET `english` = 'Salary Name'
WHERE `phrase` = 'sal_name';
UPDATE `language` SET `english` = 'Save'
WHERE `phrase` = 'save';
UPDATE `language` SET `english` = 'Save And Add Another'
WHERE `phrase` = 'save_and_add_another';
UPDATE `language` SET `english` = 'Save And Paid'
WHERE `phrase` = 'save_and_paid';
UPDATE `language` SET `english` = 'Save Changes'
WHERE `phrase` = 'save_changes';
UPDATE `language` SET `english` = 'Save successfully'
WHERE `phrase` = 'save_successfully';
UPDATE `language` SET `english` = 'Schedule'
WHERE `phrase` = 'schedule';
UPDATE `language` SET `english` = 'Schedule Datetime'
WHERE `phrase` = 'schedule_datetime';
UPDATE `language` SET `english` = 'Search'
WHERE `phrase` = 'search';
UPDATE `language` SET `english` = 'Search By Date'
WHERE `phrase` = 'search_by_date';
UPDATE `language` SET `english` = 'Search By Product'
WHERE `phrase` = 'search_by_product';
UPDATE `language` SET `english` = 'Search Customer Invoice'
WHERE `phrase` = 'search_customer';
UPDATE `language` SET `english` = 'Search Supplier'
WHERE `phrase` = 'search_supplier';
UPDATE `language` SET `english` = 'Seats'
WHERE `phrase` = 'seats';
UPDATE `language` SET `english` = 'Second Color'
WHERE `phrase` = 'second_color';
UPDATE `language` SET `english` = 'Captcha Secret Key'
WHERE `phrase` = 'secret_key';
UPDATE `language` SET `english` = 'Select Account'
WHERE `phrase` = 'select_account';
UPDATE `language` SET `english` = 'Select One'
WHERE `phrase` = 'select_one';
UPDATE `language` SET `english` = 'Select Product'
WHERE `phrase` = 'select_product';
UPDATE `language` SET `english` = 'Select Report'
WHERE `phrase` = 'select_report';
UPDATE `language` SET `english` = 'Select Supplier'
WHERE `phrase` = 'select_supplier';
UPDATE `language` SET `english` = 'Select Tax'
WHERE `phrase` = 'select_tax';
UPDATE `language` SET `english` = 'Sale Price'
WHERE `phrase` = 'sell_price';
UPDATE `language` SET `english` = 'Send'
WHERE `phrase` = 'send';
UPDATE `language` SET `english` = 'Sender ID'
WHERE `phrase` = 'sender_id';
UPDATE `language` SET `english` = 'Send to Customer'
WHERE `phrase` = 'send_to_customer';
UPDATE `language` SET `english` = 'Serial Number'
WHERE `phrase` = 'serial_no';
UPDATE `language` SET `english` = 'Service'
WHERE `phrase` = 'service';
UPDATE `language` SET `english` = 'Service Man'
WHERE `phrase` = 'serviceman';
UPDATE `language` SET `english` = 'Service Category'
WHERE `phrase` = 'service_category';
UPDATE `language` SET `english` = 'Service CSV Upload'
WHERE `phrase` = 'service_csv_upload';
UPDATE `language` SET `english` = 'Service Details'
WHERE `phrase` = 'service_details';
UPDATE `language` SET `english` = 'Service Discount'
WHERE `phrase` = 'service_discount';
UPDATE `language` SET `english` = 'Service Due'
WHERE `phrase` = 'service_due';
UPDATE `language` SET `english` = 'Service Edit'
WHERE `phrase` = 'service_edit';
UPDATE `language` SET `english` = 'Service Id'
WHERE `phrase` = 'service_id';
UPDATE `language` SET `english` = 'Service Invoice'
WHERE `phrase` = 'service_invoice';
UPDATE `language` SET `english` = 'Service Name'
WHERE `phrase` = 'service_name';
UPDATE `language` SET `english` = 'Service Rate'
WHERE `phrase` = 'service_rate';
UPDATE `employee_history` SET `id` = '9', `first_name` = 'Birat', `last_name` = 'koholi', `designation` = '2', `phone` = '354364631313', `image` = '', `rate_type` = '2', `email` = 'biratkoholi@gmail.com', `hrate` = '50000', `address_line_1` = 'India', `address_line_2` = 'India', `blood_group` = 'AB+', `country` = 'India', `city` = 'Kolkata', `zip` = '1256'
WHERE `id` = '9';
UPDATE `acc_coa` SET `HeadName` = '9-Biratkoholi', `UpdateBy` = '1', `UpdateDate` = '2019-07-24 11:06:29'
WHERE `HeadName` = '9-Biratkoholi';
UPDATE `user_login` SET `username` = 'biratkoholi@gmail.com', `password` = '2d36381504962e543fb7104d977831e8', `user_type` = '2', `status` = '1'
WHERE `user_id` = 'MIQ898T8P6C1VID';
UPDATE `users` SET `first_name` = 'Birat', `last_name` = 'koholi', `gender` = '', `date_of_birth` = '', `logo` = '', `status` = '1'
WHERE `user_id` = 'MIQ898T8P6C1VID';
DELETE FROM `job_details`
WHERE `job_id` = '9';
INSERT INTO `job_details` (`job_id`, `job_type_id`, `rate`, `assign_to`, `start_datetime`, `mechanic_notes`, `status`) VALUES ('9', '8', '80', NULL, '2019-07-24 16:37', '', 1);
INSERT INTO `job` (`customer_id`, `work_order_no`, `vehicle_id`, `schedule_date_time`, `delivery_date_time`, `customer_ref`, `job_description`, `alert_via`, `create_by`, `create_date`, `status`) VALUES ('FUX5762RRL2TQQX', '3-1563965337', '4', '2019-07-24 16:49', '2019-07-24 16:49', '', '', 'sms', '1', '2019-07-24 12:49:49', 0);
INSERT INTO `job_details` (`job_id`, `job_type_id`, `assign_to`, `rate`, `client_notes`, `status`) VALUES (12, '33', 'MIQ898T8P6C1VID', '500', 'a', 0);
INSERT INTO `job_details` (`job_id`, `job_type_id`, `assign_to`, `rate`, `client_notes`, `status`) VALUES (12, '30', 'V3KOLUZ64G5BC4Q', '90', 'b', 0);
INSERT INTO `job_details` (`job_id`, `job_type_id`, `assign_to`, `rate`, `client_notes`, `status`) VALUES (12, '3', 'MIQ898T8P6C1VID', '140', 'c', 0);
DELETE FROM `job_details`
WHERE `job_id` = '12';
INSERT INTO `job_details` (`job_id`, `job_type_id`, `rate`, `assign_to`, `start_datetime`, `mechanic_notes`, `status`) VALUES ('12', '33', '500', NULL, '2019-07-24 16:53', '', 1);
INSERT INTO `job` (`customer_id`, `work_order_no`, `vehicle_id`, `schedule_date_time`, `delivery_date_time`, `customer_ref`, `job_description`, `alert_via`, `create_by`, `create_date`, `status`) VALUES ('DTRN1PQXF5E1M3M', '5-1563965783', '5', '2019-07-01 16:55', '2019-07-31 16:00', '789', '', 'sms', '1', '2019-07-24 12:57:38', 0);
INSERT INTO `job_details` (`job_id`, `job_type_id`, `assign_to`, `rate`, `client_notes`, `status`) VALUES (13, '33', 'MIQ898T8P6C1VID', '500', 'a', 0);
INSERT INTO `job_details` (`job_id`, `job_type_id`, `assign_to`, `rate`, `client_notes`, `status`) VALUES (13, '16', 'V3KOLUZ64G5BC4Q', '40', 'b', 0);
INSERT INTO `job_details` (`job_id`, `job_type_id`, `assign_to`, `rate`, `client_notes`, `status`) VALUES (13, '3', 'MIQ898T8P6C1VID', '140', 'c', 0);
DELETE FROM `job_details`
WHERE `job_id` = '13';
INSERT INTO `job_details` (`job_id`, `job_type_id`, `rate`, `assign_to`, `start_datetime`, `mechanic_notes`, `status`) VALUES ('13', '33', '500', 'MIQ898T8P6C1VID', '2019-07-24 17:00', '', 1);
INSERT INTO `job_details` (`job_id`, `job_type_id`, `rate`, `assign_to`, `start_datetime`, `mechanic_notes`, `status`) VALUES ('13', '3', '140', 'MIQ898T8P6C1VID', '0000-00-00 00:00:00', '', 0);
UPDATE `job` SET `recommendation` = ''
WHERE `job_id` = '13';
UPDATE `job_details` SET `end_datetime` = '0000-00-00 00:00:00'
WHERE `job_type_id` = '33'
AND `job_id` = '13';
UPDATE `job_details` SET `end_datetime` = '0000-00-00 00:00:00'
WHERE `job_type_id` = '3'
AND `job_id` = '13';
DELETE FROM `job_details`
WHERE `job_id` = '13';
INSERT INTO `job_details` (`job_id`, `job_type_id`, `rate`, `assign_to`, `start_datetime`, `mechanic_notes`, `status`) VALUES ('13', '33', '500', 'MIQ898T8P6C1VID', '2019-07-24 17:00:00', '', 1);
INSERT INTO `job_details` (`job_id`, `job_type_id`, `rate`, `assign_to`, `start_datetime`, `mechanic_notes`, `status`) VALUES ('13', '3', '140', 'MIQ898T8P6C1VID', '0000-00-00 00:00:00', '', 2);
INSERT INTO `job_details` (`job_id`, `job_type_id`, `rate`, `assign_to`, `start_datetime`, `mechanic_notes`, `status`) VALUES ('13', '3', '140', 'MIQ898T8P6C1VID', '2019-07-24 17:00', 'd', 1);
INSERT INTO `job_products_used` (`job_id`, `product_id`, `available_qty`, `rate`, `used_qty`, `mechanic_note`) VALUES ('13', '97342595', '30.00', '10000', '5', 'asdf');
UPDATE `job` SET `recommendation` = 'asdf asdf asdf asdf asdf '
WHERE `job_id` = '13';
UPDATE `job_details` SET `end_datetime` = '0000-00-00 00:00:00'
WHERE `job_type_id` = '33'
AND `job_id` = '13';
UPDATE `job_details` SET `end_datetime` = '0000-00-00 00:00:00'
WHERE `job_type_id` = '3'
AND `job_id` = '13';
DELETE FROM `job_details`
WHERE `job_id` = '13';
INSERT INTO `job_details` (`job_id`, `job_type_id`, `rate`, `assign_to`, `start_datetime`, `mechanic_notes`, `status`) VALUES ('13', '33', '500', 'MIQ898T8P6C1VID', '2019-07-24 17:00:00', '', 1);
INSERT INTO `job_details` (`job_id`, `job_type_id`, `rate`, `assign_to`, `start_datetime`, `mechanic_notes`, `status`) VALUES ('13', '3', '140', 'MIQ898T8P6C1VID', '0000-00-00 00:00:00', '', 0);
INSERT INTO `job_details` (`job_id`, `job_type_id`, `rate`, `assign_to`, `start_datetime`, `mechanic_notes`, `status`) VALUES ('13', '3', '140', 'MIQ898T8P6C1VID', '2019-07-24 17:00:00', 'd', 1);
DELETE FROM `job_products_used`
WHERE `job_id` = '13';
INSERT INTO `job_products_used` (`job_id`, `product_id`, `available_qty`, `rate`, `used_qty`, `mechanic_note`) VALUES ('13', '97342595', '30', '10000', '5', 'asdf');
UPDATE `job` SET `recommendation` = 'asdf asdf asdf asdf asdf '
WHERE `job_id` = '13';
UPDATE `job_details` SET `end_datetime` = '0000-00-00 00:00:00'
WHERE `job_type_id` = '33'
AND `job_id` = '13';
UPDATE `job_details` SET `end_datetime` = '0000-00-00 00:00:00'
WHERE `job_type_id` = '3'
AND `job_id` = '13';
UPDATE `job_details` SET `end_datetime` = '0000-00-00 00:00:00'
WHERE `job_type_id` = '3'
AND `job_id` = '13';
INSERT INTO `package_tbl` (`job_id`, `inspection_job_typeid`, `job_category_id`, `job_type_id`, `pass_fail`, `comment`, `created_by`, `created_date`, `status`) VALUES ('13', '33', '2', '1', '1', 'aaaaaaaaaaaaa', 'MIQ898T8P6C1VID', '2019-07-24', 1);
INSERT INTO `package_tbl` (`job_id`, `inspection_job_typeid`, `job_category_id`, `job_type_id`, `pass_fail`, `comment`, `created_by`, `created_date`, `status`) VALUES ('13', '33', '2', '3', '1', 'aaaaaaaaaaaaa', 'MIQ898T8P6C1VID', '2019-07-24', 1);
INSERT INTO `package_tbl` (`job_id`, `inspection_job_typeid`, `job_category_id`, `job_type_id`, `pass_fail`, `comment`, `created_by`, `created_date`, `status`) VALUES ('13', '33', '2', '4', '1', 'aaaaaaaaaaaaa', 'MIQ898T8P6C1VID', '2019-07-24', 1);
INSERT INTO `package_tbl` (`job_id`, `inspection_job_typeid`, `job_category_id`, `job_type_id`, `pass_fail`, `comment`, `created_by`, `created_date`, `status`) VALUES ('13', '33', '2', '5', '0', 'aaaaaaaaaaaaa', 'MIQ898T8P6C1VID', '2019-07-24', 1);
INSERT INTO `package_tbl` (`job_id`, `inspection_job_typeid`, `job_category_id`, `job_type_id`, `pass_fail`, `comment`, `created_by`, `created_date`, `status`) VALUES ('13', '33', '2', '6', '0', 'aaaaaaaaaaaaa', 'MIQ898T8P6C1VID', '2019-07-24', 1);
INSERT INTO `package_tbl` (`job_id`, `inspection_job_typeid`, `job_category_id`, `job_type_id`, `pass_fail`, `comment`, `created_by`, `created_date`, `status`) VALUES ('13', '33', '2', '7', '1', 'aaaaaaaaaaaaa', 'MIQ898T8P6C1VID', '2019-07-24', 1);
INSERT INTO `package_tbl` (`job_id`, `inspection_job_typeid`, `job_category_id`, `job_type_id`, `pass_fail`, `comment`, `created_by`, `created_date`, `status`) VALUES ('13', '33', '2', '8', '1', 'aaaaaaaaaaaaa', 'MIQ898T8P6C1VID', '2019-07-24', 1);
INSERT INTO `package_tbl` (`job_id`, `inspection_job_typeid`, `job_category_id`, `job_type_id`, `pass_fail`, `comment`, `created_by`, `created_date`, `status`) VALUES ('13', '33', '2', '9', '0', 'aaaaaaaaaaaaa', 'MIQ898T8P6C1VID', '2019-07-24', 1);
INSERT INTO `package_tbl` (`job_id`, `inspection_job_typeid`, `job_category_id`, `job_type_id`, `pass_fail`, `comment`, `created_by`, `created_date`, `status`) VALUES ('13', '33', '2', '10', '0', 'aaaaaaaaaaaaa', 'MIQ898T8P6C1VID', '2019-07-24', 1);
INSERT INTO `package_tbl` (`job_id`, `inspection_job_typeid`, `job_category_id`, `job_type_id`, `pass_fail`, `comment`, `created_by`, `created_date`, `status`) VALUES ('13', '33', '3', '11', NULL, 'aaaaaaaaaaaaa', 'MIQ898T8P6C1VID', '2019-07-24', 1);
INSERT INTO `package_tbl` (`job_id`, `inspection_job_typeid`, `job_category_id`, `job_type_id`, `pass_fail`, `comment`, `created_by`, `created_date`, `status`) VALUES ('13', '33', '3', '12', NULL, 'aaaaaaaaaaaaa', 'MIQ898T8P6C1VID', '2019-07-24', 1);
INSERT INTO `package_tbl` (`job_id`, `inspection_job_typeid`, `job_category_id`, `job_type_id`, `pass_fail`, `comment`, `created_by`, `created_date`, `status`) VALUES ('13', '33', '3', '13', NULL, 'aaaaaaaaaaaaa', 'MIQ898T8P6C1VID', '2019-07-24', 1);
INSERT INTO `package_tbl` (`job_id`, `inspection_job_typeid`, `job_category_id`, `job_type_id`, `pass_fail`, `comment`, `created_by`, `created_date`, `status`) VALUES ('13', '33', '3', '14', NULL, 'aaaaaaaaaaaaa', 'MIQ898T8P6C1VID', '2019-07-24', 1);
INSERT INTO `package_tbl` (`job_id`, `inspection_job_typeid`, `job_category_id`, `job_type_id`, `pass_fail`, `comment`, `created_by`, `created_date`, `status`) VALUES ('13', '33', '3', '15', NULL, 'aaaaaaaaaaaaa', 'MIQ898T8P6C1VID', '2019-07-24', 1);
INSERT INTO `package_tbl` (`job_id`, `inspection_job_typeid`, `job_category_id`, `job_type_id`, `pass_fail`, `comment`, `created_by`, `created_date`, `status`) VALUES ('13', '33', '5', '16', '0', 'aaaaaaaaaaaaa', 'MIQ898T8P6C1VID', '2019-07-24', 1);
INSERT INTO `package_tbl` (`job_id`, `inspection_job_typeid`, `job_category_id`, `job_type_id`, `pass_fail`, `comment`, `created_by`, `created_date`, `status`) VALUES ('13', '33', '5', '17', '1', 'aaaaaaaaaaaaa', 'MIQ898T8P6C1VID', '2019-07-24', 1);
INSERT INTO `package_tbl` (`job_id`, `inspection_job_typeid`, `job_category_id`, `job_type_id`, `pass_fail`, `comment`, `created_by`, `created_date`, `status`) VALUES ('13', '33', '5', '18', '1', 'aaaaaaaaaaaaa', 'MIQ898T8P6C1VID', '2019-07-24', 1);
INSERT INTO `package_tbl` (`job_id`, `inspection_job_typeid`, `job_category_id`, `job_type_id`, `pass_fail`, `comment`, `created_by`, `created_date`, `status`) VALUES ('13', '33', '5', '19', '1', 'aaaaaaaaaaaaa', 'MIQ898T8P6C1VID', '2019-07-24', 1);
INSERT INTO `package_tbl` (`job_id`, `inspection_job_typeid`, `job_category_id`, `job_type_id`, `pass_fail`, `comment`, `created_by`, `created_date`, `status`) VALUES ('13', '33', '5', '20', NULL, 'aaaaaaaaaaaaa', 'MIQ898T8P6C1VID', '2019-07-24', 1);
INSERT INTO `package_tbl` (`job_id`, `inspection_job_typeid`, `job_category_id`, `job_type_id`, `pass_fail`, `comment`, `created_by`, `created_date`, `status`) VALUES ('13', '33', '5', '21', NULL, 'aaaaaaaaaaaaa', 'MIQ898T8P6C1VID', '2019-07-24', 1);
INSERT INTO `package_tbl` (`job_id`, `inspection_job_typeid`, `job_category_id`, `job_type_id`, `pass_fail`, `comment`, `created_by`, `created_date`, `status`) VALUES ('13', '33', '5', '22', NULL, 'aaaaaaaaaaaaa', 'MIQ898T8P6C1VID', '2019-07-24', 1);
INSERT INTO `package_tbl` (`job_id`, `inspection_job_typeid`, `job_category_id`, `job_type_id`, `pass_fail`, `comment`, `created_by`, `created_date`, `status`) VALUES ('13', '33', '5', '23', NULL, 'aaaaaaaaaaaaa', 'MIQ898T8P6C1VID', '2019-07-24', 1);
INSERT INTO `package_tbl` (`job_id`, `inspection_job_typeid`, `job_category_id`, `job_type_id`, `pass_fail`, `comment`, `created_by`, `created_date`, `status`) VALUES ('13', '33', '6', '24', NULL, 'aaaaaaaaaaaaa', 'MIQ898T8P6C1VID', '2019-07-24', 1);
INSERT INTO `package_tbl` (`job_id`, `inspection_job_typeid`, `job_category_id`, `job_type_id`, `pass_fail`, `comment`, `created_by`, `created_date`, `status`) VALUES ('13', '33', '6', '25', NULL, 'aaaaaaaaaaaaa', 'MIQ898T8P6C1VID', '2019-07-24', 1);
INSERT INTO `package_tbl` (`job_id`, `inspection_job_typeid`, `job_category_id`, `job_type_id`, `pass_fail`, `comment`, `created_by`, `created_date`, `status`) VALUES ('13', '33', '6', '26', NULL, 'aaaaaaaaaaaaa', 'MIQ898T8P6C1VID', '2019-07-24', 1);
INSERT INTO `package_tbl` (`job_id`, `inspection_job_typeid`, `job_category_id`, `job_type_id`, `pass_fail`, `comment`, `created_by`, `created_date`, `status`) VALUES ('13', '33', '6', '27', NULL, 'aaaaaaaaaaaaa', 'MIQ898T8P6C1VID', '2019-07-24', 1);
INSERT INTO `package_tbl` (`job_id`, `inspection_job_typeid`, `job_category_id`, `job_type_id`, `pass_fail`, `comment`, `created_by`, `created_date`, `status`) VALUES ('13', '33', '6', '28', NULL, 'aaaaaaaaaaaaa', 'MIQ898T8P6C1VID', '2019-07-24', 1);
INSERT INTO `package_tbl` (`job_id`, `inspection_job_typeid`, `job_category_id`, `job_type_id`, `pass_fail`, `comment`, `created_by`, `created_date`, `status`) VALUES ('13', '33', '7', '30', NULL, 'aaaaaaaaaaaaa', 'MIQ898T8P6C1VID', '2019-07-24', 1);
INSERT INTO `package_tbl` (`job_id`, `inspection_job_typeid`, `job_category_id`, `job_type_id`, `pass_fail`, `comment`, `created_by`, `created_date`, `status`) VALUES ('13', '33', '7', '31', NULL, 'aaaaaaaaaaaaa', 'MIQ898T8P6C1VID', '2019-07-24', 1);
INSERT INTO `package_tbl` (`job_id`, `inspection_job_typeid`, `job_category_id`, `job_type_id`, `pass_fail`, `comment`, `created_by`, `created_date`, `status`) VALUES ('13', '33', '7', '32', NULL, 'aaaaaaaaaaaaa', 'MIQ898T8P6C1VID', '2019-07-24', 1);
DELETE FROM `job_details`
WHERE `job_id` = '13';
INSERT INTO `job_details` (`job_id`, `job_type_id`, `rate`, `assign_to`, `start_datetime`, `mechanic_notes`, `status`) VALUES ('13', '33', '500', 'MIQ898T8P6C1VID', '2019-07-24 17:00:00', 'done', 3);
INSERT INTO `job_details` (`job_id`, `job_type_id`, `rate`, `assign_to`, `start_datetime`, `mechanic_notes`, `status`) VALUES ('13', '3', '140', 'MIQ898T8P6C1VID', '0000-00-00 00:00:00', '', 0);
INSERT INTO `job_details` (`job_id`, `job_type_id`, `rate`, `assign_to`, `start_datetime`, `mechanic_notes`, `status`) VALUES ('13', '2', '150', 'MIQ898T8P6C1VID', '2019-07-24 17:00:00', 'daa', 1);
DELETE FROM `job_products_used`
WHERE `job_id` = '13';
INSERT INTO `job_products_used` (`job_id`, `product_id`, `available_qty`, `rate`, `used_qty`, `mechanic_note`) VALUES ('13', '97342595', '30', '10000', '5', 'asdf');
UPDATE `job` SET `recommendation` = 'asdf asdf asdf asdf asdf '
WHERE `job_id` = '13';
UPDATE `job_details` SET `end_datetime` = '2019-07-24 18:18'
WHERE `job_type_id` = '33'
AND `job_id` = '13';
UPDATE `job_details` SET `end_datetime` = '0000-00-00 00:00:00'
WHERE `job_type_id` = '3'
AND `job_id` = '13';
UPDATE `job_details` SET `end_datetime` = '0000-00-00 00:00:00'
WHERE `job_type_id` = '3'
AND `job_id` = '13';
UPDATE `job` SET `odometer` = '', `hubo_meter` = '', `hour_meter` = '', `cof_wof_date` = '', `registration_date` = '', `fuel_burn` = '', `status` = '1', `show_hide_status` = '0'
WHERE `job_id` = '13';
UPDATE `job` SET `odometer` = '', `hubo_meter` = '', `hour_meter` = '', `cof_wof_date` = '0000-00-00', `registration_date` = '0000-00-00', `fuel_burn` = '', `status` = '2', `show_hide_status` = '0'
WHERE `job_id` = '13';
UPDATE `job` SET `odometer` = '', `hubo_meter` = '', `hour_meter` = '', `cof_wof_date` = '0000-00-00', `registration_date` = '0000-00-00', `fuel_burn` = '', `status` = '3', `show_hide_status` = '0'
WHERE `job_id` = '13';
INSERT INTO `customer_ledger` (`transaction_id`, `customer_id`, `invoice_no`, `date`, `amount`, `description`, `status`, `d_c`) VALUES ('XPQKZZ7FZMSIBXD', 'DTRN1PQXF5E1M3M', '2987395144', '2019-07-24', '52998.75', 'Purchase by customer', 1, 'd');
INSERT INTO `customer_ledger` (`transaction_id`, `customer_id`, `receipt_no`, `date`, `amount`, `payment_type`, `invoice_no`, `description`, `status`, `d_c`) VALUES ('XPQKZZ7FZMSIBXD', 'DTRN1PQXF5E1M3M', 'MPXTGFLB4V', '2019-07-24', 0, 1, '2987395144', 'Paid by customer', 1, 'c');
INSERT INTO `transection` (`transaction_id`, `relation_id`, `transection_type`, `date_of_transection`, `transection_category`, `amount`, `transection_mood`, `is_transaction`, `description`) VALUES ('XPQKZZ7FZMSIBXD', 'DTRN1PQXF5E1M3M', 2, '2019-07-24', 2, 0, 1, 0, 'Paid by customer');
INSERT INTO `acc_transaction` (`VNo`, `Vtype`, `VDate`, `COAID`, `Narration`, `Debit`, `Credit`, `IsPosted`, `CreateBy`, `CreateDate`, `IsAppove`) VALUES ('2987395144', 'INV', '2019-07-24 15:29:53', 10107, 'Inventory credit For Invoice No2987395144', 0, '', 1, '1', '2019-07-24 15:29:53', 1);
INSERT INTO `acc_transaction` (`VNo`, `Vtype`, `VDate`, `COAID`, `Narration`, `Debit`, `Credit`, `IsPosted`, `CreateBy`, `CreateDate`, `IsAppove`) VALUES ('2987395144', 'INV', '2019-07-24 15:29:53', '102030148', 'Customer debit For Invoice No2987395144', '52998.75', 0, 1, '1', '2019-07-24 15:29:53', 1);
INSERT INTO `invoice` (`job_id`, `invoice_id`, `customer_id`, `date`, `total_amount`, `total_tax`, `invoice`, `invoice_details`, `invoice_discount`, `total_discount`, `prevous_due`, `shipping_cost`, `sales_by`, `status`) VALUES ('13', '2987395144', 'DTRN1PQXF5E1M3M', '2019-07-24', '52998.75', '5', 1002, '', '25', '', '', '', '1', 1);
INSERT INTO `invoice_details` (`invoice_details_id`, `invoice_id`, `product_id`, `quantity`, `rate`, `discount`, `description`, `discount_per`, `tax`, `paid_amount`, `due_amount`, `supplier_rate`, `total_price`, `status`) VALUES ('384966674452726', '2987395144', '33', '1', '500', '25', '', '', '', 0, 0, '', '500.00', 1);
INSERT INTO `invoice_details` (`invoice_details_id`, `invoice_id`, `product_id`, `quantity`, `rate`, `discount`, `description`, `discount_per`, `tax`, `paid_amount`, `due_amount`, `supplier_rate`, `total_price`, `status`) VALUES ('851549729623322', '2987395144', '97342595', '5', '10000', '25', '', '', '', 0, 0, '', '50,000.00', 1);
UPDATE `job` SET `is_invoice` = 1
WHERE `job_id` = '13';
INSERT INTO `job` (`customer_id`, `work_order_no`, `vehicle_id`, `schedule_date_time`, `delivery_date_time`, `customer_ref`, `job_description`, `alert_via`, `create_by`, `create_date`, `status`) VALUES ('WY96Q26D9W3FORW', '7-1564296604', '7', '2019-07-28 12:50', '2019-08-01 12:50', 'tanjil', 'demo', 'never', '1', '2019-07-28 08:51:09', 0);
INSERT INTO `job_details` (`job_id`, `job_type_id`, `assign_to`, `rate`, `client_notes`, `status`) VALUES (11, '34', 'JX9SPDLO4UM7KRB', '54', '1', 0);
INSERT INTO `job_details` (`job_id`, `job_type_id`, `assign_to`, `rate`, `client_notes`, `status`) VALUES (11, '26', 'JX9SPDLO4UM7KRB', '85', '2', 0);
select * from sec_role;
UPDATE `sub_module` SET `status` = 0
WHERE `id` = '108';
UPDATE `sub_module` SET `status` = 1
WHERE `id` = '108';
UPDATE `sub_module` SET `status` = 0
WHERE `id` = '83';
UPDATE `sub_module` SET `status` = 1
WHERE `id` = '83';
INSERT INTO `module` (`id`, `name`, `description`, `image`, `directory`, `status`) VALUES ('', 'dashboard', NULL, NULL, NULL, 1);
select * from sec_role;
INSERT INTO `module` (`id`, `name`, `description`, `image`, `directory`, `status`) VALUES ('', 'customer', NULL, NULL, NULL, 1);
INSERT INTO `module` (`id`, `name`, `description`, `image`, `directory`, `status`) VALUES ('', 'vehicles', NULL, NULL, NULL, 1);
INSERT INTO `module` (`id`, `name`, `description`, `image`, `directory`, `status`) VALUES ('', 'calender', NULL, NULL, NULL, 1);
INSERT INTO `module` (`id`, `name`, `description`, `image`, `directory`, `status`) VALUES ('', 'quotation', NULL, NULL, NULL, 1);
INSERT INTO `module` (`id`, `name`, `description`, `image`, `directory`, `status`) VALUES ('', 'jobs', NULL, NULL, NULL, 1);
INSERT INTO `module` (`id`, `name`, `description`, `image`, `directory`, `status`) VALUES ('', 'service', NULL, NULL, NULL, 1);
INSERT INTO `module` (`id`, `name`, `description`, `image`, `directory`, `status`) VALUES ('', 'inspection', NULL, NULL, NULL, 1);
INSERT INTO `module` (`id`, `name`, `description`, `image`, `directory`, `status`) VALUES ('', 'invoice', NULL, NULL, NULL, 1);
INSERT INTO `module` (`id`, `name`, `description`, `image`, `directory`, `status`) VALUES ('', 'supplier', NULL, NULL, NULL, 1);
INSERT INTO `module` (`id`, `name`, `description`, `image`, `directory`, `status`) VALUES ('', 'inventory', NULL, NULL, NULL, 1);
INSERT INTO `module` (`id`, `name`, `description`, `image`, `directory`, `status`) VALUES ('', 'purchase', NULL, NULL, NULL, 1);
INSERT INTO `module` (`id`, `name`, `description`, `image`, `directory`, `status`) VALUES ('', 'hrm', NULL, NULL, NULL, 1);
INSERT INTO `module` (`id`, `name`, `description`, `image`, `directory`, `status`) VALUES ('', 'return', NULL, NULL, NULL, 1);
INSERT INTO `module` (`id`, `name`, `description`, `image`, `directory`, `status`) VALUES ('', 'stock', NULL, NULL, NULL, 1);
INSERT INTO `module` (`id`, `name`, `description`, `image`, `directory`, `status`) VALUES ('', 'report', NULL, NULL, NULL, 1);
INSERT INTO `module` (`id`, `name`, `description`, `image`, `directory`, `status`) VALUES ('', 'bank', NULL, NULL, NULL, 1);
INSERT INTO `module` (`id`, `name`, `description`, `image`, `directory`, `status`) VALUES ('', 'accounts', NULL, NULL, NULL, 1);
INSERT INTO `module` (`id`, `name`, `description`, `image`, `directory`, `status`) VALUES ('', 'data_synchronisation', NULL, NULL, NULL, 1);
INSERT INTO `module` (`id`, `name`, `description`, `image`, `directory`, `status`) VALUES ('', 'web_settings', NULL, NULL, NULL, 1);
INSERT INTO `module` (`id`, `name`, `description`, `image`, `directory`, `status`) VALUES ('', 'role_permission', NULL, NULL, NULL, 1);
INSERT INTO `module` (`id`, `name`, `description`, `image`, `directory`, `status`) VALUES ('', 'support', NULL, NULL, NULL, 1);
INSERT INTO `sub_module` (`id`, `module`, `name`, `url`, `parent_menu`, `order`, `icon`, `description`, `image`, `directory`, `status`) VALUES (NULL, 'customer', 'customer', '', '', '', 'fa fa-handshake-o', NULL, NULL, NULL, 1);
INSERT INTO `sub_module` (`id`, `module`, `name`, `url`, `parent_menu`, `ordering`, `icon`, `description`, `image`, `directory`, `status`) VALUES (NULL, 'customer', 'customer', '', '', '', 'fa fa-handshake-o', NULL, NULL, NULL, 1);
INSERT INTO `sub_module` (`id`, `module`, `name`, `url`, `parent_menu`, `ordering`, `icon`, `description`, `image`, `directory`, `status`) VALUES (NULL, 'customer', 'add_customer', 'Ccustomer', '1', '1', '', NULL, NULL, NULL, 1);
INSERT INTO `sub_module` (`id`, `module`, `name`, `url`, `parent_menu`, `ordering`, `icon`, `description`, `image`, `directory`, `status`) VALUES (NULL, 'customer', 'manage_customer', 'Ccustomer/manage_customer', '1', '', '', NULL, NULL, NULL, 1);
INSERT INTO `sub_module` (`id`, `module`, `name`, `url`, `parent_menu`, `ordering`, `icon`, `description`, `image`, `directory`, `status`) VALUES (NULL, 'cusotmer', 'credit_customer', 'Ccustomer/credit_customer', '1', '', '', NULL, NULL, NULL, 1);
INSERT INTO `sub_module` (`id`, `module`, `name`, `url`, `parent_menu`, `ordering`, `icon`, `description`, `image`, `directory`, `status`) VALUES (NULL, 'customer', 'paid_customer', 'Ccustomer/paid_customer', '1', '', '', NULL, NULL, NULL, 1);
INSERT INTO `sub_module` (`id`, `module`, `name`, `url`, `parent_menu`, `ordering`, `icon`, `description`, `image`, `directory`, `status`) VALUES (NULL, 'customer', 'customer_statement', 'Ccustomer/paid_customer', '1', '', '', NULL, NULL, NULL, 1);
INSERT INTO `sub_module` (`id`, `module`, `name`, `url`, `parent_menu`, `ordering`, `icon`, `description`, `image`, `directory`, `status`) VALUES (NULL, 'customer', 'emails_and_sms', 'Ccustomer/paid_customer', '1', '', '', NULL, NULL, NULL, 1);
INSERT INTO `sub_module` (`id`, `module`, `name`, `url`, `parent_menu`, `ordering`, `icon`, `description`, `image`, `directory`, `status`) VALUES (NULL, 'vehicles', 'vehicles', '', '', '', 'fa fa-car', NULL, NULL, NULL, 1);
INSERT INTO `sub_module` (`id`, `module`, `name`, `url`, `parent_menu`, `ordering`, `icon`, `description`, `image`, `directory`, `status`) VALUES (NULL, 'vehicles', 'add_vehicle', 'Cvehicles/add_vehicles', '8', '', '', NULL, NULL, NULL, 1);
INSERT INTO `sub_module` (`id`, `module`, `name`, `url`, `parent_menu`, `ordering`, `icon`, `description`, `image`, `directory`, `status`) VALUES (NULL, 'vehicles', 'manage_vehicle', 'Cvehicles/manage_vehicle', '8', '', '', NULL, NULL, NULL, 1);
INSERT INTO `sub_module` (`id`, `module`, `name`, `url`, `parent_menu`, `ordering`, `icon`, `description`, `image`, `directory`, `status`) VALUES (NULL, 'calender', 'calender', '', '', '', 'fa fa-calendar', NULL, NULL, NULL, 1);
UPDATE `sub_module` SET `module` = 'calenders', `name` = 'calenders', `url` = '', `parent_menu` = '', `ordering` = '', `icon` = 'fa fa-calendar', `description` = NULL, `image` = NULL, `directory` = NULL, `status` = 1
WHERE `id` = '11';
UPDATE `sub_module` SET `module` = 'calender', `name` = 'calender', `url` = '', `parent_menu` = '', `ordering` = '', `icon` = 'fa fa-calendar', `description` = NULL, `image` = NULL, `directory` = NULL, `status` = 1
WHERE `id` = '11';
INSERT INTO `sub_module` (`id`, `module`, `name`, `url`, `parent_menu`, `ordering`, `icon`, `description`, `image`, `directory`, `status`) VALUES (NULL, '', 'calender', 'Ccalender/add_booking', '11', '', '', NULL, NULL, NULL, 1);
UPDATE `sub_module` SET `module` = '', `name` = 'calender', `url` = 'Ccalender/calendar', `parent_menu` = '11', `ordering` = '', `icon` = '', `description` = NULL, `image` = NULL, `directory` = NULL, `status` = 1
WHERE `id` = '12';
INSERT INTO `sub_module` (`id`, `module`, `name`, `url`, `parent_menu`, `ordering`, `icon`, `description`, `image`, `directory`, `status`) VALUES (NULL, 'calender', 'add_booking', 'Ccalender/add_booking', '12', '', '', NULL, NULL, NULL, 1);
INSERT INTO `sub_module` (`id`, `module`, `name`, `url`, `parent_menu`, `ordering`, `icon`, `description`, `image`, `directory`, `status`) VALUES (NULL, 'calender', 'manage_booking', 'Ccalender/manage_booking', '11', '', '', NULL, NULL, NULL, 1);
UPDATE `sub_module` SET `module` = 'calenders', `name` = 'calenders', `url` = '', `parent_menu` = '', `ordering` = '', `icon` = 'fa fa-calendar', `description` = NULL, `image` = NULL, `directory` = NULL, `status` = 1
WHERE `id` = '11';
UPDATE `sub_module` SET `module` = 'calenders', `name` = 'add_booking', `url` = 'Ccalender/add_booking', `parent_menu` = '12', `ordering` = '', `icon` = '', `description` = NULL, `image` = NULL, `directory` = NULL, `status` = 1
WHERE `id` = '13';
UPDATE `sub_module` SET `module` = 'calenders', `name` = 'manage_booking', `url` = 'Ccalender/manage_booking', `parent_menu` = '11', `ordering` = '', `icon` = '', `description` = NULL, `image` = NULL, `directory` = NULL, `status` = 1
WHERE `id` = '14';
UPDATE `sub_module` SET `module` = 'calenders', `name` = 'calender', `url` = 'Ccalender/calendar', `parent_menu` = '11', `ordering` = '', `icon` = '', `description` = NULL, `image` = NULL, `directory` = NULL, `status` = 1
WHERE `id` = '12';
UPDATE `sub_module` SET `module` = 'calenders', `name` = 'calenders', `url` = '', `parent_menu` = '', `ordering` = '', `icon` = 'fa fa-calendar', `description` = NULL, `image` = NULL, `directory` = NULL, `status` = 1
WHERE `id` = '11';
INSERT INTO `sub_module` (`id`, `module`, `name`, `url`, `parent_menu`, `ordering`, `icon`, `description`, `image`, `directory`, `status`) VALUES (NULL, 'calender', 'courtesy_vehicle_booking', 'Ccalender/add_courtesy_booking', '11', '', '', NULL, NULL, NULL, 1);
INSERT INTO `sub_module` (`id`, `module`, `name`, `url`, `parent_menu`, `ordering`, `icon`, `description`, `image`, `directory`, `status`) VALUES (NULL, 'calender', 'manage_courtesy_booking', 'Ccalender/manage_courtesy_booking', '11', '', '', NULL, NULL, NULL, 1);
UPDATE `sub_module` SET `module` = 'calenders', `name` = 'manage_courtesy_booking', `url` = 'Ccalender/manage_courtesy_booking', `parent_menu` = '11', `ordering` = '', `icon` = '', `description` = NULL, `image` = NULL, `directory` = NULL, `status` = 1
WHERE `id` = '16';
UPDATE `sub_module` SET `module` = 'calenders', `name` = 'courtesy_vehicle_booking', `url` = 'Ccalender/add_courtesy_booking', `parent_menu` = '11', `ordering` = '', `icon` = '', `description` = NULL, `image` = NULL, `directory` = NULL, `status` = 1
WHERE `id` = '15';
INSERT INTO `sub_module` (`id`, `module`, `name`, `url`, `parent_menu`, `ordering`, `icon`, `description`, `image`, `directory`, `status`) VALUES (NULL, 'quotation', 'quotation', '', '', '', 'fa fa-book', NULL, NULL, NULL, 1);
INSERT INTO `sub_module` (`id`, `module`, `name`, `url`, `parent_menu`, `ordering`, `icon`, `description`, `image`, `directory`, `status`) VALUES (NULL, 'quotation', 'add_quotation', 'Cquotation', '17', '', '', NULL, NULL, NULL, 1);
INSERT INTO `sub_module` (`id`, `module`, `name`, `url`, `parent_menu`, `ordering`, `icon`, `description`, `image`, `directory`, `status`) VALUES (NULL, 'quotation', 'manage_quotation', 'Cquotation/manage_quotation', '17', '', '', NULL, NULL, NULL, 1);
INSERT INTO `sub_module` (`id`, `module`, `name`, `url`, `parent_menu`, `ordering`, `icon`, `description`, `image`, `directory`, `status`) VALUES (NULL, 'jobs', 'jobs', '', '', '', 'fa fa-tasks', NULL, NULL, NULL, 1);
INSERT INTO `sub_module` (`id`, `module`, `name`, `url`, `parent_menu`, `ordering`, `icon`, `description`, `image`, `directory`, `status`) VALUES (NULL, 'jobs', 'add_job_order', 'Cjob', '20', '', '', NULL, NULL, NULL, 1);
INSERT INTO `sub_module` (`id`, `module`, `name`, `url`, `parent_menu`, `ordering`, `icon`, `description`, `image`, `directory`, `status`) VALUES (NULL, 'jobs', 'manage_job', 'Cjob/manage_job', '20', '', '', NULL, NULL, NULL, 1);
INSERT INTO `sub_module` (`id`, `module`, `name`, `url`, `parent_menu`, `ordering`, `icon`, `description`, `image`, `directory`, `status`) VALUES (NULL, 'jobs', 'add_job_category', 'Cjob/add_job_category', '20', '', '', NULL, NULL, NULL, 1);
INSERT INTO `sub_module` (`id`, `module`, `name`, `url`, `parent_menu`, `ordering`, `icon`, `description`, `image`, `directory`, `status`) VALUES (NULL, 'jobs', 'add_job_type', 'Cjob/add_job_type', '20', '', '', NULL, NULL, NULL, 1);
INSERT INTO `sub_module` (`id`, `module`, `name`, `url`, `parent_menu`, `ordering`, `icon`, `description`, `image`, `directory`, `status`) VALUES (NULL, 'jobs', 'manage_job_type', 'Cjob/manage_job_type', '20', '', '', NULL, NULL, NULL, 1);
INSERT INTO `sub_module` (`id`, `module`, `name`, `url`, `parent_menu`, `ordering`, `icon`, `description`, `image`, `directory`, `status`) VALUES (NULL, 'jobs', 'follow_ups', 'Cjob/follow_up', '20', '', '', NULL, NULL, NULL, 1);
INSERT INTO `sub_module` (`id`, `module`, `name`, `url`, `parent_menu`, `ordering`, `icon`, `description`, `image`, `directory`, `status`) VALUES (NULL, 'service', 'service', '', '', '', 'fa fa-asl-interpreting', NULL, NULL, NULL, 1);
INSERT INTO `sub_module` (`id`, `module`, `name`, `url`, `parent_menu`, `ordering`, `icon`, `description`, `image`, `directory`, `status`) VALUES (NULL, 'service', 'upcoming_service', '', '27', '', '', NULL, NULL, NULL, 1);
INSERT INTO `sub_module` (`id`, `module`, `name`, `url`, `parent_menu`, `ordering`, `icon`, `description`, `image`, `directory`, `status`) VALUES (NULL, 'service', 'service_reminder', '', '27', '', '', NULL, NULL, NULL, 1);
INSERT INTO `sub_module` (`id`, `module`, `name`, `url`, `parent_menu`, `ordering`, `icon`, `description`, `image`, `directory`, `status`) VALUES (NULL, 'service', 'overdue_service', '', '27', '', '', NULL, NULL, NULL, 1);
INSERT INTO `sub_module` (`id`, `module`, `name`, `url`, `parent_menu`, `ordering`, `icon`, `description`, `image`, `directory`, `status`) VALUES (NULL, 'inspection', 'inspection', '', '', '', 'fa fa-asl-interpreting', NULL, NULL, NULL, 1);
INSERT INTO `sub_module` (`id`, `module`, `name`, `url`, `parent_menu`, `ordering`, `icon`, `description`, `image`, `directory`, `status`) VALUES (NULL, 'inspection', 'create_checklist', 'Cinspection/create_checklist', '31', '', '', NULL, NULL, NULL, 1);
INSERT INTO `sub_module` (`id`, `module`, `name`, `url`, `parent_menu`, `ordering`, `icon`, `description`, `image`, `directory`, `status`) VALUES (NULL, 'inspection', 'view_checklist', 'Cinspection/view_checklist', '31', '', '', NULL, NULL, NULL, 1);
INSERT INTO `sub_module` (`id`, `module`, `name`, `url`, `parent_menu`, `ordering`, `icon`, `description`, `image`, `directory`, `status`) VALUES (NULL, 'invoice', 'invoice', '', '', '', 'fa fa-balance-scale', NULL, NULL, NULL, 1);
INSERT INTO `sub_module` (`id`, `module`, `name`, `url`, `parent_menu`, `ordering`, `icon`, `description`, `image`, `directory`, `status`) VALUES (NULL, 'invoice', 'new_invoice', 'Cinvoice', '34', '', '', NULL, NULL, NULL, 1);
INSERT INTO `sub_module` (`id`, `module`, `name`, `url`, `parent_menu`, `ordering`, `icon`, `description`, `image`, `directory`, `status`) VALUES (NULL, 'invoice', 'manage_invoice', 'Cinvoice/manage_invoice', '34', '', '', NULL, NULL, NULL, 1);
INSERT INTO `sub_module` (`id`, `module`, `name`, `url`, `parent_menu`, `ordering`, `icon`, `description`, `image`, `directory`, `status`) VALUES (NULL, 'invoice', 'pos_invoice', 'Cinvoice/pos_invoice', '34', '', '', NULL, NULL, NULL, 1);
INSERT INTO `sub_module` (`id`, `module`, `name`, `url`, `parent_menu`, `ordering`, `icon`, `description`, `image`, `directory`, `status`) VALUES (NULL, 'invoice', 'gui_pos', 'Cinvoice/gui_pos', '34', '', '', NULL, NULL, NULL, 1);
INSERT INTO `sub_module` (`id`, `module`, `name`, `url`, `parent_menu`, `ordering`, `icon`, `description`, `image`, `directory`, `status`) VALUES (NULL, 'invoice', 'recurring_invoice', 'Cinvoice/gui_pos', '34', '', '', NULL, NULL, NULL, 1);
INSERT INTO `sub_module` (`id`, `module`, `name`, `url`, `parent_menu`, `ordering`, `icon`, `description`, `image`, `directory`, `status`) VALUES (NULL, 'supplier', 'supplier', '', '', '', 'ti-user', NULL, NULL, NULL, 1);
INSERT INTO `sub_module` (`id`, `module`, `name`, `url`, `parent_menu`, `ordering`, `icon`, `description`, `image`, `directory`, `status`) VALUES (NULL, 'supplier', 'add_supplier', 'Csupplier', '40', '', '', NULL, NULL, NULL, 1);
INSERT INTO `sub_module` (`id`, `module`, `name`, `url`, `parent_menu`, `ordering`, `icon`, `description`, `image`, `directory`, `status`) VALUES (NULL, 'supplier', 'manage_supplier', 'Csupplier/manage_supplier', '40', '', '', NULL, NULL, NULL, 1);
INSERT INTO `sub_module` (`id`, `module`, `name`, `url`, `parent_menu`, `ordering`, `icon`, `description`, `image`, `directory`, `status`) VALUES (NULL, 'supplier', 'supplier_ledger', 'Csupplier/supplier_ledger_report', '40', '', '', NULL, NULL, NULL, 1);
INSERT INTO `sub_module` (`id`, `module`, `name`, `url`, `parent_menu`, `ordering`, `icon`, `description`, `image`, `directory`, `status`) VALUES (NULL, 'supplier', 'supplier_sales_details', 'Csupplier/supplier_sales_details_all', '40', '', '', NULL, NULL, NULL, 1);
INSERT INTO `sub_module` (`id`, `module`, `name`, `url`, `parent_menu`, `ordering`, `icon`, `description`, `image`, `directory`, `status`) VALUES (NULL, 'supplier', 'supplier_credit_note', 'Csupplier/supplier_sales_details_all', '40', '', '', NULL, NULL, NULL, 1);
INSERT INTO `sub_module` (`id`, `module`, `name`, `url`, `parent_menu`, `ordering`, `icon`, `description`, `image`, `directory`, `status`) VALUES (NULL, 'inventory', 'inventory', '', '', '', 'ti-bag', NULL, NULL, NULL, 1);
INSERT INTO `sub_module` (`id`, `module`, `name`, `url`, `parent_menu`, `ordering`, `icon`, `description`, `image`, `directory`, `status`) VALUES (NULL, 'inventory', 'add_category', 'Ccategory', '46', '', '', NULL, NULL, NULL, 1);
INSERT INTO `sub_module` (`id`, `module`, `name`, `url`, `parent_menu`, `ordering`, `icon`, `description`, `image`, `directory`, `status`) VALUES (NULL, 'inventory', 'manage_category', 'Ccategory/manage_category', '46', '', '', NULL, NULL, NULL, 1);
INSERT INTO `sub_module` (`id`, `module`, `name`, `url`, `parent_menu`, `ordering`, `icon`, `description`, `image`, `directory`, `status`) VALUES (NULL, 'inventory', 'add_product', 'Cproduct', '46', '', '', NULL, NULL, NULL, 1);
INSERT INTO `sub_module` (`id`, `module`, `name`, `url`, `parent_menu`, `ordering`, `icon`, `description`, `image`, `directory`, `status`) VALUES (NULL, 'inventory', 'import_product_csv', 'Cproduct/add_product_csv', '46', '', '', NULL, NULL, NULL, 1);
INSERT INTO `sub_module` (`id`, `module`, `name`, `url`, `parent_menu`, `ordering`, `icon`, `description`, `image`, `directory`, `status`) VALUES (NULL, 'inventory', 'manage_product', 'Cproduct/manage_product', '46', '', '', NULL, NULL, NULL, 1);
INSERT INTO `sub_module` (`id`, `module`, `name`, `url`, `parent_menu`, `ordering`, `icon`, `description`, `image`, `directory`, `status`) VALUES (NULL, 'inventory', 'group_pricing', 'Cproduct/manage_product', '46', '', '', NULL, NULL, NULL, 1);
INSERT INTO `sub_module` (`id`, `module`, `name`, `url`, `parent_menu`, `ordering`, `icon`, `description`, `image`, `directory`, `status`) VALUES (NULL, 'purchase', 'purchase', '', '', '', 'ti-shopping-cart', NULL, NULL, NULL, 1);
INSERT INTO `sub_module` (`id`, `module`, `name`, `url`, `parent_menu`, `ordering`, `icon`, `description`, `image`, `directory`, `status`) VALUES (NULL, 'purchase', 'add_purchase', 'Cpurchase', '53', '', '', NULL, NULL, NULL, 1);
INSERT INTO `sub_module` (`id`, `module`, `name`, `url`, `parent_menu`, `ordering`, `icon`, `description`, `image`, `directory`, `status`) VALUES (NULL, 'purchase', 'manage_purchase', 'Cpurchase/manage_purchase', '53', '', '', NULL, NULL, NULL, 1);
INSERT INTO `sub_module` (`id`, `module`, `name`, `url`, `parent_menu`, `ordering`, `icon`, `description`, `image`, `directory`, `status`) VALUES (NULL, 'purchase', 'add_bills', 'Cpurchase/add_bills', '53', '', '', NULL, NULL, NULL, 1);
INSERT INTO `sub_module` (`id`, `module`, `name`, `url`, `parent_menu`, `ordering`, `icon`, `description`, `image`, `directory`, `status`) VALUES (NULL, 'purchase', 'bill_payment', 'Cpurchase/bill_payment', '53', '', '', NULL, NULL, NULL, 1);
INSERT INTO `sub_module` (`id`, `module`, `name`, `url`, `parent_menu`, `ordering`, `icon`, `description`, `image`, `directory`, `status`) VALUES (NULL, 'hrm', 'hrm', '', '', '', 'fa fa-users', NULL, NULL, NULL, 1);
INSERT INTO `sub_module` (`id`, `module`, `name`, `url`, `parent_menu`, `ordering`, `icon`, `description`, `image`, `directory`, `status`) VALUES (NULL, 'hrm', 'add_designation', 'Chrm/add_designation', '58', '', '', NULL, NULL, NULL, 1);
INSERT INTO `sub_module` (`id`, `module`, `name`, `url`, `parent_menu`, `ordering`, `icon`, `description`, `image`, `directory`, `status`) VALUES (NULL, 'hrm', 'manage_designation', 'Chrm/manage_designation', '58', '', '', NULL, NULL, NULL, 1);
INSERT INTO `sub_module` (`id`, `module`, `name`, `url`, `parent_menu`, `ordering`, `icon`, `description`, `image`, `directory`, `status`) VALUES (NULL, 'hrm', 'add_employee', 'Chrm/add_employee', '58', '', '', NULL, NULL, NULL, 1);
INSERT INTO `sub_module` (`id`, `module`, `name`, `url`, `parent_menu`, `ordering`, `icon`, `description`, `image`, `directory`, `status`) VALUES (NULL, 'hrm', 'manage_employee', 'Chrm/manage_employee', '58', '', '', NULL, NULL, NULL, 1);
INSERT INTO `sub_module` (`id`, `module`, `name`, `url`, `parent_menu`, `ordering`, `icon`, `description`, `image`, `directory`, `status`) VALUES (NULL, 'return', 'return', '', '', '', 'fa fa-retweet', NULL, NULL, NULL, 1);
UPDATE `sub_module` SET `module` = 'returns', `name` = 'returns', `url` = '', `parent_menu` = '', `ordering` = '', `icon` = 'fa fa-retweet', `description` = NULL, `image` = NULL, `directory` = NULL, `status` = 1
WHERE `id` = '63';
INSERT INTO `sub_module` (`id`, `module`, `name`, `url`, `parent_menu`, `ordering`, `icon`, `description`, `image`, `directory`, `status`) VALUES (NULL, 'returns', 'return', 'Cretrun_m', '63', '', '', NULL, NULL, NULL, 1);
INSERT INTO `sub_module` (`id`, `module`, `name`, `url`, `parent_menu`, `ordering`, `icon`, `description`, `image`, `directory`, `status`) VALUES (NULL, 'returns', 'stock_return_list', 'Cretrun_m/return_list', '63', '', '', NULL, NULL, NULL, 1);
INSERT INTO `sub_module` (`id`, `module`, `name`, `url`, `parent_menu`, `ordering`, `icon`, `description`, `image`, `directory`, `status`) VALUES (NULL, 'returns', 'supplier_return_list', 'Cretrun_m/supplier_return_list', '63', '', '', NULL, NULL, NULL, 1);
INSERT INTO `sub_module` (`id`, `module`, `name`, `url`, `parent_menu`, `ordering`, `icon`, `description`, `image`, `directory`, `status`) VALUES (NULL, 'returns', 'wastage_return_list', 'Cretrun_m/wastage_return_list', '63', '', '', NULL, NULL, NULL, 1);
INSERT INTO `sub_module` (`id`, `module`, `name`, `url`, `parent_menu`, `ordering`, `icon`, `description`, `image`, `directory`, `status`) VALUES (NULL, 'stock', 'stock', '', '', '', 'ti-book', NULL, NULL, NULL, 1);
INSERT INTO `sub_module` (`id`, `module`, `name`, `url`, `parent_menu`, `ordering`, `icon`, `description`, `image`, `directory`, `status`) VALUES (NULL, 'stock', 'stock_report', 'Creport', '68', '', '', NULL, NULL, NULL, 1);
INSERT INTO `sub_module` (`id`, `module`, `name`, `url`, `parent_menu`, `ordering`, `icon`, `description`, `image`, `directory`, `status`) VALUES (NULL, 'stock', 'stock_report_product_wise', 'Creport/stock_report_product_wise', '68', '', '', NULL, NULL, NULL, 1);
INSERT INTO `sub_module` (`id`, `module`, `name`, `url`, `parent_menu`, `ordering`, `icon`, `description`, `image`, `directory`, `status`) VALUES (NULL, 'stock', 'stock_report_supplier_wise', 'Creport/stock_report_supplier_wise', '68', '', '', NULL, NULL, NULL, 1);
INSERT INTO `sub_module` (`id`, `module`, `name`, `url`, `parent_menu`, `ordering`, `icon`, `description`, `image`, `directory`, `status`) VALUES (NULL, 'stock', 'stock_take', 'Creport/stock_take', '68', '', '', NULL, NULL, NULL, 1);
INSERT INTO `sub_module` (`id`, `module`, `name`, `url`, `parent_menu`, `ordering`, `icon`, `description`, `image`, `directory`, `status`) VALUES (NULL, 'report', 'report', '', '', '', 'ti-bar-chart', NULL, NULL, NULL, 1);
INSERT INTO `sub_module` (`id`, `module`, `name`, `url`, `parent_menu`, `ordering`, `icon`, `description`, `image`, `directory`, `status`) VALUES (NULL, 'report', 'closing', 'Admin_dashboard/closing', '73', '', '', NULL, NULL, NULL, 1);
INSERT INTO `sub_module` (`id`, `module`, `name`, `url`, `parent_menu`, `ordering`, `icon`, `description`, `image`, `directory`, `status`) VALUES (NULL, 'report', 'closing_report', 'Admin_dashboard/closing_report', '73', '', '', NULL, NULL, NULL, 1);
INSERT INTO `sub_module` (`id`, `module`, `name`, `url`, `parent_menu`, `ordering`, `icon`, `description`, `image`, `directory`, `status`) VALUES (NULL, 'report', 'todays_report', 'Admin_dashboard/all_report', '73', '', '', NULL, NULL, NULL, 1);
INSERT INTO `sub_module` (`id`, `module`, `name`, `url`, `parent_menu`, `ordering`, `icon`, `description`, `image`, `directory`, `status`) VALUES (NULL, 'report', 'todays_customer_receipt', 'Admin_dashboard/todays_customer_receipt', '73', '', '', NULL, NULL, NULL, 1);
INSERT INTO `sub_module` (`id`, `module`, `name`, `url`, `parent_menu`, `ordering`, `icon`, `description`, `image`, `directory`, `status`) VALUES (NULL, 'report', 'sales_report', 'Admin_dashboard/todays_sales_report', '73', '', '', NULL, NULL, NULL, 1);
INSERT INTO `sub_module` (`id`, `module`, `name`, `url`, `parent_menu`, `ordering`, `icon`, `description`, `image`, `directory`, `status`) VALUES (NULL, 'reports', 'due_report', 'Admin_dashboard/retrieve_dateWise_DueReports', '73', '', '', NULL, NULL, NULL, 1);
INSERT INTO `sub_module` (`id`, `module`, `name`, `url`, `parent_menu`, `ordering`, `icon`, `description`, `image`, `directory`, `status`) VALUES (NULL, 'report', 'shipping_cost_report', 'Admin_dashboard/retrieve_dateWise_Shippingcost', '73', '', '', NULL, NULL, NULL, 1);
INSERT INTO `sub_module` (`id`, `module`, `name`, `url`, `parent_menu`, `ordering`, `icon`, `description`, `image`, `directory`, `status`) VALUES (NULL, 'report', 'purchase_report', 'Admin_dashboard/todays_purchase_report', '73', '', '', NULL, NULL, NULL, 1);
INSERT INTO `sub_module` (`id`, `module`, `name`, `url`, `parent_menu`, `ordering`, `icon`, `description`, `image`, `directory`, `status`) VALUES (NULL, 'report', 'purchase_report_category_wise', 'Admin_dashboard/purchase_report_category_wise', '73', '', '', NULL, NULL, NULL, 1);
INSERT INTO `sub_module` (`id`, `module`, `name`, `url`, `parent_menu`, `ordering`, `icon`, `description`, `image`, `directory`, `status`) VALUES (NULL, 'report', 'sales_report_product_wise', 'Admin_dashboard/product_sales_reports_date_wise', '73', '', '', NULL, NULL, NULL, 1);
INSERT INTO `sub_module` (`id`, `module`, `name`, `url`, `parent_menu`, `ordering`, `icon`, `description`, `image`, `directory`, `status`) VALUES (NULL, 'report', 'sales_report_category_wise', 'Admin_dashboard/sales_report_category_wise', '73', '', '', NULL, NULL, NULL, 1);
INSERT INTO `sub_module` (`id`, `module`, `name`, `url`, `parent_menu`, `ordering`, `icon`, `description`, `image`, `directory`, `status`) VALUES (NULL, 'report', 'employee_reports', '', '73', '', '', NULL, NULL, NULL, 1);
UPDATE `sub_module` SET `module` = 'report', `name` = 'due_report', `url` = 'Admin_dashboard/retrieve_dateWise_DueReports', `parent_menu` = '73', `ordering` = '', `icon` = '', `description` = NULL, `image` = NULL, `directory` = NULL, `status` = 1
WHERE `id` = '79';
INSERT INTO `sub_module` (`id`, `module`, `name`, `url`, `parent_menu`, `ordering`, `icon`, `description`, `image`, `directory`, `status`) VALUES (NULL, 'report', 'productivity_report', 'Cemployee/productivity_report', '85', '', '', NULL, NULL, NULL, 1);
INSERT INTO `sub_module` (`id`, `module`, `name`, `url`, `parent_menu`, `ordering`, `icon`, `description`, `image`, `directory`, `status`) VALUES (NULL, 'report', 'efficiency_report', 'Cemployee/efficiency_report', '85', '', '', NULL, NULL, NULL, 1);
INSERT INTO `sub_module` (`id`, `module`, `name`, `url`, `parent_menu`, `ordering`, `icon`, `description`, `image`, `directory`, `status`) VALUES (NULL, 'report', 'expense_reports', '', '73', '', '', NULL, NULL, NULL, 1);
INSERT INTO `sub_module` (`id`, `module`, `name`, `url`, `parent_menu`, `ordering`, `icon`, `description`, `image`, `directory`, `status`) VALUES (NULL, 'report', 'bills_report', 'Cexpense/bills_report', '73', '', '', NULL, NULL, NULL, 1);
UPDATE `sub_module` SET `module` = 'report', `name` = 'bills_report', `url` = 'Cexpense/bills_report', `parent_menu` = '88', `ordering` = '', `icon` = '', `description` = NULL, `image` = NULL, `directory` = NULL, `status` = 1
WHERE `id` = '89';
select * from sec_role;
INSERT INTO `language` (`phrase`) VALUES ('calenders');
UPDATE `language` SET `english` = 'Body Style'
WHERE `phrase` = 'body_style';
UPDATE `language` SET `english` = 'Booked By'
WHERE `phrase` = 'booked_by';
UPDATE `language` SET `english` = 'Booking Time'
WHERE `phrase` = 'bookingtime';
UPDATE `language` SET `english` = 'Branch'
WHERE `phrase` = 'branch';
UPDATE `language` SET `english` = 'Bulk Check In'
WHERE `phrase` = 'bulk_checkin';
UPDATE `language` SET `english` = 'Buying Report'
WHERE `phrase` = 'buying_report';
UPDATE `language` SET `english` = 'Calendar'
WHERE `phrase` = 'calender';
UPDATE `language` SET `english` = 'Calenders'
WHERE `phrase` = 'calenders';
UPDATE `language` SET `english` = 'Cancel'
WHERE `phrase` = 'cancel';
UPDATE `language` SET `english` = 'Captcha'
WHERE `phrase` = 'captcha';
UPDATE `language` SET `english` = 'Cartoon'
WHERE `phrase` = 'cartoon';
UPDATE `language` SET `english` = 'Cartoon Quantity'
WHERE `phrase` = 'cartoon_quantity';
UPDATE `language` SET `english` = 'Cash'
WHERE `phrase` = 'cash';
UPDATE `language` SET `english` = 'Daily Cash Flow'
WHERE `phrase` = 'cashflow';
UPDATE `language` SET `english` = 'Cash Book'
WHERE `phrase` = 'cash_book';
UPDATE `language` SET `english` = 'Cash Book Report'
WHERE `phrase` = 'cash_book_report';
UPDATE `language` SET `english` = 'Cash Closing'
WHERE `phrase` = 'cash_closing';
UPDATE `language` SET `english` = 'Cash Flow'
WHERE `phrase` = 'cash_flow';
UPDATE `language` SET `english` = 'Cash Flow Report'
WHERE `phrase` = 'cash_flow_report';
UPDATE `language` SET `english` = 'Cash Flow Statement'
WHERE `phrase` = 'cash_flow_statement';
UPDATE `language` SET `english` = 'Cash In'
WHERE `phrase` = 'cash_in';
UPDATE `language` SET `english` = 'Cash In Hand'
WHERE `phrase` = 'cash_in_hand';
UPDATE `language` SET `english` = 'Cash Out'
WHERE `phrase` = 'cash_out';
UPDATE `language` SET `english` = 'Category'
WHERE `phrase` = 'category';
UPDATE `language` SET `english` = 'Category Csv  Upload'
WHERE `phrase` = 'category_csv_upload';
UPDATE `language` SET `english` = 'Category Edit'
WHERE `phrase` = 'category_edit';
UPDATE `language` SET `english` = 'Category ID'
WHERE `phrase` = 'category_id';
UPDATE `language` SET `english` = 'Category Name'
WHERE `phrase` = 'category_name';
UPDATE `language` SET `english` = 'Category not selected.'
WHERE `phrase` = 'category_not_selected';
UPDATE `language` SET `english` = 'Category wise purchase report'
WHERE `phrase` = 'category_wise_purchase_report';
UPDATE `language` SET `english` = 'Category wise sales report'
WHERE `phrase` = 'category_wise_sales_report';
UPDATE `language` SET `english` = 'CC Rating'
WHERE `phrase` = 'cc_rating';
UPDATE `language` SET `english` = 'Chairman'
WHERE `phrase` = 'chairman';
UPDATE `language` SET `english` = 'Change Password'
WHERE `phrase` = 'change_password';
UPDATE `language` SET `english` = 'Change your information'
WHERE `phrase` = 'change_your_information';
UPDATE `language` SET `english` = 'Change your profile'
WHERE `phrase` = 'change_your_profile';
UPDATE `language` SET `english` = 'Charge'
WHERE `phrase` = 'charge';
UPDATE `language` SET `english` = 'Checked By'
WHERE `phrase` = 'checked_by';
UPDATE `language` SET `english` = 'Check In'
WHERE `phrase` = 'checkin';
UPDATE `language` SET `english` = 'Checklist Name'
WHERE `phrase` = 'checklist_name';
UPDATE `language` SET `english` = 'Check Out'
WHERE `phrase` = 'checkout';
UPDATE `language` SET `english` = 'Check In'
WHERE `phrase` = 'check_in';
UPDATE `language` SET `english` = 'Check Return'
WHERE `phrase` = 'check_return';
UPDATE `language` SET `english` = 'Cheque'
WHERE `phrase` = 'cheque';
UPDATE `language` SET `english` = 'Cheque amount adjusted.'
WHERE `phrase` = 'cheque_ammount_asjusted';
UPDATE `language` SET `english` = 'Cheque Manager'
WHERE `phrase` = 'cheque_manager';
UPDATE `language` SET `english` = 'Cheque No'
WHERE `phrase` = 'cheque_no';
UPDATE `language` SET `english` = 'Cheque/Pay Order No'
WHERE `phrase` = 'cheque_or_pay_order_no';
UPDATE `language` SET `english` = 'Select Transaction'
WHERE `phrase` = 'choose_transaction';
UPDATE `language` SET `english` = 'City'
WHERE `phrase` = 'city';
select * from sec_role;
UPDATE `sub_module` SET `module` = 'calenders', `name` = 'add_booking', `url` = 'Ccalender/add_booking', `parent_menu` = '11', `ordering` = '', `icon` = '', `description` = NULL, `image` = NULL, `directory` = NULL, `status` = 1
WHERE `id` = '13';
select * from sec_role;
UPDATE `sec_role` SET `type` = 'Customer Role', `id` = '3'
WHERE `id` = '3';
DELETE FROM `role_permission`
WHERE `role_id` = '3';
INSERT INTO `role_permission` (`create`, `delete`, `fk_module_id`, `read`, `role_id`, `update`) VALUES (0,0,'11',0,'3',0), (0,0,'12',0,'3',0), (0,0,'13',0,'3',0), (0,0,'14',0,'3',0), (0,0,'15',0,'3',0), (0,0,'16',0,'3',0), ('1',0,'1',0,'3',0), (0,0,'2',0,'3',0), ('1',0,'3','1','3',0), ('1',0,'4','1','3',0), ('1',0,'5','1','3',0), (0,0,'6',0,'3',0), (0,0,'7',0,'3',0), (0,0,'58',0,'3',0), (0,0,'59',0,'3',0), (0,0,'60',0,'3',0), (0,0,'61',0,'3',0), (0,0,'62',0,'3',0), (0,0,'31',0,'3',0), (0,0,'32',0,'3',0), (0,0,'33',0,'3',0), (0,0,'46',0,'3',0), (0,0,'47',0,'3',0), (0,0,'48',0,'3',0), (0,0,'49',0,'3',0), (0,0,'50',0,'3',0), (0,0,'51',0,'3',0), (0,0,'52',0,'3',0), (0,0,'34',0,'3',0), (0,0,'35',0,'3',0), (0,0,'36',0,'3',0), (0,0,'37',0,'3',0), (0,0,'38',0,'3',0), (0,0,'39',0,'3',0), ('1',0,'20',0,'3',0), (0,0,'21',0,'3',0), (0,0,'22','1','3',0), (0,0,'23',0,'3',0), (0,0,'24',0,'3',0), (0,0,'25','1','3',0), (0,0,'26',0,'3',0), (0,0,'53',0,'3',0), (0,0,'54',0,'3',0), (0,0,'55',0,'3',0), (0,0,'56',0,'3',0), (0,0,'57',0,'3',0), (0,0,'17',0,'3',0), (0,0,'18',0,'3',0), (0,0,'19',0,'3',0), (0,0,'73',0,'3',0), (0,0,'74',0,'3',0), (0,0,'75',0,'3',0), (0,0,'76',0,'3',0), (0,0,'77',0,'3',0), (0,0,'78',0,'3',0), (0,0,'79',0,'3',0), (0,0,'80',0,'3',0), (0,0,'81',0,'3',0), (0,0,'82',0,'3',0), (0,0,'83',0,'3',0), (0,0,'84',0,'3',0), (0,0,'85',0,'3',0), (0,0,'86',0,'3',0), (0,0,'87',0,'3',0), (0,0,'88',0,'3',0), (0,0,'89',0,'3',0), (0,0,'63',0,'3',0), (0,0,'64',0,'3',0), (0,0,'65',0,'3',0), (0,0,'66',0,'3',0), (0,0,'67',0,'3',0), (0,0,'27',0,'3',0), (0,0,'28',0,'3',0), (0,0,'29',0,'3',0), (0,0,'30',0,'3',0), (0,0,'68',0,'3',0), (0,0,'69',0,'3',0), (0,0,'70',0,'3',0), (0,0,'71',0,'3',0), (0,0,'72',0,'3',0), (0,0,'40',0,'3',0), (0,0,'41',0,'3',0), (0,0,'42',0,'3',0), (0,0,'43',0,'3',0), (0,0,'44',0,'3',0), (0,0,'45',0,'3',0), ('1',0,'8',0,'3',0), (0,0,'9',0,'3',0), (0,0,'10','1','3',0);
select * from sec_role;
select * from sec_role;
select * from sec_role;
select * from sec_role;
UPDATE `sec_role` SET `type` = 'Customer Role', `id` = '3'
WHERE `id` = '3';
DELETE FROM `role_permission`
WHERE `role_id` = '3';
INSERT INTO `role_permission` (`create`, `delete`, `fk_module_id`, `read`, `role_id`, `update`) VALUES (0,0,'11',0,'3',0), (0,0,'12',0,'3',0), (0,0,'13',0,'3',0), (0,0,'14',0,'3',0), (0,0,'15',0,'3',0), (0,0,'16',0,'3',0), ('1',0,'1',0,'3',0), (0,0,'2',0,'3',0), ('1',0,'3','1','3',0), (0,0,'4',0,'3',0), (0,0,'5',0,'3',0), (0,0,'6',0,'3',0), (0,0,'7',0,'3',0), (0,0,'58',0,'3',0), (0,0,'59',0,'3',0), (0,0,'60',0,'3',0), (0,0,'61',0,'3',0), (0,0,'62',0,'3',0), (0,0,'31',0,'3',0), (0,0,'32',0,'3',0), (0,0,'33',0,'3',0), (0,0,'46',0,'3',0), (0,0,'47',0,'3',0), (0,0,'48',0,'3',0), (0,0,'49',0,'3',0), (0,0,'50',0,'3',0), (0,0,'51',0,'3',0), (0,0,'52',0,'3',0), (0,0,'34',0,'3',0), (0,0,'35',0,'3',0), (0,0,'36',0,'3',0), (0,0,'37',0,'3',0), (0,0,'38',0,'3',0), (0,0,'39',0,'3',0), ('1',0,'20',0,'3',0), (0,0,'21',0,'3',0), (0,0,'22','1','3',0), (0,0,'23',0,'3',0), (0,0,'24',0,'3',0), (0,0,'25','1','3',0), (0,0,'26',0,'3',0), (0,0,'53',0,'3',0), (0,0,'54',0,'3',0), (0,0,'55',0,'3',0), (0,0,'56',0,'3',0), (0,0,'57',0,'3',0), (0,0,'17',0,'3',0), (0,0,'18',0,'3',0), (0,0,'19',0,'3',0), (0,0,'73',0,'3',0), (0,0,'74',0,'3',0), (0,0,'75',0,'3',0), (0,0,'76',0,'3',0), (0,0,'77',0,'3',0), (0,0,'78',0,'3',0), (0,0,'79',0,'3',0), (0,0,'80',0,'3',0), (0,0,'81',0,'3',0), (0,0,'82',0,'3',0), (0,0,'83',0,'3',0), (0,0,'84',0,'3',0), (0,0,'85',0,'3',0), (0,0,'86',0,'3',0), (0,0,'87',0,'3',0), (0,0,'88',0,'3',0), (0,0,'89',0,'3',0), (0,0,'63',0,'3',0), (0,0,'64',0,'3',0), (0,0,'65',0,'3',0), (0,0,'66',0,'3',0), (0,0,'67',0,'3',0), (0,0,'27',0,'3',0), (0,0,'28',0,'3',0), (0,0,'29',0,'3',0), (0,0,'30',0,'3',0), (0,0,'68',0,'3',0), (0,0,'69',0,'3',0), (0,0,'70',0,'3',0), (0,0,'71',0,'3',0), (0,0,'72',0,'3',0), (0,0,'40',0,'3',0), (0,0,'41',0,'3',0), (0,0,'42',0,'3',0), (0,0,'43',0,'3',0), (0,0,'44',0,'3',0), (0,0,'45',0,'3',0), ('1',0,'8',0,'3',0), (0,0,'9',0,'3',0), (0,0,'10','1','3',0);
select * from sec_role;
UPDATE `sub_module` SET `status` = 0
WHERE `id` = '144';
UPDATE `sub_module` SET `status` = 1
WHERE `id` = '144';
UPDATE `sub_module` SET `status` = 0
WHERE `id` = '144';
select * from sec_role;
UPDATE `sec_role` SET `type` = 'Customer Role', `id` = '3'
WHERE `id` = '3';
DELETE FROM `role_permission`
WHERE `role_id` = '3';
INSERT INTO `role_permission` (`create`, `delete`, `fk_module_id`, `read`, `role_id`, `update`) VALUES (0,0,'108',0,'3',0), (0,0,'109',0,'3',0), (0,0,'110',0,'3',0), (0,0,'111',0,'3',0), (0,0,'112',0,'3',0), (0,0,'113',0,'3',0), (0,0,'114',0,'3',0), (0,0,'115',0,'3',0), (0,0,'116',0,'3',0), (0,0,'117',0,'3',0), (0,0,'118',0,'3',0), (0,0,'119',0,'3',0), (0,0,'120',0,'3',0), (0,0,'121',0,'3',0), (0,0,'122',0,'3',0), (0,0,'123',0,'3',0), (0,0,'124',0,'3',0), (0,0,'104',0,'3',0), (0,0,'105',0,'3',0), (0,0,'106',0,'3',0), (0,0,'107',0,'3',0), (0,0,'11',0,'3',0), (0,0,'12',0,'3',0), (0,0,'13',0,'3',0), (0,0,'14',0,'3',0), (0,0,'15',0,'3',0), (0,0,'16',0,'3',0), ('1',0,'1',0,'3',0), (0,0,'2',0,'3',0), ('1',0,'3','1','3',0), (0,0,'4',0,'3',0), (0,0,'5',0,'3',0), (0,0,'6',0,'3',0), (0,0,'7',0,'3',0), (0,0,'125',0,'3',0), (0,0,'126',0,'3',0), (0,0,'127',0,'3',0), (0,0,'128',0,'3',0), (0,0,'58',0,'3',0), (0,0,'59',0,'3',0), (0,0,'60',0,'3',0), (0,0,'61',0,'3',0), (0,0,'62',0,'3',0), (0,0,'31',0,'3',0), (0,0,'32',0,'3',0), (0,0,'33',0,'3',0), (0,0,'46',0,'3',0), (0,0,'47',0,'3',0), (0,0,'48',0,'3',0), (0,0,'49',0,'3',0), (0,0,'50',0,'3',0), (0,0,'51',0,'3',0), (0,0,'52',0,'3',0), (0,0,'34',0,'3',0), (0,0,'35',0,'3',0), (0,0,'36',0,'3',0), (0,0,'37',0,'3',0), (0,0,'38',0,'3',0), (0,0,'39',0,'3',0), ('1',0,'20',0,'3',0), (0,0,'21',0,'3',0), (0,0,'22','1','3',0), (0,0,'23',0,'3',0), (0,0,'24',0,'3',0), (0,0,'25','1','3',0), (0,0,'26',0,'3',0), (0,0,'53',0,'3',0), (0,0,'54',0,'3',0), (0,0,'55',0,'3',0), (0,0,'56',0,'3',0), (0,0,'57',0,'3',0), (0,0,'17',0,'3',0), (0,0,'18',0,'3',0), (0,0,'19',0,'3',0), ('1',0,'73',0,'3',0), (0,0,'74',0,'3',0), (0,0,'75',0,'3',0), (0,0,'76',0,'3',0), (0,0,'77',0,'3',0), (0,0,'78',0,'3',0), (0,0,'79',0,'3',0), (0,0,'80',0,'3',0), (0,0,'81',0,'3',0), (0,0,'82',0,'3',0), (0,0,'83',0,'3',0), (0,0,'84',0,'3',0), ('1',0,'85',0,'3',0), ('1',0,'86','1','3',0), (0,0,'87',0,'3',0), (0,0,'88',0,'3',0), (0,0,'89',0,'3',0), (0,0,'90',0,'3',0), (0,0,'91',0,'3',0), (0,0,'92',0,'3',0), (0,0,'93',0,'3',0), (0,0,'94',0,'3',0), (0,0,'95',0,'3',0), (0,0,'96',0,'3',0), (0,0,'97',0,'3',0), (0,0,'98',0,'3',0);
INSERT INTO `role_permission` (`create`, `delete`, `fk_module_id`, `read`, `role_id`, `update`) VALUES (0,0,'99',0,'3',0), (0,0,'100',0,'3',0), (0,0,'101',0,'3',0), (0,0,'102',0,'3',0), (0,0,'103',0,'3',0), (0,0,'63',0,'3',0), (0,0,'64',0,'3',0), (0,0,'65',0,'3',0), (0,0,'66',0,'3',0), (0,0,'67',0,'3',0), (0,0,'143',0,'3',0), (0,0,'145',0,'3',0), (0,0,'146',0,'3',0), (0,0,'147',0,'3',0), (0,0,'148',0,'3',0), (0,0,'27',0,'3',0), (0,0,'28',0,'3',0), (0,0,'29',0,'3',0), (0,0,'30',0,'3',0), (0,0,'68',0,'3',0), (0,0,'69',0,'3',0), (0,0,'70',0,'3',0), (0,0,'71',0,'3',0), (0,0,'72',0,'3',0), (0,0,'40',0,'3',0), (0,0,'41',0,'3',0), (0,0,'42',0,'3',0), (0,0,'43',0,'3',0), (0,0,'44',0,'3',0), (0,0,'45',0,'3',0), (0,0,'149',0,'3',0), (0,0,'150',0,'3',0), (0,0,'151',0,'3',0), (0,0,'152',0,'3',0), ('1',0,'8',0,'3',0), (0,0,'9',0,'3',0), (0,0,'10','1','3',0), (0,0,'129',0,'3',0), (0,0,'130',0,'3',0), (0,0,'131',0,'3',0), (0,0,'132',0,'3',0), (0,0,'133',0,'3',0), (0,0,'134',0,'3',0), (0,0,'135',0,'3',0), (0,0,'136',0,'3',0), (0,0,'137',0,'3',0), (0,0,'138',0,'3',0), (0,0,'139',0,'3',0), (0,0,'140',0,'3',0), (0,0,'141',0,'3',0), (0,0,'142',0,'3',0);
select * from sec_role;
UPDATE `sec_role` SET `type` = 'Customer Role', `id` = '3'
WHERE `id` = '3';
DELETE FROM `role_permission`
WHERE `role_id` = '3';
INSERT INTO `role_permission` (`create`, `delete`, `fk_module_id`, `read`, `role_id`, `update`) VALUES (0,0,'108',0,'3',0), (0,0,'109',0,'3',0), (0,0,'110',0,'3',0), (0,0,'111',0,'3',0), (0,0,'112',0,'3',0), (0,0,'113',0,'3',0), (0,0,'114',0,'3',0), (0,0,'115',0,'3',0), (0,0,'116',0,'3',0), (0,0,'117',0,'3',0), (0,0,'118',0,'3',0), (0,0,'119',0,'3',0), (0,0,'120',0,'3',0), (0,0,'121',0,'3',0), (0,0,'122',0,'3',0), (0,0,'123',0,'3',0), (0,0,'124',0,'3',0), (0,0,'104',0,'3',0), (0,0,'105',0,'3',0), (0,0,'106',0,'3',0), (0,0,'107',0,'3',0), (0,0,'11',0,'3',0), (0,0,'12',0,'3',0), (0,0,'13',0,'3',0), (0,0,'14',0,'3',0), (0,0,'15',0,'3',0), (0,0,'16',0,'3',0), ('1',0,'1',0,'3',0), (0,0,'2',0,'3',0), ('1',0,'3','1','3',0), (0,0,'4',0,'3',0), (0,0,'5',0,'3',0), (0,0,'6',0,'3',0), (0,0,'7',0,'3',0), (0,0,'125',0,'3',0), (0,0,'126',0,'3',0), (0,0,'127',0,'3',0), (0,0,'128',0,'3',0), (0,0,'58',0,'3',0), (0,0,'59',0,'3',0), (0,0,'60',0,'3',0), (0,0,'61',0,'3',0), (0,0,'62',0,'3',0), (0,0,'31',0,'3',0), (0,0,'32',0,'3',0), (0,0,'33',0,'3',0), (0,0,'46',0,'3',0), (0,0,'47',0,'3',0), (0,0,'48',0,'3',0), (0,0,'49',0,'3',0), (0,0,'50',0,'3',0), (0,0,'51',0,'3',0), (0,0,'52',0,'3',0), (0,0,'34',0,'3',0), (0,0,'35',0,'3',0), (0,0,'36',0,'3',0), (0,0,'37',0,'3',0), (0,0,'38',0,'3',0), (0,0,'39',0,'3',0), ('1',0,'20',0,'3',0), (0,0,'21',0,'3',0), (0,0,'22','1','3',0), (0,0,'23',0,'3',0), (0,0,'24',0,'3',0), (0,0,'25','1','3',0), (0,0,'26',0,'3',0), (0,0,'53',0,'3',0), (0,0,'54',0,'3',0), (0,0,'55',0,'3',0), (0,0,'56',0,'3',0), (0,0,'57',0,'3',0), (0,0,'17',0,'3',0), (0,0,'18',0,'3',0), (0,0,'19',0,'3',0), ('1',0,'73',0,'3',0), ('1',0,'74','1','3',0), (0,0,'75',0,'3',0), (0,0,'76',0,'3',0), (0,0,'77',0,'3',0), (0,0,'78',0,'3',0), (0,0,'79',0,'3',0), (0,0,'80',0,'3',0), (0,0,'81',0,'3',0), (0,0,'82',0,'3',0), (0,0,'83',0,'3',0), (0,0,'84',0,'3',0), ('1',0,'85',0,'3',0), ('1',0,'86','1','3',0), (0,0,'87',0,'3',0), (0,0,'88',0,'3',0), (0,0,'89',0,'3',0), (0,0,'90',0,'3',0), (0,0,'91',0,'3',0), (0,0,'92',0,'3',0), (0,0,'93',0,'3',0), (0,0,'94',0,'3',0), (0,0,'95',0,'3',0), (0,0,'96',0,'3',0), (0,0,'97',0,'3',0), (0,0,'98',0,'3',0);
INSERT INTO `role_permission` (`create`, `delete`, `fk_module_id`, `read`, `role_id`, `update`) VALUES (0,0,'99',0,'3',0), (0,0,'100',0,'3',0), (0,0,'101',0,'3',0), (0,0,'102',0,'3',0), (0,0,'103',0,'3',0), (0,0,'63',0,'3',0), (0,0,'64',0,'3',0), (0,0,'65',0,'3',0), (0,0,'66',0,'3',0), (0,0,'67',0,'3',0), (0,0,'143',0,'3',0), (0,0,'145',0,'3',0), (0,0,'146',0,'3',0), (0,0,'147',0,'3',0), (0,0,'148',0,'3',0), (0,0,'27',0,'3',0), (0,0,'28',0,'3',0), (0,0,'29',0,'3',0), (0,0,'30',0,'3',0), (0,0,'68',0,'3',0), (0,0,'69',0,'3',0), (0,0,'70',0,'3',0), (0,0,'71',0,'3',0), (0,0,'72',0,'3',0), (0,0,'40',0,'3',0), (0,0,'41',0,'3',0), (0,0,'42',0,'3',0), (0,0,'43',0,'3',0), (0,0,'44',0,'3',0), (0,0,'45',0,'3',0), (0,0,'149',0,'3',0), (0,0,'150',0,'3',0), (0,0,'151',0,'3',0), (0,0,'152',0,'3',0), ('1',0,'8',0,'3',0), (0,0,'9',0,'3',0), (0,0,'10','1','3',0), (0,0,'129',0,'3',0), (0,0,'130',0,'3',0), (0,0,'131',0,'3',0), (0,0,'132',0,'3',0), (0,0,'133',0,'3',0), (0,0,'134',0,'3',0), (0,0,'135',0,'3',0), (0,0,'136',0,'3',0), (0,0,'137',0,'3',0), (0,0,'138',0,'3',0), (0,0,'139',0,'3',0), (0,0,'140',0,'3',0), (0,0,'141',0,'3',0), (0,0,'142',0,'3',0);
select * from sec_role;
INSERT INTO `sub_module` (`id`, `module`, `name`, `url`, `parent_menu`, `ordering`, `icon`, `description`, `image`, `directory`, `status`) VALUES (NULL, 's', 'te', 's', '', '', '', NULL, NULL, NULL, 1);
DELETE FROM `sub_module`
WHERE `id` = '153';
INSERT INTO `sub_module` (`id`, `module`, `name`, `url`, `parent_menu`, `ordering`, `icon`, `description`, `image`, `directory`, `status`) VALUES (NULL, '', 'fdg', '', '', '', '', NULL, NULL, NULL, 1);
DELETE FROM `sub_module`
WHERE `id` = '154';
INSERT INTO `sub_module` (`id`, `module`, `name`, `url`, `parent_menu`, `ordering`, `icon`, `description`, `image`, `directory`, `status`) VALUES (NULL, '', 'adf', 's', '', '', '', NULL, NULL, NULL, 1);
DELETE FROM `sub_module`
WHERE `id` = '155';
INSERT INTO `sub_module` (`id`, `module`, `name`, `url`, `parent_menu`, `ordering`, `icon`, `description`, `image`, `directory`, `status`) VALUES (NULL, '', 'sdfg', '', '', '', '', NULL, NULL, NULL, 1);
DELETE FROM `sub_module`
WHERE `id` = '156';
UPDATE `inspection` SET `inspection_name` = 'B Service Checklist', `job_type_rate` = '1500', `standard_timing` = '4:00pm', `update_by` = '1', `update_date` = '2019-07-30'
WHERE `inspection_id` = '2';
DELETE FROM `inspection_list`
WHERE `inspection_id` = '2';
INSERT INTO `inspection_list` (`inspection_id`, `category_id`, `job_type_id`) VALUES ('2', '1', '2');
INSERT INTO `inspection_list` (`inspection_id`, `category_id`, `job_type_id`) VALUES ('2', '1', '40');
INSERT INTO `inspection_list` (`inspection_id`, `category_id`, `job_type_id`) VALUES ('2', '1', '41');
INSERT INTO `inspection_list` (`inspection_id`, `category_id`, `job_type_id`) VALUES ('2', '2', '3');
INSERT INTO `inspection_list` (`inspection_id`, `category_id`, `job_type_id`) VALUES ('2', '2', '4');
INSERT INTO `inspection_list` (`inspection_id`, `category_id`, `job_type_id`) VALUES ('2', '2', '5');
INSERT INTO `inspection_list` (`inspection_id`, `category_id`, `job_type_id`) VALUES ('2', '2', '6');
INSERT INTO `inspection_list` (`inspection_id`, `category_id`, `job_type_id`) VALUES ('2', '2', '8');
INSERT INTO `inspection_list` (`inspection_id`, `category_id`, `job_type_id`) VALUES ('2', '2', '9');
INSERT INTO `inspection_list` (`inspection_id`, `category_id`, `job_type_id`) VALUES ('2', '2', '10');
INSERT INTO `inspection_list` (`inspection_id`, `category_id`, `job_type_id`) VALUES ('2', '2', '42');
INSERT INTO `inspection_list` (`inspection_id`, `category_id`, `job_type_id`) VALUES ('2', '3', '11');
INSERT INTO `inspection_list` (`inspection_id`, `category_id`, `job_type_id`) VALUES ('2', '3', '12');
INSERT INTO `inspection_list` (`inspection_id`, `category_id`, `job_type_id`) VALUES ('2', '3', '13');
INSERT INTO `inspection_list` (`inspection_id`, `category_id`, `job_type_id`) VALUES ('2', '3', '14');
INSERT INTO `inspection_list` (`inspection_id`, `category_id`, `job_type_id`) VALUES ('2', '3', '15');
INSERT INTO `inspection_list` (`inspection_id`, `category_id`, `job_type_id`) VALUES ('2', '5', '16');
INSERT INTO `inspection_list` (`inspection_id`, `category_id`, `job_type_id`) VALUES ('2', '5', '17');
INSERT INTO `inspection_list` (`inspection_id`, `category_id`, `job_type_id`) VALUES ('2', '5', '18');
INSERT INTO `inspection_list` (`inspection_id`, `category_id`, `job_type_id`) VALUES ('2', '5', '19');
INSERT INTO `inspection_list` (`inspection_id`, `category_id`, `job_type_id`) VALUES ('2', '5', '20');
INSERT INTO `inspection_list` (`inspection_id`, `category_id`, `job_type_id`) VALUES ('2', '5', '21');
INSERT INTO `inspection_list` (`inspection_id`, `category_id`, `job_type_id`) VALUES ('2', '5', '22');
INSERT INTO `inspection_list` (`inspection_id`, `category_id`, `job_type_id`) VALUES ('2', '5', '23');
INSERT INTO `customer_information` (`customer_id`, `customer_name`, `customer_phone`, `customer_mobile`, `customer_email`, `customer_skype`, `customer_address`, `company_name`, `company_number`, `vat_number`, `company_type`, `postal_address`, `physical_address`, `website`, `director_name`, `director_mobile`, `director_phone`, `director_address`, `trade_reference_1`, `trade_reference_2`, `trade_reference_3`, `status`, `notes`, `notifications`, `payment_method`, `sales_discount_status`, `markup_discount`) VALUES ('PBYX89KNGFCAUPP', 'Jack Shaw', '6546464646', '15646545645', 'jackshaw@gmail.com', 'jack.shaw', 'London', 'bdtask', '', '', '', '', '', '', 'Md. Sumch Tarek', '', '', '', '', '', '', '', '', 'sms,email', 'cash', 'trade markup', '');
INSERT INTO `user_login` (`user_id`, `username`, `password`, `user_type`, `status`) VALUES ('PBYX89KNGFCAUPP', 'jackshaw@gmail.com', '41d99b369894eb1ec3f461135132d8bb', '3', '1');
INSERT INTO `users` (`user_id`, `first_name`, `last_name`, `gender`, `date_of_birth`, `logo`, `status`) VALUES ('PBYX89KNGFCAUPP', 'Jack Shaw', '', '', '', '', '1');
INSERT INTO `sec_userrole` (`user_id`, `roleid`, `createby`, `createdate`) VALUES ('PBYX89KNGFCAUPP', 3, '1', '2019-07-31 07:53:10');
INSERT INTO `acc_coa` (`HeadCode`, `HeadName`, `PHeadName`, `HeadLevel`, `IsActive`, `IsTransaction`, `IsGL`, `HeadType`, `IsBudget`, `IsDepreciation`, `DepreciationRate`, `CreateBy`, `CreateDate`) VALUES ('1020301-1', 'PBYX89KNGFCAUPP-Jack Shaw', 'Customer Receivable', '4', '1', '1', '0', 'A', '0', '0', '0', '1', '2019-07-31 07:53:10');
INSERT INTO `customer_ledger` (`transaction_id`, `customer_id`, `invoice_no`, `receipt_no`, `amount`, `description`, `payment_type`, `cheque_no`, `date`, `status`, `d_c`) VALUES ('43KJGCPQ91', 'PBYX89KNGFCAUPP', 'NA', NULL, NULL, 'Previous adjustment with software', 'NA', 'NA', '2019-07-31', 1, 'd');
UPDATE `currency_tbl` SET `id` = '2', `currency_name` = 'Azerbaijan Manat a', `icon` = ''
WHERE `id` = '2';
UPDATE `currency_tbl` SET `id` = '2', `currency_name` = 'Azerbaijan Manat', `icon` = ''
WHERE `id` = '2';
INSERT INTO `courtesy_booking` (`vehicle_reg`, `customer_id`, `start_date`, `end_date`, `title`, `booking_by`, `status`) VALUES ('21431234523', 'DTRN1PQXF5E1M3M', '2019-08-03', '2019-08-04', 'new', '1', 1);
UPDATE `sub_module` SET `module` = 'supplier', `name` = 'supplier_credit_note', `url` = 'Csupplier/supplier_credit_note', `parent_menu` = '40', `ordering` = '', `icon` = '', `description` = NULL, `image` = NULL, `directory` = NULL, `status` = 1
WHERE `id` = '45';
INSERT INTO `language` (`phrase`) VALUES ('credit_notes');
UPDATE `language` SET `english` = 'Close'
WHERE `phrase` = 'close';
UPDATE `language` SET `english` = 'Close your account'
WHERE `phrase` = 'close_your_account';
UPDATE `language` SET `english` = 'Closing'
WHERE `phrase` = 'closing';
UPDATE `language` SET `english` = 'Closing Account'
WHERE `phrase` = 'closing_account';
UPDATE `language` SET `english` = 'Closing Report'
WHERE `phrase` = 'closing_report';
UPDATE `language` SET `english` = 'Coa Print'
WHERE `phrase` = 'coa_print';
UPDATE `language` SET `english` = 'Code'
WHERE `phrase` = 'code';
UPDATE `language` SET `english` = 'COF Due'
WHERE `phrase` = 'cof_due';
UPDATE `language` SET `english` = 'COF/WOF Date'
WHERE `phrase` = 'cof_wof_date';
UPDATE `language` SET `english` = 'Collection'
WHERE `phrase` = 'collection';
UPDATE `language` SET `english` = 'Color'
WHERE `phrase` = 'color';
UPDATE `language` SET `english` = 'Comment'
WHERE `phrase` = 'comment';
UPDATE `language` SET `english` = 'Commission'
WHERE `phrase` = 'commission';
UPDATE `language` SET `english` = 'Commission Rate'
WHERE `phrase` = 'commission_rate';
UPDATE `language` SET `english` = 'Company Address'
WHERE `phrase` = 'company_address';
UPDATE `language` SET `english` = 'Company Details'
WHERE `phrase` = 'company_details';
UPDATE `language` SET `english` = 'Company Edit'
WHERE `phrase` = 'company_edit';
UPDATE `language` SET `english` = 'Company Email'
WHERE `phrase` = 'company_email';
UPDATE `language` SET `english` = 'Company Mobile'
WHERE `phrase` = 'company_mobile';
UPDATE `language` SET `english` = 'Company Name'
WHERE `phrase` = 'company_name';
UPDATE `language` SET `english` = 'Company Number'
WHERE `phrase` = 'company_number';
UPDATE `language` SET `english` = 'Company Phone'
WHERE `phrase` = 'company_phone';
UPDATE `language` SET `english` = 'Compnay Sales Discount'
WHERE `phrase` = 'company_sales_discount';
UPDATE `language` SET `english` = 'Company Type'
WHERE `phrase` = 'company_type';
UPDATE `language` SET `english` = 'Company Website'
WHERE `phrase` = 'company_website';
UPDATE `language` SET `english` = 'Complete'
WHERE `phrase` = 'complete';
UPDATE `language` SET `english` = 'Confirm'
WHERE `phrase` = 'confirm';
UPDATE `language` SET `english` = 'Confirm Clock'
WHERE `phrase` = 'confirm_clock';
UPDATE `language` SET `english` = 'Contact Details'
WHERE `phrase` = 'contact_details';
UPDATE `language` SET `english` = 'Contra Voucher'
WHERE `phrase` = 'contra_voucher';
UPDATE `language` SET `english` = 'Country'
WHERE `phrase` = 'country';
UPDATE `language` SET `english` = 'Country of origin'
WHERE `phrase` = 'country_of_origin';
UPDATE `language` SET `english` = 'Courtesy Vehicle Booking'
WHERE `phrase` = 'courtesy_vehicle_booking';
UPDATE `language` SET `english` = 'Courtesy Vehicle Bookins'
WHERE `phrase` = 'courtesy_vehicle_bookings';
UPDATE `language` SET `english` = 'Create'
WHERE `phrase` = 'create';
UPDATE `language` SET `english` = 'Create Account'
WHERE `phrase` = 'create_accounts';
UPDATE `language` SET `english` = 'Create Checklist'
WHERE `phrase` = 'create_checklist';
UPDATE `language` SET `english` = 'Create New Sale'
WHERE `phrase` = 'create_new_invoice';
UPDATE `language` SET `english` = 'Create POS Sale'
WHERE `phrase` = 'create_pos_invoice';
UPDATE `language` SET `english` = 'Credit'
WHERE `phrase` = 'credit';
UPDATE `language` SET `english` = 'Credit Account Head'
WHERE `phrase` = 'credit_account_head';
UPDATE `language` SET `english` = 'Credit Amount'
WHERE `phrase` = 'credit_ammount';
UPDATE `language` SET `english` = 'Credit Customer'
WHERE `phrase` = 'credit_customer';
UPDATE `language` SET `english` = 'Credit (-)'
WHERE `phrase` = 'credit_minus';
UPDATE `language` SET `english` = 'Credit Note'
WHERE `phrase` = 'credit_notes';
UPDATE `language` SET `english` = 'Credit Voucher'
WHERE `phrase` = 'credit_voucher';
UPDATE `language` SET `english` = 'CSV File Information'
WHERE `phrase` = 'csv_file_informaion';
UPDATE `language` SET `english` = 'Csv Upload Supplier'
WHERE `phrase` = 'csv_supplier';
UPDATE `language` SET `english` = 'Csv Upload Supplier'
WHERE `phrase` = 'csv_upload_supplier';
UPDATE `language` SET `english` = 'Currency'
WHERE `phrase` = 'currency';
INSERT INTO `supplier_information` (`supplier_id`, `supplier_name`, `address`, `mobile`, `details`, `status`) VALUES ('TV3BNFU4MPCOO7QTA26J', NULL, NULL, NULL, NULL, 1);
INSERT INTO `supplier_information` (`supplier_id`, `supplier_name`, `address`, `phone`, `mobile`, `email`, `website`, `notification`, `payment_method`, `order_by`, `status`) VALUES ('BSOY42MRVZL9D6N1NF9D', 'toyto', 'New yourk', '24633456', '2324', 'toyto@gmail.com', 'toyto.com', 'sms,post', 'cash', 'phone', 1);
INSERT INTO `acc_coa` (`HeadCode`, `HeadName`, `PHeadName`, `HeadLevel`, `IsActive`, `IsTransaction`, `IsGL`, `HeadType`, `IsBudget`, `IsDepreciation`, `DepreciationRate`, `CreateBy`, `CreateDate`) VALUES (5020200005, 'BSOY42MRVZL9D6N1NF9D-', 'Account Payable', '3', '1', '1', '0', 'L', '0', '0', '0', '1', '2019-08-03 11:47:59');
INSERT INTO `supplier_ledger` (`transaction_id`, `supplier_id`, `chalan_no`, `deposit_no`, `amount`, `description`, `payment_type`, `cheque_no`, `date`, `status`, `d_c`) VALUES ('B5FYQ7O3UT', 'BSOY42MRVZL9D6N1NF9D', 'Adjustment ', NULL, NULL, 'Previous adjustment with software', 'NA', 'NA', '2019-08-03', 1, 'c');
INSERT INTO `supplier_information` (`supplier_id`, `supplier_name`, `address`, `phone`, `mobile`, `email`, `website`, `notification`, `payment_method`, `order_by`, `status`) VALUES ('6G518LOELFZNI3R28L4P', 'BMW', 'New yourk', '5465465', '87697987', 'bmw@gmail.com', 'bmw.com', 'sms,email', 'cash', 'mobile', 1);
INSERT INTO `acc_coa` (`HeadCode`, `HeadName`, `PHeadName`, `HeadLevel`, `IsActive`, `IsTransaction`, `IsGL`, `HeadType`, `IsBudget`, `IsDepreciation`, `DepreciationRate`, `CreateBy`, `CreateDate`) VALUES (5020200006, '6G518LOELFZNI3R28L4P-', 'Account Payable', '3', '1', '1', '0', 'L', '0', '0', '0', '1', '2019-08-03 11:51:40');
INSERT INTO `supplier_ledger` (`transaction_id`, `supplier_id`, `chalan_no`, `deposit_no`, `amount`, `description`, `payment_type`, `cheque_no`, `date`, `status`, `d_c`) VALUES ('S3JRNGY7DW', '6G518LOELFZNI3R28L4P', 'Adjustment ', NULL, NULL, 'Previous adjustment with software', 'NA', 'NA', '2019-08-03', 1, 'c');
INSERT INTO `supplier_information` (`supplier_id`, `supplier_name`, `address`, `phone`, `mobile`, `email`, `website`, `notification`, `payment_method`, `order_by`, `status`) VALUES ('I6ZW65X46978U8GBUN7K', 'BMW', 'New Yourk', '5464646', '1354645', 'bmw@gmail.com', 'bmw.com', 'sms,email', 'cash', 'phone', 1);
INSERT INTO `acc_coa` (`HeadCode`, `HeadName`, `PHeadName`, `HeadLevel`, `IsActive`, `IsTransaction`, `IsGL`, `HeadType`, `IsBudget`, `IsDepreciation`, `DepreciationRate`, `CreateBy`, `CreateDate`) VALUES (5020200007, 'I6ZW65X46978U8GBUN7K-', 'Account Payable', '3', '1', '1', '0', 'L', '0', '0', '0', '1', '2019-08-03 11:58:32');
INSERT INTO `supplier_ledger` (`transaction_id`, `supplier_id`, `chalan_no`, `deposit_no`, `amount`, `description`, `payment_type`, `cheque_no`, `date`, `status`, `d_c`) VALUES ('1RKDLJKNCE', 'I6ZW65X46978U8GBUN7K', 'Adjustment ', NULL, 0, 'Previous adjustment with software', 'NA', 'NA', '2019-08-03', 1, 'c');
INSERT INTO `supplier_information` (`supplier_id`, `supplier_name`, `address`, `phone`, `mobile`, `email`, `website`, `notification`, `payment_method`, `order_by`, `status`) VALUES ('ZUIXXNP5DON7Z8OAL99Q', 'BMW', 'New Yourk', '656546', '452656', 'bmw@gmail.com', 'bmw.com', 'sms,email', 'cash', 'phone', 1);
INSERT INTO `acc_coa` (`HeadCode`, `HeadName`, `PHeadName`, `HeadLevel`, `IsActive`, `IsTransaction`, `IsGL`, `HeadType`, `IsBudget`, `IsDepreciation`, `DepreciationRate`, `CreateBy`, `CreateDate`) VALUES (5020200008, 'ZUIXXNP5DON7Z8OAL99Q-', 'Account Payable', '3', '1', '1', '0', 'L', '0', '0', '0', '1', '2019-08-03 12:38:47');
INSERT INTO `supplier_ledger` (`transaction_id`, `supplier_id`, `chalan_no`, `deposit_no`, `amount`, `description`, `payment_type`, `cheque_no`, `date`, `status`, `d_c`) VALUES ('HMO1R2RPE4', 'ZUIXXNP5DON7Z8OAL99Q', 'Adjustment ', NULL, 0, 'Previous adjustment with software', 'NA', 'NA', '2019-08-03', 1, 'c');
INSERT INTO `supplier_information` (`supplier_id`, `supplier_name`, `address`, `phone`, `mobile`, `email`, `website`, `notification`, `payment_method`, `order_by`, `status`) VALUES ('2Q4FSYPZHLENGUWED4H8', 'BMW', 'New Yourk', '54654674', '4354354', 'bmw@gmail.com', 'bmw.com', 'sms,email', 'cash', 'phone', 1);
INSERT INTO `acc_coa` (`HeadCode`, `HeadName`, `PHeadName`, `HeadLevel`, `IsActive`, `IsTransaction`, `IsGL`, `HeadType`, `IsBudget`, `IsDepreciation`, `DepreciationRate`, `CreateBy`, `CreateDate`) VALUES (5020200009, '2Q4FSYPZHLENGUWED4H8-', 'Account Payable', '3', '1', '1', '0', 'L', '0', '0', '0', '1', '2019-08-03 12:43:05');
INSERT INTO `supplier_ledger` (`transaction_id`, `supplier_id`, `chalan_no`, `deposit_no`, `amount`, `description`, `payment_type`, `cheque_no`, `date`, `status`, `d_c`) VALUES ('MTM6PXI2UG', '2Q4FSYPZHLENGUWED4H8', 'Adjustment ', NULL, 0, 'Previous adjustment with software', 'NA', 'NA', '2019-08-03', 1, 'c');
INSERT INTO `supplier_product` (`product_id`, `supplier_id`, `supplier_price`, `products_model`) VALUES ('83475478', '2Q4FSYPZHLENGUWED4H8', '90', '77777');
INSERT INTO `product_information` (`product_id`, `product_name`, `category_id`, `unit`, `tax`, `serial_no`, `minimum_stock`, `reorder_level`, `product_location`, `global_markup`, `individual_markup`, `notes`, `price`, `product_model`, `product_details`, `image`, `status`) VALUES ('83475478', '7 Up', 'MOFAIIPK63OHOPI', 'Piece', 0, '77777', '', '', '', '', '', '', '100', '77777', 'demo', 'http://localhost/bdtask/garegmanagement/my-assets/image/product.png', 1);
INSERT INTO `product_purchase` (`purchase_id`, `chalan_no`, `supplier_id`, `grand_total_amount`, `total_discount`, `purchase_date`, `purchase_details`, `status`) VALUES ('20190803134026', '1201201', '2Q4FSYPZHLENGUWED4H8', '2250.00', NULL, '2019-08-03', '', 1);
INSERT INTO `acc_transaction` (`VNo`, `Vtype`, `VDate`, `COAID`, `Narration`, `Debit`, `Credit`, `IsPosted`, `CreateBy`, `CreateDate`, `IsAppove`) VALUES ('20190803134026', 'Purchase', '2019-08-03', 10107, 'Inventory Debit For Purchase No20190803134026', '2250.00', 0, 1, '1', '2019-08-03 13:40:26', 1);
INSERT INTO `acc_transaction` (`VNo`, `Vtype`, `VDate`, `COAID`, `Narration`, `Debit`, `Credit`, `IsPosted`, `CreateBy`, `CreateDate`, `IsAppove`) VALUES ('20190803134026', 'Purchase', '2019-08-03', NULL, 'Purchase No.20190803134026', 0, '2250.00', 1, '1', '2019-08-03', 1);
INSERT INTO `supplier_information` (`supplier_id`, `supplier_name`, `address`, `phone`, `mobile`, `email`, `website`, `notification`, `payment_method`, `order_by`, `status`) VALUES ('7HTL2OJ9NYMZAC5ZHAMH', 'Toyto', 'New York', '254431421', '52425435435', 'toyto@gmail.com', 'toyto.com', 'sms,post', 'cash', 'phone', 1);
INSERT INTO `acc_coa` (`HeadCode`, `HeadName`, `PHeadName`, `HeadLevel`, `IsActive`, `IsTransaction`, `IsGL`, `HeadType`, `IsBudget`, `IsDepreciation`, `DepreciationRate`, `CreateBy`, `CreateDate`) VALUES (5020200010, '7HTL2OJ9NYMZAC5ZHAMH-Toyto', 'Account Payable', '3', '1', '1', '0', 'L', '0', '0', '0', '1', '2019-08-03 13:48:11');
INSERT INTO `supplier_ledger` (`transaction_id`, `supplier_id`, `chalan_no`, `deposit_no`, `amount`, `description`, `payment_type`, `cheque_no`, `date`, `status`, `d_c`) VALUES ('DNAG6GAQZ1', '7HTL2OJ9NYMZAC5ZHAMH', 'Adjustment ', NULL, 0, 'Previous adjustment with software', 'NA', 'NA', '2019-08-03', 1, 'c');
INSERT INTO `supplier_product` (`product_id`, `supplier_id`, `supplier_price`, `products_model`) VALUES ('48868755', '7HTL2OJ9NYMZAC5ZHAMH', '25', 'M1025');
INSERT INTO `product_information` (`product_id`, `product_name`, `category_id`, `unit`, `tax`, `serial_no`, `minimum_stock`, `reorder_level`, `product_location`, `global_markup`, `individual_markup`, `notes`, `price`, `product_model`, `product_details`, `image`, `status`) VALUES ('48868755', 'Mum Water 2 Litre', 'MOFAIIPK63OHOPI', 'Piece', 0, 'M1025', '', '', '', '', '', '', '30', 'M1025', 'test', 'http://localhost/bdtask/garegmanagement/my-assets/image/product.png', 1);
INSERT INTO `product_purchase` (`purchase_id`, `chalan_no`, `supplier_id`, `grand_total_amount`, `total_discount`, `purchase_date`, `purchase_details`, `status`) VALUES ('20190803135218', '8080', '7HTL2OJ9NYMZAC5ZHAMH', '625.00', NULL, '2019-08-03', '', 1);
INSERT INTO `acc_transaction` (`VNo`, `Vtype`, `VDate`, `COAID`, `Narration`, `Debit`, `Credit`, `IsPosted`, `CreateBy`, `CreateDate`, `IsAppove`) VALUES ('20190803135218', 'Purchase', '2019-08-03', 10107, 'Inventory Debit For Purchase No20190803135218', '625.00', 0, 1, '1', '2019-08-03 13:52:18', 1);
INSERT INTO `acc_transaction` (`VNo`, `Vtype`, `VDate`, `COAID`, `Narration`, `Debit`, `Credit`, `IsPosted`, `CreateBy`, `CreateDate`, `IsAppove`) VALUES ('20190803135218', 'Purchase', '2019-08-03', '5020200010', 'Purchase No.20190803135218', 0, '625.00', 1, '1', '2019-08-03', 1);
INSERT INTO `supplier_ledger` (`transaction_id`, `chalan_no`, `supplier_id`, `amount`, `date`, `description`, `status`, `d_c`) VALUES ('20190803135218', '8080', '7HTL2OJ9NYMZAC5ZHAMH', '625.00', '2019-08-03', '', 1, 'c');
INSERT INTO `product_purchase_details` (`purchase_detail_id`, `purchase_id`, `product_id`, `quantity`, `rate`, `total_amount`, `discount`, `status`) VALUES ('uKVXX8EQSfQWPtF', '20190803135218', '48868755', '25', '25', '625.00', NULL, 1);
INSERT INTO `supplier_ledger` (`transaction_id`, `supplier_id`, `chalan_no`, `date`, `description`, `amount`, `status`) VALUES ('20190803135218', '7HTL2OJ9NYMZAC5ZHAMH', 'LRRKWTASSW', '2019-08-03', 'Return', -50, 1);
INSERT INTO `product_purchase_details` (`purchase_detail_id`, `purchase_id`, `product_id`, `quantity`, `rate`, `discount`, `total_amount`, `status`) VALUES ('uKVXX8EQSfQWPtF', '20190803135218', '48868755', -2, '25.00', 0, -50, 1);
INSERT INTO `product_return` (`return_id`, `purchase_id`, `product_id`, `supplier_id`, `ret_qty`, `byy_qty`, `date_purchase`, `date_return`, `product_rate`, `deduction`, `total_deduct`, `total_ret_amount`, `net_total_amount`, `reason`, `usablity`) VALUES ('447896933843257', '20190803135218', '48868755', '7HTL2OJ9NYMZAC5ZHAMH', '2', '25.00', '2019-08-03', '2019-08-03', '25.00', '', '0.00', '50', '50.00', 'demo', '2');
INSERT INTO `supplier_ledger` (`transaction_id`, `supplier_id`, `chalan_no`, `date`, `description`, `amount`, `status`) VALUES ('20190803135218', '7HTL2OJ9NYMZAC5ZHAMH', 'K45ZTE5M1U', '2019-08-03', 'Return', -50, 1);
INSERT INTO `product_purchase_details` (`purchase_detail_id`, `purchase_id`, `product_id`, `quantity`, `rate`, `discount`, `total_amount`, `status`) VALUES ('uKVXX8EQSfQWPtF', '20190803135218', '48868755', -2, '25.00', 0, -50, 1);
INSERT INTO `product_return` (`return_id`, `purchase_id`, `product_id`, `supplier_id`, `ret_qty`, `byy_qty`, `date_purchase`, `date_return`, `product_rate`, `deduction`, `total_deduct`, `total_ret_amount`, `net_total_amount`, `reason`, `usablity`) VALUES ('799185829489635', '20190803135218', '48868755', '7HTL2OJ9NYMZAC5ZHAMH', '2', '25.00', '2019-08-03', '2019-08-03', '25.00', '', '0.00', '50', '50.00', 'demo', '2');
INSERT INTO `supplier_ledger` (`transaction_id`, `supplier_id`, `chalan_no`, `date`, `description`, `amount`, `status`) VALUES ('20190803135218', '7HTL2OJ9NYMZAC5ZHAMH', 'TLIY4WVY8W', '2019-08-03', 'Return', -50, 1);
INSERT INTO `product_purchase_details` (`purchase_detail_id`, `purchase_id`, `product_id`, `quantity`, `rate`, `discount`, `total_amount`, `status`) VALUES ('uKVXX8EQSfQWPtF', '20190803135218', '48868755', -2, '25.00', 0, -50, 1);
INSERT INTO `product_return` (`return_id`, `purchase_id`, `product_id`, `supplier_id`, `ret_qty`, `byy_qty`, `date_purchase`, `date_return`, `product_rate`, `deduction`, `total_deduct`, `total_ret_amount`, `net_total_amount`, `reason`, `usablity`) VALUES ('289571738584918', '20190803135218', '48868755', '7HTL2OJ9NYMZAC5ZHAMH', '2', '25.00', '2019-08-03', '2019-08-03', '25.00', '', '0.00', '50', '50.00', 'demo', '2');
INSERT INTO `supplier_ledger` (`transaction_id`, `supplier_id`, `chalan_no`, `date`, `description`, `amount`, `status`) VALUES ('20190803135218', '7HTL2OJ9NYMZAC5ZHAMH', 'HO1LNC9GLG', '2019-08-03', 'Return', -50, 1);
INSERT INTO `product_purchase_details` (`purchase_detail_id`, `purchase_id`, `product_id`, `quantity`, `rate`, `discount`, `total_amount`, `status`) VALUES ('uKVXX8EQSfQWPtF', '20190803135218', '48868755', -2, '25.00', 0, -50, 1);
INSERT INTO `product_return` (`return_id`, `purchase_id`, `product_id`, `supplier_id`, `ret_qty`, `byy_qty`, `date_purchase`, `date_return`, `product_rate`, `deduction`, `total_deduct`, `total_ret_amount`, `net_total_amount`, `reason`, `usablity`) VALUES ('965933918974916', '20190803135218', '48868755', '7HTL2OJ9NYMZAC5ZHAMH', '2', '25.00', '2019-08-03', '2019-08-03', '25.00', '', '0.00', '50', '50.00', 'demo', '2');
INSERT INTO `language` (`phrase`) VALUES ('credit_note_no');
UPDATE `language` SET `english` = 'Close'
WHERE `phrase` = 'close';
UPDATE `language` SET `english` = 'Close your account'
WHERE `phrase` = 'close_your_account';
UPDATE `language` SET `english` = 'Closing'
WHERE `phrase` = 'closing';
UPDATE `language` SET `english` = 'Closing Account'
WHERE `phrase` = 'closing_account';
UPDATE `language` SET `english` = 'Closing Report'
WHERE `phrase` = 'closing_report';
UPDATE `language` SET `english` = 'Coa Print'
WHERE `phrase` = 'coa_print';
UPDATE `language` SET `english` = 'Code'
WHERE `phrase` = 'code';
UPDATE `language` SET `english` = 'COF Due'
WHERE `phrase` = 'cof_due';
UPDATE `language` SET `english` = 'COF/WOF Date'
WHERE `phrase` = 'cof_wof_date';
UPDATE `language` SET `english` = 'Collection'
WHERE `phrase` = 'collection';
UPDATE `language` SET `english` = 'Color'
WHERE `phrase` = 'color';
UPDATE `language` SET `english` = 'Comment'
WHERE `phrase` = 'comment';
UPDATE `language` SET `english` = 'Commission'
WHERE `phrase` = 'commission';
UPDATE `language` SET `english` = 'Commission Rate'
WHERE `phrase` = 'commission_rate';
UPDATE `language` SET `english` = 'Company Address'
WHERE `phrase` = 'company_address';
UPDATE `language` SET `english` = 'Company Details'
WHERE `phrase` = 'company_details';
UPDATE `language` SET `english` = 'Company Edit'
WHERE `phrase` = 'company_edit';
UPDATE `language` SET `english` = 'Company Email'
WHERE `phrase` = 'company_email';
UPDATE `language` SET `english` = 'Company Mobile'
WHERE `phrase` = 'company_mobile';
UPDATE `language` SET `english` = 'Company Name'
WHERE `phrase` = 'company_name';
UPDATE `language` SET `english` = 'Company Number'
WHERE `phrase` = 'company_number';
UPDATE `language` SET `english` = 'Company Phone'
WHERE `phrase` = 'company_phone';
UPDATE `language` SET `english` = 'Compnay Sales Discount'
WHERE `phrase` = 'company_sales_discount';
UPDATE `language` SET `english` = 'Company Type'
WHERE `phrase` = 'company_type';
UPDATE `language` SET `english` = 'Company Website'
WHERE `phrase` = 'company_website';
UPDATE `language` SET `english` = 'Complete'
WHERE `phrase` = 'complete';
UPDATE `language` SET `english` = 'Confirm'
WHERE `phrase` = 'confirm';
UPDATE `language` SET `english` = 'Confirm Clock'
WHERE `phrase` = 'confirm_clock';
UPDATE `language` SET `english` = 'Contact Details'
WHERE `phrase` = 'contact_details';
UPDATE `language` SET `english` = 'Contra Voucher'
WHERE `phrase` = 'contra_voucher';
UPDATE `language` SET `english` = 'Country'
WHERE `phrase` = 'country';
UPDATE `language` SET `english` = 'Country of origin'
WHERE `phrase` = 'country_of_origin';
UPDATE `language` SET `english` = 'Courtesy Vehicle Booking'
WHERE `phrase` = 'courtesy_vehicle_booking';
UPDATE `language` SET `english` = 'Courtesy Vehicle Bookins'
WHERE `phrase` = 'courtesy_vehicle_bookings';
UPDATE `language` SET `english` = 'Create'
WHERE `phrase` = 'create';
UPDATE `language` SET `english` = 'Create Account'
WHERE `phrase` = 'create_accounts';
UPDATE `language` SET `english` = 'Create Checklist'
WHERE `phrase` = 'create_checklist';
UPDATE `language` SET `english` = 'Create New Sale'
WHERE `phrase` = 'create_new_invoice';
UPDATE `language` SET `english` = 'Create POS Sale'
WHERE `phrase` = 'create_pos_invoice';
UPDATE `language` SET `english` = 'Credit'
WHERE `phrase` = 'credit';
UPDATE `language` SET `english` = 'Credit Account Head'
WHERE `phrase` = 'credit_account_head';
UPDATE `language` SET `english` = 'Credit Amount'
WHERE `phrase` = 'credit_ammount';
UPDATE `language` SET `english` = 'Credit Customer'
WHERE `phrase` = 'credit_customer';
UPDATE `language` SET `english` = 'Credit (-)'
WHERE `phrase` = 'credit_minus';
UPDATE `language` SET `english` = 'Credit Note'
WHERE `phrase` = 'credit_notes';
UPDATE `language` SET `english` = 'Credit Note No'
WHERE `phrase` = 'credit_note_no';
UPDATE `language` SET `english` = 'Credit Voucher'
WHERE `phrase` = 'credit_voucher';
UPDATE `language` SET `english` = 'CSV File Information'
WHERE `phrase` = 'csv_file_informaion';
UPDATE `language` SET `english` = 'Csv Upload Supplier'
WHERE `phrase` = 'csv_supplier';
UPDATE `language` SET `english` = 'Csv Upload Supplier'
WHERE `phrase` = 'csv_upload_supplier';
INSERT INTO `language` (`phrase`) VALUES ('chalan_no');
UPDATE `language` SET `english` = 'Body Style'
WHERE `phrase` = 'body_style';
UPDATE `language` SET `english` = 'Booked By'
WHERE `phrase` = 'booked_by';
UPDATE `language` SET `english` = 'Booking Time'
WHERE `phrase` = 'bookingtime';
UPDATE `language` SET `english` = 'Branch'
WHERE `phrase` = 'branch';
UPDATE `language` SET `english` = 'Bulk Check In'
WHERE `phrase` = 'bulk_checkin';
UPDATE `language` SET `english` = 'Buying Report'
WHERE `phrase` = 'buying_report';
UPDATE `language` SET `english` = 'Calendar'
WHERE `phrase` = 'calender';
UPDATE `language` SET `english` = 'Calenders'
WHERE `phrase` = 'calenders';
UPDATE `language` SET `english` = 'Cancel'
WHERE `phrase` = 'cancel';
UPDATE `language` SET `english` = 'Captcha'
WHERE `phrase` = 'captcha';
UPDATE `language` SET `english` = 'Cartoon'
WHERE `phrase` = 'cartoon';
UPDATE `language` SET `english` = 'Cartoon Quantity'
WHERE `phrase` = 'cartoon_quantity';
UPDATE `language` SET `english` = 'Cash'
WHERE `phrase` = 'cash';
UPDATE `language` SET `english` = 'Daily Cash Flow'
WHERE `phrase` = 'cashflow';
UPDATE `language` SET `english` = 'Cash Book'
WHERE `phrase` = 'cash_book';
UPDATE `language` SET `english` = 'Cash Book Report'
WHERE `phrase` = 'cash_book_report';
UPDATE `language` SET `english` = 'Cash Closing'
WHERE `phrase` = 'cash_closing';
UPDATE `language` SET `english` = 'Cash Flow'
WHERE `phrase` = 'cash_flow';
UPDATE `language` SET `english` = 'Cash Flow Report'
WHERE `phrase` = 'cash_flow_report';
UPDATE `language` SET `english` = 'Cash Flow Statement'
WHERE `phrase` = 'cash_flow_statement';
UPDATE `language` SET `english` = 'Cash In'
WHERE `phrase` = 'cash_in';
UPDATE `language` SET `english` = 'Cash In Hand'
WHERE `phrase` = 'cash_in_hand';
UPDATE `language` SET `english` = 'Cash Out'
WHERE `phrase` = 'cash_out';
UPDATE `language` SET `english` = 'Category'
WHERE `phrase` = 'category';
UPDATE `language` SET `english` = 'Category Csv  Upload'
WHERE `phrase` = 'category_csv_upload';
UPDATE `language` SET `english` = 'Category Edit'
WHERE `phrase` = 'category_edit';
UPDATE `language` SET `english` = 'Category ID'
WHERE `phrase` = 'category_id';
UPDATE `language` SET `english` = 'Category Name'
WHERE `phrase` = 'category_name';
UPDATE `language` SET `english` = 'Category not selected.'
WHERE `phrase` = 'category_not_selected';
UPDATE `language` SET `english` = 'Category wise purchase report'
WHERE `phrase` = 'category_wise_purchase_report';
UPDATE `language` SET `english` = 'Category wise sales report'
WHERE `phrase` = 'category_wise_sales_report';
UPDATE `language` SET `english` = 'CC Rating'
WHERE `phrase` = 'cc_rating';
UPDATE `language` SET `english` = 'Chairman'
WHERE `phrase` = 'chairman';
UPDATE `language` SET `english` = 'Chalan No'
WHERE `phrase` = 'chalan_no';
UPDATE `language` SET `english` = 'Change Password'
WHERE `phrase` = 'change_password';
UPDATE `language` SET `english` = 'Change your information'
WHERE `phrase` = 'change_your_information';
UPDATE `language` SET `english` = 'Change your profile'
WHERE `phrase` = 'change_your_profile';
UPDATE `language` SET `english` = 'Charge'
WHERE `phrase` = 'charge';
UPDATE `language` SET `english` = 'Checked By'
WHERE `phrase` = 'checked_by';
UPDATE `language` SET `english` = 'Check In'
WHERE `phrase` = 'checkin';
UPDATE `language` SET `english` = 'Checklist Name'
WHERE `phrase` = 'checklist_name';
UPDATE `language` SET `english` = 'Check Out'
WHERE `phrase` = 'checkout';
UPDATE `language` SET `english` = 'Check In'
WHERE `phrase` = 'check_in';
UPDATE `language` SET `english` = 'Check Return'
WHERE `phrase` = 'check_return';
UPDATE `language` SET `english` = 'Cheque'
WHERE `phrase` = 'cheque';
UPDATE `language` SET `english` = 'Cheque amount adjusted.'
WHERE `phrase` = 'cheque_ammount_asjusted';
UPDATE `language` SET `english` = 'Cheque Manager'
WHERE `phrase` = 'cheque_manager';
UPDATE `language` SET `english` = 'Cheque No'
WHERE `phrase` = 'cheque_no';
UPDATE `language` SET `english` = 'Cheque/Pay Order No'
WHERE `phrase` = 'cheque_or_pay_order_no';
UPDATE `language` SET `english` = 'Select Transaction'
WHERE `phrase` = 'choose_transaction';
INSERT INTO `supplier_product` (`product_id`, `supplier_id`, `supplier_price`, `products_model`) VALUES ('78737995', '2Q4FSYPZHLENGUWED4H8', '200', 'K-1025');
INSERT INTO `product_information` (`product_id`, `product_name`, `category_id`, `unit`, `tax`, `serial_no`, `minimum_stock`, `reorder_level`, `product_location`, `global_markup`, `individual_markup`, `notes`, `price`, `product_model`, `product_details`, `image`, `status`) VALUES ('78737995', 'Keyboard', '2VGB4K5NTR21BC5', 'Piece', 0, 'K-1025', '', '', '', '', '', '', '250', 'K-1025', 'aas', 'http://localhost/bdtask/garegmanagement/my-assets/image/product.png', 1);
INSERT INTO `product_purchase` (`purchase_id`, `chalan_no`, `supplier_id`, `grand_total_amount`, `total_discount`, `purchase_date`, `purchase_details`, `status`) VALUES ('20190804091457', '159159', '2Q4FSYPZHLENGUWED4H8', '4800.00', NULL, '2019-08-04', '', 1);
INSERT INTO `acc_transaction` (`VNo`, `Vtype`, `VDate`, `COAID`, `Narration`, `Debit`, `Credit`, `IsPosted`, `CreateBy`, `CreateDate`, `IsAppove`) VALUES ('20190804091457', 'Purchase', '2019-08-04', 10107, 'Inventory Debit For Purchase No20190804091457', '4800.00', 0, 1, '1', '2019-08-04 09:14:57', 1);
INSERT INTO `acc_transaction` (`VNo`, `Vtype`, `VDate`, `COAID`, `Narration`, `Debit`, `Credit`, `IsPosted`, `CreateBy`, `CreateDate`, `IsAppove`) VALUES ('20190804091457', 'Purchase', '2019-08-04', NULL, 'Purchase No.20190804091457', 0, '4800.00', 1, '1', '2019-08-04', 1);
DELETE FROM `acc_coa`
WHERE `HeadName` = '2Q4FSYPZHLENGUWED4H8-BMW';
DELETE FROM `supplier_information`
WHERE `supplier_id` = '2Q4FSYPZHLENGUWED4H8';
DELETE FROM `supplier_ledger`
WHERE `supplier_id` = '2Q4FSYPZHLENGUWED4H8';
DELETE FROM `transection`
WHERE `relation_id` = '2Q4FSYPZHLENGUWED4H8';
INSERT INTO `supplier_information` (`supplier_id`, `supplier_name`, `address`, `phone`, `mobile`, `email`, `website`, `notification`, `payment_method`, `order_by`, `status`) VALUES ('CSBNKKVDQK8DJ77ALHJI', 'BMW', '', '546546546', '54654654', 'bmw@gmail.com', 'bmw.com', 'sms,email', 'cash', 'phone', 1);
INSERT INTO `acc_coa` (`HeadCode`, `HeadName`, `PHeadName`, `HeadLevel`, `IsActive`, `IsTransaction`, `IsGL`, `HeadType`, `IsBudget`, `IsDepreciation`, `DepreciationRate`, `CreateBy`, `CreateDate`) VALUES (5020200011, 'CSBNKKVDQK8DJ77ALHJI-BMW', 'Account Payable', '3', '1', '1', '0', 'L', '0', '0', '0', '1', '2019-08-04 09:20:50');
INSERT INTO `supplier_ledger` (`transaction_id`, `supplier_id`, `chalan_no`, `deposit_no`, `amount`, `description`, `payment_type`, `cheque_no`, `date`, `status`, `d_c`) VALUES ('RPTG5M68EC', 'CSBNKKVDQK8DJ77ALHJI', 'Adjustment ', NULL, 0, 'Previous adjustment with software', 'NA', 'NA', '2019-08-04', 1, 'c');
INSERT INTO `supplier_product` (`product_id`, `supplier_id`, `supplier_price`, `products_model`) VALUES ('79543814', 'CSBNKKVDQK8DJ77ALHJI', '4500', 'SM-1001');
INSERT INTO `product_information` (`product_id`, `product_name`, `category_id`, `unit`, `tax`, `serial_no`, `minimum_stock`, `reorder_level`, `product_location`, `global_markup`, `individual_markup`, `notes`, `price`, `product_model`, `product_details`, `image`, `status`) VALUES ('79543814', 'Samsung Monitor', '2VGB4K5NTR21BC5', 'Piece', 0, 'SM-1001', '', '', '', '', '', '', '5000', 'SM-1001', '', 'http://localhost/bdtask/garegmanagement/my-assets/image/product.png', 1);
INSERT INTO `supplier_product` (`product_id`, `supplier_id`, `supplier_price`, `products_model`) VALUES ('56496831', 'CSBNKKVDQK8DJ77ALHJI', '220', 'M-12562');
INSERT INTO `product_information` (`product_id`, `product_name`, `category_id`, `unit`, `tax`, `serial_no`, `minimum_stock`, `reorder_level`, `product_location`, `global_markup`, `individual_markup`, `notes`, `price`, `product_model`, `product_details`, `image`, `status`) VALUES ('56496831', 'Mouse', '2VGB4K5NTR21BC5', 'Piece', 0, 'M-12562', '', '', '', '', '', '', '250', 'M-12562', '', 'http://localhost/bdtask/garegmanagement/my-assets/image/product.png', 1);
INSERT INTO `product_purchase` (`purchase_id`, `chalan_no`, `supplier_id`, `grand_total_amount`, `total_discount`, `purchase_date`, `purchase_details`, `status`) VALUES ('20190804093206', '159159', 'CSBNKKVDQK8DJ77ALHJI', '93300.00', NULL, '2019-08-04', 'demo', 1);
INSERT INTO `acc_transaction` (`VNo`, `Vtype`, `VDate`, `COAID`, `Narration`, `Debit`, `Credit`, `IsPosted`, `CreateBy`, `CreateDate`, `IsAppove`) VALUES ('20190804093206', 'Purchase', '2019-08-04', 10107, 'Inventory Debit For Purchase No20190804093206', '93300.00', 0, 1, '1', '2019-08-04 09:32:06', 1);
INSERT INTO `acc_transaction` (`VNo`, `Vtype`, `VDate`, `COAID`, `Narration`, `Debit`, `Credit`, `IsPosted`, `CreateBy`, `CreateDate`, `IsAppove`) VALUES ('20190804093206', 'Purchase', '2019-08-04', '5020200011', 'Purchase No.20190804093206', 0, '93300.00', 1, '1', '2019-08-04', 1);
INSERT INTO `supplier_ledger` (`transaction_id`, `chalan_no`, `supplier_id`, `amount`, `date`, `description`, `status`, `d_c`) VALUES ('20190804093206', '159159', 'CSBNKKVDQK8DJ77ALHJI', '93300.00', '2019-08-04', 'demo', 1, 'c');
INSERT INTO `product_purchase_details` (`purchase_detail_id`, `purchase_id`, `product_id`, `quantity`, `rate`, `total_amount`, `discount`, `status`) VALUES ('KzvIcgjgOnXVNFy', '20190804093206', '56496831', '15', '220', '3300.00', NULL, 1);
INSERT INTO `product_purchase_details` (`purchase_detail_id`, `purchase_id`, `product_id`, `quantity`, `rate`, `total_amount`, `discount`, `status`) VALUES ('QsalTi3786Dum1k', '20190804093206', '79543814', '20', '4500', '90000.00', NULL, 1);
INSERT INTO `supplier_ledger` (`transaction_id`, `supplier_id`, `chalan_no`, `date`, `description`, `amount`, `status`) VALUES ('20190804093206', 'CSBNKKVDQK8DJ77ALHJI', '7DNK9ROJBO', '2019-08-04', 'Return', -13940, 1);
INSERT INTO `product_purchase_details` (`purchase_detail_id`, `purchase_id`, `product_id`, `quantity`, `rate`, `discount`, `total_amount`, `status`) VALUES ('KzvIcgjgOnXVNFy', '20190804093206', '56496831', -2, '220.00', 0, -440, 1);
INSERT INTO `product_return` (`return_id`, `purchase_id`, `product_id`, `supplier_id`, `ret_qty`, `byy_qty`, `date_purchase`, `date_return`, `product_rate`, `deduction`, `total_deduct`, `total_ret_amount`, `net_total_amount`, `reason`, `usablity`) VALUES ('534779849533974', '20190804093206', '56496831', 'CSBNKKVDQK8DJ77ALHJI', '2', '15.00', '2019-08-04', '2019-08-04', '220.00', '', '0.00', '440', '13940.00', '', '2');
INSERT INTO `product_purchase_details` (`purchase_detail_id`, `purchase_id`, `product_id`, `quantity`, `rate`, `discount`, `total_amount`, `status`) VALUES ('QsalTi3786Dum1k', '20190804093206', '79543814', -3, '4500.00', 0, -13500, 1);
INSERT INTO `product_return` (`return_id`, `purchase_id`, `product_id`, `supplier_id`, `ret_qty`, `byy_qty`, `date_purchase`, `date_return`, `product_rate`, `deduction`, `total_deduct`, `total_ret_amount`, `net_total_amount`, `reason`, `usablity`) VALUES ('558986427548556', '20190804093206', '79543814', 'CSBNKKVDQK8DJ77ALHJI', '3', '20.00', '2019-08-04', '2019-08-04', '4500.00', '', '0.00', '13500', '13940.00', '', '2');
INSERT INTO `credit_note_tbl` (`credit_note_no`, `date`, `supplier_id`, `chalan_no`, `purchase_id`, `amount`, `created_by`, `created_date`) VALUES ('222', '2019-08-04', 'CSBNKKVDQK8DJ77ALHJI', '20190804093206', '20190804093206', '13940', '1', '2019-08-04 13:43:19');
INSERT INTO `supplier_ledger` (`transaction_id`, `chalan_no`, `supplier_id`, `amount`, `date`, `description`, `status`, `d_c`) VALUES ('20190804093206', '20190804093206', 'CSBNKKVDQK8DJ77ALHJI', '13940', '2019-08-04', 'Supplier Credit Note', 1, 'c');
INSERT INTO `acc_transaction` (`VNo`, `Vtype`, `VDate`, `COAID`, `Narration`, `Debit`, `Credit`, `IsPosted`, `CreateBy`, `CreateDate`, `IsAppove`) VALUES ('20190804093206', 'Supplier Credit Note', '2019-08-04', '5020200011', 'Supplier Credit For Voucher no 20190804093206 For CSBNKKVDQK8DJ77ALHJI-BMW', 0, '13940', 1, '1', '2019-08-04 13:43:19', 1);
UPDATE `supplier_information` SET `supplier_name` = 'BMW', `address` = 'canada', `phone` = '546546546', `mobile` = '54654654', `email` = 'bmw@gmail.com', `website` = 'bmw.com', `notification` = 'sms,email', `payment_method` = 'cash', `order_by` = 'phone', `status` = 1
WHERE `supplier_id` = 'CSBNKKVDQK8DJ77ALHJI';
UPDATE `acc_coa` SET `HeadName` = 'CSBNKKVDQK8DJ77ALHJI-BMW'
WHERE `HeadName` = 'CSBNKKVDQK8DJ77ALHJI-BMW';
UPDATE `supplier_information` SET `supplier_name` = 'BMW', `address` = 'canada', `phone` = '546546546', `mobile` = '54654654', `email` = 'bmw@gmail.com', `website` = 'bmw.com', `notification` = 'sms,email', `payment_method` = 'cash', `order_by` = 'phone', `status` = 1
WHERE `supplier_id` = 'CSBNKKVDQK8DJ77ALHJI';
UPDATE `acc_coa` SET `HeadName` = 'CSBNKKVDQK8DJ77ALHJI-BMW'
WHERE `HeadName` = 'CSBNKKVDQK8DJ77ALHJI-BMW';
UPDATE `supplier_information` SET `supplier_name` = 'BMW', `address` = 'ad', `phone` = '546546546', `mobile` = '54654654', `email` = 'bmw@gmail.com', `website` = 'bmw.com', `notification` = 'sms,email', `payment_method` = 'cash', `order_by` = 'phone', `status` = 1
WHERE `supplier_id` = 'CSBNKKVDQK8DJ77ALHJI';
UPDATE `acc_coa` SET `HeadName` = 'CSBNKKVDQK8DJ77ALHJI-BMW'
WHERE `HeadName` = 'CSBNKKVDQK8DJ77ALHJI-BMW';
UPDATE `supplier_information` SET `supplier_name` = 'BMW', `address` = 'canada', `phone` = '546546546', `mobile` = '54654654', `email` = 'bmw@gmail.com', `website` = 'bmw.com', `notification` = 'sms,email', `payment_method` = 'cash', `order_by` = 'phone', `status` = 1
WHERE `supplier_id` = 'CSBNKKVDQK8DJ77ALHJI';
UPDATE `acc_coa` SET `HeadName` = 'CSBNKKVDQK8DJ77ALHJI-BMW'
WHERE `HeadName` = 'CSBNKKVDQK8DJ77ALHJI-BMW';
UPDATE `supplier_information` SET `supplier_name` = 'BMW', `address` = 'canada', `phone` = '546546546', `mobile` = '54654654', `email` = 'bmw@gmail.com', `website` = 'bmw.com', `notification` = 'sms,email', `payment_method` = 'cash', `order_by` = 'phone', `status` = 1
WHERE `supplier_id` = 'CSBNKKVDQK8DJ77ALHJI';
UPDATE `acc_coa` SET `HeadName` = 'CSBNKKVDQK8DJ77ALHJI-BMW'
WHERE `HeadName` = 'CSBNKKVDQK8DJ77ALHJI-BMW';
UPDATE `supplier_information` SET `supplier_name` = 'BMW', `address` = 'Canada', `phone` = '546546546', `mobile` = '54654654', `email` = 'bmw@gmail.com', `website` = 'bmw.com', `notification` = 'sms,email', `payment_method` = 'cash', `order_by` = 'phone', `status` = 1
WHERE `supplier_id` = 'CSBNKKVDQK8DJ77ALHJI';
UPDATE `acc_coa` SET `HeadName` = 'CSBNKKVDQK8DJ77ALHJI-BMW'
WHERE `HeadName` = 'CSBNKKVDQK8DJ77ALHJI-BMW';
UPDATE `supplier_information` SET `supplier_name` = 'BMW', `address` = 'Canada', `phone` = '546546546', `mobile` = '54654654', `email` = 'bmw@gmail.com', `website` = 'bmw.com', `notification` = 'sms,email,post', `payment_method` = 'internet', `order_by` = 'phone', `status` = 1
WHERE `supplier_id` = 'CSBNKKVDQK8DJ77ALHJI';
UPDATE `acc_coa` SET `HeadName` = 'CSBNKKVDQK8DJ77ALHJI-BMW'
WHERE `HeadName` = 'CSBNKKVDQK8DJ77ALHJI-BMW';
INSERT INTO `supplier_product` (`product_id`, `supplier_id`, `supplier_price`, `products_model`) VALUES ('98394945', 'CSBNKKVDQK8DJ77ALHJI', '420', '16 gb');
INSERT INTO `supplier_product` (`product_id`, `supplier_id`, `supplier_price`, `products_model`) VALUES ('98394945', '7HTL2OJ9NYMZAC5ZHAMH', '410', '16 gb');
INSERT INTO `product_information` (`product_id`, `product_name`, `category_id`, `unit`, `tax`, `serial_no`, `minimum_stock`, `reorder_level`, `product_location`, `global_markup`, `individual_markup`, `notes`, `price`, `product_model`, `product_details`, `image`, `status`) VALUES ('98394945', 'Pendrive', '2VGB4K5NTR21BC5', 'Piece', 0, '2525', '', '', '', '', '', '', '450', '16 gb', '16 pendrive ', 'http://localhost/bdtask/garegmanagement/my-assets/image/product.png', 1);
DELETE FROM `supplier_product`
WHERE `product_id` = '98394945';
DELETE FROM `supplier_product`
WHERE `product_id` = '98394945';
INSERT INTO `supplier_product` (`product_id`, `supplier_id`, `supplier_price`) VALUES ('98394945', 'CSBNKKVDQK8DJ77ALHJI', '420');
INSERT INTO `supplier_product` (`product_id`, `supplier_id`, `supplier_price`) VALUES ('98394945', '7HTL2OJ9NYMZAC5ZHAMH', '410');
UPDATE `product_information` SET `product_name` = 'Pendrive', `category_id` = '2VGB4K5NTR21BC5', `price` = '450', `serial_no` = '2525', `product_model` = '16 gb', `product_details` = '16 pendrive ', `unit` = 'Piece', `tax` = '', `minimum_stock` = '12', `re_order_level` = '5', `product_location` = '8', `global_markup` = '9', `individual_markup` = '55', `notes` = 'zxcv', `image` = 'http://localhost/bdtask/garegmanagement/my-assets/image/product.png'
WHERE `product_id` = '98394945';
DELETE FROM `supplier_product`
WHERE `product_id` = '98394945';
INSERT INTO `supplier_product` (`product_id`, `supplier_id`, `supplier_price`) VALUES ('98394945', 'CSBNKKVDQK8DJ77ALHJI', '420');
INSERT INTO `supplier_product` (`product_id`, `supplier_id`, `supplier_price`) VALUES ('98394945', '7HTL2OJ9NYMZAC5ZHAMH', '410');
UPDATE `product_information` SET `product_name` = 'Pendrive', `category_id` = '2VGB4K5NTR21BC5', `price` = '450', `serial_no` = '2525', `product_model` = '16 gb', `product_details` = '16 pendrive ', `unit` = 'Piece', `tax` = '', `minimum_stock` = '12', `reorder_level` = '5', `product_location` = '8', `global_markup` = '9', `individual_markup` = '55', `notes` = 'zxcv', `image` = 'http://localhost/bdtask/garegmanagement/my-assets/image/product.png'
WHERE `product_id` = '98394945';
DELETE FROM `supplier_product`
WHERE `product_id` = '98394945';
INSERT INTO `supplier_product` (`product_id`, `supplier_id`, `supplier_price`) VALUES ('98394945', 'CSBNKKVDQK8DJ77ALHJI', '420');
INSERT INTO `supplier_product` (`product_id`, `supplier_id`, `supplier_price`) VALUES ('98394945', '7HTL2OJ9NYMZAC5ZHAMH', '410');
UPDATE `product_information` SET `product_name` = 'Pendrive', `category_id` = '2VGB4K5NTR21BC5', `price` = '450', `serial_no` = '2525', `product_model` = '16 gb', `product_details` = '16 pendrive ', `unit` = 'Piece', `tax` = '5', `minimum_stock` = '12', `reorder_level` = '5', `product_location` = '8', `global_markup` = '9', `individual_markup` = '55', `notes` = 'zxcv', `image` = 'http://localhost/bdtask/garegmanagement/my-assets/image/product.png'
WHERE `product_id` = '98394945';
DELETE FROM `supplier_product`
WHERE `product_id` = '98394945';
INSERT INTO `supplier_product` (`product_id`, `supplier_id`, `supplier_price`) VALUES ('98394945', 'CSBNKKVDQK8DJ77ALHJI', '420');
INSERT INTO `supplier_product` (`product_id`, `supplier_id`, `supplier_price`) VALUES ('98394945', '7HTL2OJ9NYMZAC5ZHAMH', '410');
UPDATE `product_information` SET `product_name` = 'Pendrive', `category_id` = '2VGB4K5NTR21BC5', `price` = '450', `serial_no` = '2525', `product_model` = '16 gb', `product_details` = '16 pendrive ', `unit` = 'KG', `tax` = '', `minimum_stock` = '12', `reorder_level` = '5', `product_location` = '8', `global_markup` = '9', `individual_markup` = '55', `notes` = 'zxcv', `image` = 'http://localhost/bdtask/garegmanagement/my-assets/image/product.png'
WHERE `product_id` = '98394945';
DELETE FROM `supplier_product`
WHERE `product_id` = '98394945';
INSERT INTO `supplier_product` (`product_id`, `supplier_id`, `supplier_price`) VALUES ('98394945', 'CSBNKKVDQK8DJ77ALHJI', '420');
INSERT INTO `supplier_product` (`product_id`, `supplier_id`, `supplier_price`) VALUES ('98394945', '7HTL2OJ9NYMZAC5ZHAMH', '410');
UPDATE `product_information` SET `product_name` = 'Pendrive', `category_id` = '2VGB4K5NTR21BC5', `price` = '450', `serial_no` = '2525', `product_model` = '16 gb', `product_details` = '16 pendrive ', `unit` = 'Piece', `tax` = '5', `minimum_stock` = '12', `reorder_level` = '5', `product_location` = '8', `global_markup` = '9', `individual_markup` = '55', `notes` = 'zxcv', `image` = 'http://localhost/bdtask/garegmanagement/my-assets/image/product.png'
WHERE `product_id` = '98394945';
UPDATE `web_setting` SET `logo` = 'http://softest8.bdtask.com/garagemanagement/./my-assets/image/logo/8d6b2f6b33a60824118e6a79dca67e25.png', `invoice_logo` = 'http://softest8.bdtask.com/garagemanagement/./my-assets/image/logo/cbd95caa8207c9d56cc3246a71b54872.JPG', `favicon` = 'http://softest8.bdtask.com/garagemanagement/my-assets/image/logo/703010c615dd612d7f5742e2eb8165fe.png', `currency` = '$', `currency_position` = '0', `footer_text` = 'Copyright 2018-2019 bdtask. All rights reserved.', `language` = 'english', `rtr` = '0', `timezone` = 'Asia/Dhaka', `captcha` = '0', `site_key` = '', `secret_key` = '', `discount_type` = '1'
WHERE `setting_id` = 1;
INSERT INTO `language` (`phrase`) VALUES ('stock_adjustment');
INSERT INTO `language` (`phrase`) VALUES ('adjustment_type');
UPDATE `language` SET `english` = 'Add Job Category'
WHERE `phrase` = 'add_job_category';
UPDATE `language` SET `english` = 'Add Job Order'
WHERE `phrase` = 'add_job_order';
UPDATE `language` SET `english` = 'Add Jobs Types'
WHERE `phrase` = 'add_job_type';
UPDATE `language` SET `english` = 'Add Loan'
WHERE `phrase` = 'add_loan';
UPDATE `language` SET `english` = 'Add Menu'
WHERE `phrase` = 'add_menu';
UPDATE `language` SET `english` = 'Add Module'
WHERE `phrase` = 'add_module';
UPDATE `language` SET `english` = 'Add More'
WHERE `phrase` = 'add_more';
UPDATE `language` SET `english` = 'Add New Bank'
WHERE `phrase` = 'add_new_bank';
UPDATE `language` SET `english` = 'Add New Bank'
WHERE `phrase` = 'add_new_bank';
UPDATE `language` SET `english` = 'Add new category'
WHERE `phrase` = 'add_new_category';
UPDATE `language` SET `english` = 'Add new customer'
WHERE `phrase` = 'add_new_customer';
UPDATE `language` SET `english` = 'Add New Expense'
WHERE `phrase` = 'add_new_expense';
UPDATE `language` SET `english` = 'Add New Income'
WHERE `phrase` = 'add_new_income';
UPDATE `language` SET `english` = 'Add New Sale'
WHERE `phrase` = 'add_new_invoice';
UPDATE `language` SET `english` = 'Add New Item'
WHERE `phrase` = 'add_new_item';
UPDATE `language` SET `english` = 'Add new pos Sale'
WHERE `phrase` = 'add_new_pos_invoice';
UPDATE `language` SET `english` = 'Add new product'
WHERE `phrase` = 'add_new_product';
UPDATE `language` SET `english` = 'Add new purchase'
WHERE `phrase` = 'add_new_purchase';
UPDATE `language` SET `english` = 'Add New Supplier'
WHERE `phrase` = 'add_new_supplier';
UPDATE `language` SET `english` = 'Add new tax'
WHERE `phrase` = 'add_new_tax';
UPDATE `language` SET `english` = 'Add New Unit'
WHERE `phrase` = 'add_new_unit';
UPDATE `language` SET `english` = 'Add new user information'
WHERE `phrase` = 'add_new_user_information';
UPDATE `language` SET `english` = 'Add New Vehicles'
WHERE `phrase` = 'add_new_vehicles';
UPDATE `language` SET `english` = 'Add Payment'
WHERE `phrase` = 'add_payment';
UPDATE `language` SET `english` = 'Payroll'
WHERE `phrase` = 'add_payroll';
UPDATE `language` SET `english` = 'Add Person'
WHERE `phrase` = 'add_person';
UPDATE `language` SET `english` = 'Add Product'
WHERE `phrase` = 'add_product';
UPDATE `language` SET `english` = 'Add Product (CSV)'
WHERE `phrase` = 'add_product_csv';
UPDATE `language` SET `english` = 'Add Purchase'
WHERE `phrase` = 'add_purchase';
UPDATE `language` SET `english` = 'Add Quotation'
WHERE `phrase` = 'add_quotation';
UPDATE `language` SET `english` = 'Add Receipt'
WHERE `phrase` = 'add_receipt';
UPDATE `language` SET `english` = 'Add Return'
WHERE `phrase` = 'add_return';
UPDATE `language` SET `english` = 'Add Role'
WHERE `phrase` = 'add_role';
UPDATE `language` SET `english` = 'Add Salary Setup'
WHERE `phrase` = 'add_salary_setup';
UPDATE `language` SET `english` = 'Add Service'
WHERE `phrase` = 'add_service';
UPDATE `language` SET `english` = 'Add Supplier'
WHERE `phrase` = 'add_supplier';
UPDATE `language` SET `english` = 'Add Tax'
WHERE `phrase` = 'add_tax';
UPDATE `language` SET `english` = 'Add Unit'
WHERE `phrase` = 'add_unit';
UPDATE `language` SET `english` = 'Add User'
WHERE `phrase` = 'add_user';
UPDATE `language` SET `english` = 'Add Vehicles'
WHERE `phrase` = 'add_vehicle';
UPDATE `language` SET `english` = 'Adjust With Stock'
WHERE `phrase` = 'adjs_with_stck';
UPDATE `language` SET `english` = 'Adjustment'
WHERE `phrase` = 'adjustment';
UPDATE `language` SET `english` = 'Adjustment Type'
WHERE `phrase` = 'adjustment_type';
UPDATE `language` SET `english` = 'Admin'
WHERE `phrase` = 'admin';
UPDATE `language` SET `english` = 'Admin Login Area'
WHERE `phrase` = 'admin_login_area';
UPDATE `language` SET `english` = 'Alert Via'
WHERE `phrase` = 'alert_via';
UPDATE `language` SET `english` = 'All'
WHERE `phrase` = 'all';
UPDATE `language` SET `english` = 'All Best Sales Products'
WHERE `phrase` = 'all_best_sales_product';
UPDATE `language` SET `english` = 'All Stock Report'
WHERE `phrase` = 'all_stock_report';
UPDATE `language` SET `english` = 'Stock Report (Suppler Wise)'
WHERE `phrase` = 'all_stock_report_supplier_wise';
UPDATE `language` SET `english` = 'Service Edit'
WHERE `phrase` = 'service_edit';
UPDATE `language` SET `english` = 'Service Id'
WHERE `phrase` = 'service_id';
UPDATE `language` SET `english` = 'Service Invoice'
WHERE `phrase` = 'service_invoice';
UPDATE `language` SET `english` = 'Service Name'
WHERE `phrase` = 'service_name';
UPDATE `language` SET `english` = 'Service Rate'
WHERE `phrase` = 'service_rate';
UPDATE `language` SET `english` = 'Service Reminder'
WHERE `phrase` = 'service_reminder';
UPDATE `language` SET `english` = 'Service Type'
WHERE `phrase` = 'service_type';
UPDATE `language` SET `english` = 'Set'
WHERE `phrase` = 'set';
UPDATE `language` SET `english` = 'Setting'
WHERE `phrase` = 'setting';
UPDATE `language` SET `english` = 'Bank'
WHERE `phrase` = 'settings';
UPDATE `language` SET `english` = 'Setup'
WHERE `phrase` = 'setup';
UPDATE `language` SET `english` = 'Setup Tax'
WHERE `phrase` = 'setup_tax';
UPDATE `language` SET `english` = 'Set Default Terms'
WHERE `phrase` = 'set_default_terms';
UPDATE `language` SET `english` = 'Shedule'
WHERE `phrase` = 'shedule';
UPDATE `language` SET `english` = 'Shipping Cost'
WHERE `phrase` = 'shipping_cost';
UPDATE `language` SET `english` = 'Shipping Cost Report'
WHERE `phrase` = 'shipping_cost_report';
UPDATE `language` SET `english` = 'Show Vehicle Info'
WHERE `phrase` = 'show_hide_status';
UPDATE `language` SET `english` = 'Show Job Information'
WHERE `phrase` = 'show_job_information';
UPDATE `language` SET `english` = 'Signature'
WHERE `phrase` = 'signature';
UPDATE `language` SET `english` = 'Signature Picture'
WHERE `phrase` = 'signature_pic';
UPDATE `language` SET `english` = 'Sign In'
WHERE `phrase` = 'sign_in';
UPDATE `language` SET `english` = 'Sign Out'
WHERE `phrase` = 'sign_out';
UPDATE `language` SET `english` = 'Single Check In'
WHERE `phrase` = 'single_checkin';
UPDATE `language` SET `english` = 'Captcha Site Key'
WHERE `phrase` = 'site_key';
UPDATE `language` SET `english` = 'Size'
WHERE `phrase` = 'size';
UPDATE `language` SET `english` = 'SL.'
WHERE `phrase` = 'sl';
UPDATE `language` SET `english` = 'Sl No'
WHERE `phrase` = 'sl_no';
UPDATE `language` SET `english` = 'SMS'
WHERE `phrase` = 'sms';
UPDATE `language` SET `english` = 'SMS Configure'
WHERE `phrase` = 'sms_configure';
UPDATE `language` SET `english` = 'Sold By'
WHERE `phrase` = 'sold_by';
UPDATE `language` SET `english` = 'Sold Qty'
WHERE `phrase` = 'sold_qty';
UPDATE `language` SET `english` = 'Standard Timing'
WHERE `phrase` = 'standard_timing';
UPDATE `language` SET `english` = 'Start Datetime'
WHERE `phrase` = 'starting_datetime';
UPDATE `language` SET `english` = 'Start Amount'
WHERE `phrase` = 'start_amount';
UPDATE `language` SET `english` = 'Start Date'
WHERE `phrase` = 'start_date';
UPDATE `language` SET `english` = 'Statement of Comprehensive Income'
WHERE `phrase` = 'statement_of_comprehensive_income';
UPDATE `language` SET `english` = 'Status'
WHERE `phrase` = 'status';
UPDATE `language` SET `english` = 'Stay Time'
WHERE `phrase` = 'stay';
UPDATE `language` SET `english` = 'Stock'
WHERE `phrase` = 'stock';
UPDATE `language` SET `english` = 'Stock Adjustment'
WHERE `phrase` = 'stock_adjustment';
UPDATE `language` SET `english` = 'Stock Cartoon'
WHERE `phrase` = 'stock_cartoon';
UPDATE `language` SET `english` = 'Stock/Qnt'
WHERE `phrase` = 'stock_ctn';
UPDATE `language` SET `english` = 'Stock Date'
WHERE `phrase` = 'stock_date';
UPDATE `language` SET `english` = 'Stock Purchase Price'
WHERE `phrase` = 'stock_purchase';
UPDATE `language` SET `english` = 'Stock Report'
WHERE `phrase` = 'stock_report';
UPDATE `language` SET `english` = 'Stock Report (Product Wise)'
WHERE `phrase` = 'stock_report_product_wise';
UPDATE `language` SET `english` = 'Stock Report (Supplier Wise)'
WHERE `phrase` = 'stock_report_supplier_wise';
UPDATE `language` SET `english` = 'Stock Return'
WHERE `phrase` = 'stock_return';
UPDATE `language` SET `english` = 'Stock Return List'
WHERE `phrase` = 'stock_return_list';
UPDATE `language` SET `english` = 'Stock Sale Price'
WHERE `phrase` = 'stock_sale';
INSERT INTO `stock_adjustment` (`adjustment_id`, `adjustment_type`, `date`, `details`, `grand_total`, `created_by`, `created_date`) VALUES ('ADJB65KL3TJP', '1', '2019-08-07', '', '0.00', '1', '2019-08-07 07:49:45');
INSERT INTO `stock_adjustment` (`adjustment_id`, `adjustment_type`, `date`, `details`, `grand_total`, `created_by`, `created_date`) VALUES ('ADQRQW8GD8HL', '1', '2019-08-07', 'demo', '500.00', '1', '2019-08-07 07:50:26');
INSERT INTO `quotation` (`quotation_id`, `customer_id`, `vehicle_reg`, `quotdate`, `totalamount`, `quot_no`, `create_by`, `quot_description`, `status`, `terms`, `cust_show`, `dis_per`, `total_discount`) VALUES ('ZSUUN866MPJY1AQ', 'PBYX89KNGFCAUPP', '', '2019-08-07', '20500.00', '1003', 'PBYX89KNGFCAUPP', 'demo demo', 1, NULL, 0, '', '0.00');
INSERT INTO `quot_labour_used` (`quot_id`, `job_type_id`, `rate`, `note`) VALUES ('ZSUUN866MPJY1AQ', '33', '500', 'asdf');
INSERT INTO `quot_products_used` (`quot_id`, `product_id`, `rate`, `used_qty`) VALUES ('ZSUUN866MPJY1AQ', '97342595', '10000', '2');
INSERT INTO `quotation` (`quotation_id`, `customer_id`, `vehicle_reg`, `quotdate`, `totalamount`, `quot_no`, `create_by`, `quot_description`, `status`, `terms`, `cust_show`, `dis_per`, `total_discount`) VALUES ('EK37LOV51TCC812', 'PBYX89KNGFCAUPP', '', '2019-08-07', '5220.00', '1004', 'PBYX89KNGFCAUPP', '', 2, NULL, 1, '', '0.00');
INSERT INTO `quot_labour_used` (`quot_id`, `job_type_id`, `rate`, `note`) VALUES ('EK37LOV51TCC812', '40', '30', '5');
INSERT INTO `quot_labour_used` (`quot_id`, `job_type_id`, `rate`, `note`) VALUES ('EK37LOV51TCC812', '15', '90', '2');
INSERT INTO `quot_products_used` (`quot_id`, `product_id`, `rate`, `used_qty`) VALUES ('EK37LOV51TCC812', '8801962686354', '25', '4');
INSERT INTO `quot_products_used` (`quot_id`, `product_id`, `rate`, `used_qty`) VALUES ('EK37LOV51TCC812', '79543814', '5000', '1');
INSERT INTO `vehicle_information` (`customer_id`, `vehicle_registration`, `year`, `make`, `model`, `color`, `second_color`, `sub_model`, `body_style`, `vin`, `plate`, `engine_no`, `vehicle_type`, `seat`, `cc_rating`, `fuel_type`, `assembly_type`, `country_of_origin`, `gross_vehicle_mass`, `tyre_weight`, `wheelbase`, `axle`, `front_axle_rating`, `rear_axle_rating`, `create_by`, `create_date`) VALUES ('PBYX89KNGFCAUPP', 'JS-1010', '2010', '2010', '1595', 'red', 'green', '', '', 'V-56589', '', 'E-2585', '1', '', 'Rating', 'Petrol', 'test', '', '', '800', '', '', '', '', 'PBYX89KNGFCAUPP', '2019-08-07');
INSERT INTO `job` (`customer_id`, `work_order_no`, `vehicle_id`, `schedule_date_time`, `delivery_date_time`, `customer_ref`, `job_description`, `alert_via`, `create_by`, `create_date`, `status`) VALUES ('PBYX89KNGFCAUPP', '8-1565168207', '8', '2019-08-07 14:56', '2019-08-16 14:55', 'tanjil', '', 'sms', 'PBYX89KNGFCAUPP', '2019-08-07 10:57:23', 0);
INSERT INTO `job_details` (`job_id`, `job_type_id`, `assign_to`, `rate`, `client_notes`, `status`) VALUES (12, '33', 'MIQ898T8P6C1VID', '500', 'a', 0);
INSERT INTO `job_details` (`job_id`, `job_type_id`, `assign_to`, `rate`, `client_notes`, `status`) VALUES (12, '24', 'V3KOLUZ64G5BC4Q', '85', 'b', 0);
INSERT INTO `follow_ups` (`order_id`, `to_whom`, `date`, `note`, `v_reg`) VALUES ('8-1565168207', '1', '2019-08-07', 'asdf', 'JS-1010');
INSERT INTO `quotation` (`quotation_id`, `customer_id`, `vehicle_reg`, `quotdate`, `totalamount`, `quot_no`, `create_by`, `quot_description`, `status`, `terms`, `cust_show`, `dis_per`, `total_discount`) VALUES ('XO3LRHX8PGNQD9M', 'PBYX89KNGFCAUPP', 'JS-1010', '2019-08-07', '121060.00', '1005', 'PBYX89KNGFCAUPP', '', 2, NULL, 1, '', '0.00');
INSERT INTO `quot_labour_used` (`quot_id`, `job_type_id`, `rate`, `note`) VALUES ('XO3LRHX8PGNQD9M', '33', '500', '11');
INSERT INTO `quot_labour_used` (`quot_id`, `job_type_id`, `rate`, `note`) VALUES ('XO3LRHX8PGNQD9M', '18', '60', '15');
INSERT INTO `quot_products_used` (`quot_id`, `product_id`, `rate`, `used_qty`) VALUES ('XO3LRHX8PGNQD9M', '56496831', '250', '2');
INSERT INTO `quot_products_used` (`quot_id`, `product_id`, `rate`, `used_qty`) VALUES ('XO3LRHX8PGNQD9M', '98456876', '120000', '1');
INSERT INTO `employee_history` (`first_name`, `last_name`, `designation`, `phone`, `image`, `rate_type`, `email`, `hrate`, `address_line_1`, `address_line_2`, `blood_group`, `country`, `city`, `zip`, `user_id`) VALUES ('Alan', 'Ford', '1', '45456456', '', '2', 'alanford@gmail.com', '30000', '', '', '', '', '', '', 'XDG8P8VIGRE4FWF');
INSERT INTO `acc_coa` (`HeadCode`, `HeadName`, `PHeadName`, `HeadLevel`, `IsActive`, `IsTransaction`, `IsGL`, `HeadType`, `IsBudget`, `IsDepreciation`, `DepreciationRate`, `CreateBy`, `CreateDate`) VALUES (5020405, '5-AlanFord', 'Employee Ledger', '3', '1', '1', '0', 'L', '0', '0', '0', '1', '2019-08-07 14:02:29');
INSERT INTO `user_login` (`user_id`, `username`, `password`, `user_type`, `status`) VALUES ('XDG8P8VIGRE4FWF', 'alanford@gmail.com', '41d99b369894eb1ec3f461135132d8bb', '2', '1');
INSERT INTO `users` (`user_id`, `first_name`, `last_name`, `gender`, `date_of_birth`, `logo`, `status`) VALUES ('XDG8P8VIGRE4FWF', 'Alan', 'Ford', '', '', '', '1');
INSERT INTO `sec_userrole` (`user_id`, `roleid`, `createby`, `createdate`) VALUES ('XDG8P8VIGRE4FWF', 2, '1', '2019-08-07 14:02:29');
UPDATE `employee_history` SET `id` = '13', `first_name` = 'Alan', `last_name` = 'Ford', `designation` = '1', `phone` = '45456456', `image` = '', `rate_type` = '2', `email` = 'alanford@gmail.com', `hrate` = '30000', `address_line_1` = '', `address_line_2` = '', `blood_group` = '', `country` = '', `city` = '', `zip` = ''
WHERE `id` = '13';
UPDATE `acc_coa` SET `HeadName` = '13-AlanFord', `UpdateBy` = '1', `UpdateDate` = '2019-08-07 14:36:01'
WHERE `HeadName` = '13-AlanFord';
UPDATE `employee_history` SET `id` = '13', `first_name` = 'Alan', `last_name` = 'Ford', `designation` = '1', `phone` = '45456456', `image` = '', `rate_type` = '2', `email` = 'alanford@gmail.com', `hrate` = '30000', `address_line_1` = '', `address_line_2` = '', `blood_group` = '', `country` = '', `city` = '', `zip` = ''
WHERE `id` = '13';
UPDATE `acc_coa` SET `HeadName` = '13-AlanFord', `UpdateBy` = '1', `UpdateDate` = '2019-08-07 14:36:12'
WHERE `HeadName` = '13-AlanFord';
UPDATE `employee_history` SET `id` = '13', `first_name` = 'Alan', `last_name` = 'Ford', `designation` = '1', `phone` = '45456456', `image` = '', `rate_type` = '2', `email` = 'alanford@gmail.com', `hrate` = '30000', `address_line_1` = '', `address_line_2` = '', `blood_group` = '', `country` = '', `city` = '', `zip` = ''
WHERE `id` = '13';
UPDATE `acc_coa` SET `HeadName` = '13-AlanFord', `UpdateBy` = '1', `UpdateDate` = '2019-08-07 14:38:31'
WHERE `HeadName` = '13-AlanFord';
UPDATE `sec_userrole` SET `roleid` = 4, `createby` = '1', `createdate` = '2019-08-07 14:38:31'
WHERE `user_id` = 'XDG8P8VIGRE4FWF';
UPDATE `user_login` SET `username` = 'alanford@gmail.com', `password` = 'bbe587948a2490934834340b1b4c1643', `user_type` = '2', `status` = '1'
WHERE `user_id` = 'XDG8P8VIGRE4FWF';
UPDATE `users` SET `first_name` = 'Alan', `last_name` = 'Ford', `gender` = '', `date_of_birth` = '', `logo` = '', `status` = '1'
WHERE `user_id` = 'XDG8P8VIGRE4FWF';
UPDATE `employee_history` SET `id` = '13', `first_name` = 'Alan', `last_name` = 'Ford', `designation` = '1', `phone` = '45456456', `image` = '', `rate_type` = '2', `email` = 'alanford@gmail.com', `hrate` = '30000', `address_line_1` = '', `address_line_2` = '', `blood_group` = '', `country` = '', `city` = '', `zip` = ''
WHERE `id` = '13';
UPDATE `acc_coa` SET `HeadName` = '13-AlanFord', `UpdateBy` = '1', `UpdateDate` = '2019-08-07 14:38:52'
WHERE `HeadName` = '13-AlanFord';
UPDATE `employee_history` SET `id` = '13', `first_name` = 'Alan', `last_name` = 'Ford', `designation` = '1', `phone` = '45456456', `image` = '', `rate_type` = '2', `email` = 'alanford@gmail.com', `hrate` = '30000', `address_line_1` = '', `address_line_2` = '', `blood_group` = '', `country` = '', `city` = '', `zip` = ''
WHERE `id` = '13';
UPDATE `acc_coa` SET `HeadName` = '13-AlanFord', `UpdateBy` = '1', `UpdateDate` = '2019-08-07 14:39:05'
WHERE `HeadName` = '13-AlanFord';
UPDATE `sec_userrole` SET `roleid` = 4, `createby` = '1', `createdate` = '2019-08-07 14:39:05'
WHERE `user_id` = 'XDG8P8VIGRE4FWF';
UPDATE `user_login` SET `username` = 'alanford@gmail.com', `password` = 'bbe587948a2490934834340b1b4c1643', `user_type` = '2', `status` = '1'
WHERE `user_id` = 'XDG8P8VIGRE4FWF';
UPDATE `users` SET `first_name` = 'Alan', `last_name` = 'Ford', `gender` = '', `date_of_birth` = '', `logo` = '', `status` = '1'
WHERE `user_id` = 'XDG8P8VIGRE4FWF';
UPDATE `employee_history` SET `id` = '13', `first_name` = 'Alan', `last_name` = 'Ford', `designation` = '1', `phone` = '45456456', `image` = '', `rate_type` = '2', `email` = 'alanford@gmail.com', `hrate` = '30000', `address_line_1` = '', `address_line_2` = '', `blood_group` = '', `country` = '', `city` = '', `zip` = ''
WHERE `id` = '13';
UPDATE `acc_coa` SET `HeadName` = '13-AlanFord', `UpdateBy` = '1', `UpdateDate` = '2019-08-07 14:40:11'
WHERE `HeadName` = '13-AlanFord';
UPDATE `sec_userrole` SET `roleid` = 4, `createby` = '1', `createdate` = '2019-08-07 14:40:11'
WHERE `user_id` = 'XDG8P8VIGRE4FWF';
UPDATE `user_login` SET `username` = 'alanford@gmail.com', `password` = '41d99b369894eb1ec3f461135132d8bb', `user_type` = '2', `status` = '1'
WHERE `user_id` = 'XDG8P8VIGRE4FWF';
UPDATE `users` SET `first_name` = 'Alan', `last_name` = 'Ford', `gender` = '', `date_of_birth` = '', `logo` = '', `status` = '1'
WHERE `user_id` = 'XDG8P8VIGRE4FWF';
UPDATE `employee_history` SET `id` = '13', `first_name` = 'Alan', `last_name` = 'Ford', `designation` = '1', `phone` = '45456456', `image` = '', `rate_type` = '2', `email` = 'alanford@gmail.com', `hrate` = '30000', `address_line_1` = '', `address_line_2` = '', `blood_group` = '', `country` = '', `city` = '', `zip` = ''
WHERE `id` = '13';
UPDATE `acc_coa` SET `HeadName` = '13-AlanFord', `UpdateBy` = '1', `UpdateDate` = '2019-08-07 14:41:44'
WHERE `HeadName` = '13-AlanFord';
UPDATE `sec_userrole` SET `roleid` = 4, `createby` = '1', `createdate` = '2019-08-07 14:41:44'
WHERE `user_id` = 'XDG8P8VIGRE4FWF';
UPDATE `user_login` SET `username` = 'alanford@gmail.com', `password` = 'bbe587948a2490934834340b1b4c1643', `user_type` = '2', `status` = '1'
WHERE `user_id` = 'XDG8P8VIGRE4FWF';
UPDATE `users` SET `first_name` = 'Alan', `last_name` = 'Ford', `gender` = '', `date_of_birth` = '', `logo` = '', `status` = '1'
WHERE `user_id` = 'XDG8P8VIGRE4FWF';
UPDATE `employee_history` SET `id` = '13', `first_name` = 'Alan', `last_name` = 'Ford', `designation` = '1', `phone` = '45456456', `image` = '', `rate_type` = '2', `email` = 'alanford@gmail.com', `hrate` = '30000', `address_line_1` = '', `address_line_2` = '', `blood_group` = '', `country` = '', `city` = '', `zip` = ''
WHERE `id` = '13';
UPDATE `acc_coa` SET `HeadName` = '13-AlanFord', `UpdateBy` = '1', `UpdateDate` = '2019-08-07 14:46:37'
WHERE `HeadName` = '13-AlanFord';
UPDATE `sec_userrole` SET `roleid` = 4, `createby` = '1', `createdate` = '2019-08-07 14:46:37'
WHERE `user_id` = 'XDG8P8VIGRE4FWF';
UPDATE `user_login` SET `username` = 'alanford@gmail.com', `password` = '41d99b369894eb1ec3f461135132d8bb', `user_type` = '2', `status` = '1'
WHERE `user_id` = 'XDG8P8VIGRE4FWF';
UPDATE `users` SET `first_name` = 'Alan', `last_name` = 'Ford', `gender` = '', `date_of_birth` = '', `logo` = '', `status` = '1'
WHERE `user_id` = 'XDG8P8VIGRE4FWF';
UPDATE `employee_history` SET `id` = '13', `first_name` = 'Alan', `last_name` = 'Ford', `designation` = '1', `phone` = '45456456', `image` = '', `rate_type` = '2', `email` = 'alanford@gmail.com', `hrate` = '30000', `address_line_1` = '', `address_line_2` = '', `blood_group` = '', `country` = '', `city` = '', `zip` = ''
WHERE `id` = '13';
UPDATE `acc_coa` SET `HeadName` = '13-AlanFord', `UpdateBy` = '1', `UpdateDate` = '2019-08-07 14:46:37'
WHERE `HeadName` = '13-AlanFord';
UPDATE `sec_userrole` SET `roleid` = 4, `createby` = '1', `createdate` = '2019-08-07 14:46:37'
WHERE `user_id` = 'XDG8P8VIGRE4FWF';
UPDATE `user_login` SET `username` = 'alanford@gmail.com', `password` = '41d99b369894eb1ec3f461135132d8bb', `user_type` = '2', `status` = '1'
WHERE `user_id` = 'XDG8P8VIGRE4FWF';
UPDATE `users` SET `first_name` = 'Alan', `last_name` = 'Ford', `gender` = '', `date_of_birth` = '', `logo` = '', `status` = '1'
WHERE `user_id` = 'XDG8P8VIGRE4FWF';
UPDATE `employee_history` SET `id` = '13', `first_name` = 'Alan', `last_name` = 'Ford', `designation` = '1', `phone` = '45456456', `image` = '', `rate_type` = '2', `email` = 'alanford@gmail.com', `hrate` = '30000', `address_line_1` = '', `address_line_2` = '', `blood_group` = '', `country` = '', `city` = '', `zip` = ''
WHERE `id` = '13';
UPDATE `acc_coa` SET `HeadName` = '13-AlanFord', `UpdateBy` = '1', `UpdateDate` = '2019-08-07 14:47:12'
WHERE `HeadName` = '13-AlanFord';
UPDATE `sec_userrole` SET `roleid` = 4, `createby` = '1', `createdate` = '2019-08-07 14:47:12'
WHERE `user_id` = 'XDG8P8VIGRE4FWF';
UPDATE `employee_history` SET `id` = '13', `first_name` = 'Alan', `last_name` = 'Ford', `designation` = '1', `phone` = '45456456', `image` = '', `rate_type` = '2', `email` = 'alanford@gmail.com', `hrate` = '30000', `address_line_1` = '', `address_line_2` = '', `blood_group` = '', `country` = '', `city` = '', `zip` = ''
WHERE `id` = '13';
UPDATE `acc_coa` SET `HeadName` = '13-AlanFord', `UpdateBy` = '1', `UpdateDate` = '2019-08-07 14:47:54'
WHERE `HeadName` = '13-AlanFord';
UPDATE `sec_userrole` SET `roleid` = 4, `createby` = '1', `createdate` = '2019-08-07 14:47:54'
WHERE `user_id` = 'XDG8P8VIGRE4FWF';
UPDATE `user_login` SET `username` = 'alanford@gmail.com', `password` = 'bbe587948a2490934834340b1b4c1643', `user_type` = '2', `status` = '1'
WHERE `user_id` = 'XDG8P8VIGRE4FWF';
UPDATE `users` SET `first_name` = 'Alan', `last_name` = 'Ford', `gender` = '', `date_of_birth` = '', `logo` = '', `status` = '1'
WHERE `user_id` = 'XDG8P8VIGRE4FWF';
UPDATE `employee_history` SET `id` = '13', `first_name` = 'Alan', `last_name` = 'Ford', `designation` = '1', `phone` = '45456456', `image` = '', `rate_type` = '2', `email` = 'alanford@gmail.com', `hrate` = '30000', `address_line_1` = '', `address_line_2` = '', `blood_group` = '', `country` = '', `city` = '', `zip` = ''
WHERE `id` = '13';
UPDATE `acc_coa` SET `HeadName` = '13-AlanFord', `UpdateBy` = '1', `UpdateDate` = '2019-08-07 15:00:58'
WHERE `HeadName` = '13-AlanFord';
UPDATE `sec_userrole` SET `roleid` = 4, `createby` = '1', `createdate` = '2019-08-07 15:00:58'
WHERE `user_id` = 'XDG8P8VIGRE4FWF';
UPDATE `user_login` SET `username` = 'alanford@gmail.com', `password` = '41d99b369894eb1ec3f461135132d8bb', `user_type` = '2', `status` = '1'
WHERE `user_id` = 'XDG8P8VIGRE4FWF';
UPDATE `users` SET `first_name` = 'Alan', `last_name` = 'Ford', `gender` = '', `date_of_birth` = '', `logo` = '', `status` = '1'
WHERE `user_id` = 'XDG8P8VIGRE4FWF';
UPDATE `employee_history` SET `id` = '13', `first_name` = 'Alan', `last_name` = 'Ford', `designation` = '1', `phone` = '45456456', `image` = '', `rate_type` = '2', `email` = 'alanford@gmail.com', `hrate` = '30000', `address_line_1` = '', `address_line_2` = '', `blood_group` = '', `country` = '', `city` = '', `zip` = ''
WHERE `id` = '13';
UPDATE `acc_coa` SET `HeadName` = '13-AlanFord', `UpdateBy` = '1', `UpdateDate` = '2019-08-07 15:01:18'
WHERE `HeadName` = '13-AlanFord';
UPDATE `sec_userrole` SET `roleid` = 4, `createby` = '1', `createdate` = '2019-08-07 15:01:18'
WHERE `user_id` = 'XDG8P8VIGRE4FWF';
UPDATE `user_login` SET `username` = 'alanford@gmail.com', `password` = '41d99b369894eb1ec3f461135132d8bb', `user_type` = '2', `status` = '1'
WHERE `user_id` = 'XDG8P8VIGRE4FWF';
UPDATE `users` SET `first_name` = 'Alan', `last_name` = 'Ford', `gender` = '', `date_of_birth` = '', `logo` = '', `status` = '1'
WHERE `user_id` = 'XDG8P8VIGRE4FWF';
select * from sec_role;
select * from sec_role;
INSERT INTO `employee_history` (`first_name`, `last_name`, `designation`, `phone`, `image`, `rate_type`, `email`, `hrate`, `address_line_1`, `address_line_2`, `blood_group`, `country`, `city`, `zip`, `user_id`) VALUES ('new ', 'employee', '2', '5645646', '', '2', 'newemployee@gmail.com', '', '', '', '', 'Albania', '', '', 'SZNMNAJKMB5EWT9');
INSERT INTO `acc_coa` (`HeadCode`, `HeadName`, `PHeadName`, `HeadLevel`, `IsActive`, `IsTransaction`, `IsGL`, `HeadType`, `IsBudget`, `IsDepreciation`, `DepreciationRate`, `CreateBy`, `CreateDate`) VALUES (5020406, '6-new employee', 'Employee Ledger', '3', '1', '1', '0', 'L', '0', '0', '0', '1', '2019-08-07 15:13:42');
INSERT INTO `sec_userrole` (`user_id`, `roleid`, `createby`, `createdate`) VALUES ('SZNMNAJKMB5EWT9', 4, '1', '2019-08-07 15:13:42');
INSERT INTO `user_login` (`user_id`, `username`, `password`, `user_type`, `status`) VALUES ('SZNMNAJKMB5EWT9', 'newemployee@gmail.com', '41d99b369894eb1ec3f461135132d8bb', '2', '1');
INSERT INTO `users` (`user_id`, `first_name`, `last_name`, `gender`, `date_of_birth`, `logo`, `status`) VALUES ('SZNMNAJKMB5EWT9', 'new ', 'employee', '', '', '', '1');
INSERT INTO `sec_userrole` (`user_id`, `roleid`, `createby`, `createdate`) VALUES ('SZNMNAJKMB5EWT9', 2, '1', '2019-08-07 15:13:42');
UPDATE `employee_history` SET `id` = '14', `first_name` = 'new ', `last_name` = 'employee', `designation` = '2', `phone` = '5645646', `image` = '', `rate_type` = '2', `email` = 'newemployee@gmail.com', `hrate` = '0', `address_line_1` = '', `address_line_2` = '', `blood_group` = '', `country` = 'Albania', `city` = '', `zip` = ''
WHERE `id` = '14';
UPDATE `acc_coa` SET `HeadName` = '14-new employee', `UpdateBy` = '1', `UpdateDate` = '2019-08-07 16:04:47'
WHERE `HeadName` = '14-new employee';
UPDATE `sec_userrole` SET `roleid` = '4', `createby` = '1', `createdate` = '2019-08-07 16:04:47'
WHERE `user_id` = 'SZNMNAJKMB5EWT9';
UPDATE `user_login` SET `username` = 'newemployee@gmail.com', `password` = '41d99b369894eb1ec3f461135132d8bb', `user_type` = '2', `status` = '1'
WHERE `user_id` = 'SZNMNAJKMB5EWT9';
UPDATE `users` SET `first_name` = 'new ', `last_name` = 'employee', `gender` = '', `date_of_birth` = '', `logo` = '', `status` = '1'
WHERE `user_id` = 'SZNMNAJKMB5EWT9';
UPDATE `employee_history` SET `id` = '14', `first_name` = 'new ', `last_name` = 'employee', `designation` = '2', `phone` = '5645646', `image` = '', `rate_type` = '2', `email` = 'newemployee@gmail.com', `hrate` = '0', `address_line_1` = '', `address_line_2` = '', `blood_group` = '', `country` = 'Albania', `city` = '', `zip` = ''
WHERE `id` = '14';
UPDATE `acc_coa` SET `HeadName` = '14-new employee', `UpdateBy` = '1', `UpdateDate` = '2019-08-07 16:04:57'
WHERE `HeadName` = '14-new employee';
UPDATE `sec_userrole` SET `roleid` = '3', `createby` = '1', `createdate` = '2019-08-07 16:04:57'
WHERE `user_id` = 'SZNMNAJKMB5EWT9';
UPDATE `user_login` SET `username` = 'newemployee@gmail.com', `password` = '41d99b369894eb1ec3f461135132d8bb', `user_type` = '2', `status` = '1'
WHERE `user_id` = 'SZNMNAJKMB5EWT9';
UPDATE `users` SET `first_name` = 'new ', `last_name` = 'employee', `gender` = '', `date_of_birth` = '', `logo` = '', `status` = '1'
WHERE `user_id` = 'SZNMNAJKMB5EWT9';
UPDATE `employee_history` SET `id` = '14', `first_name` = 'new ', `last_name` = 'employee', `designation` = '2', `phone` = '5645646', `image` = '', `rate_type` = '2', `email` = 'newemployee@gmail.com', `hrate` = '0', `address_line_1` = '', `address_line_2` = '', `blood_group` = '', `country` = 'Albania', `city` = '', `zip` = '', `role_id` = 'SZNMNAJKMB5EWT9'
WHERE `id` = '14';
UPDATE `acc_coa` SET `HeadName` = '14-new employee', `UpdateBy` = '1', `UpdateDate` = '2019-08-07 16:06:17'
WHERE `HeadName` = '14-new employee';
UPDATE `sec_userrole` SET `roleid` = '3', `createby` = '1', `createdate` = '2019-08-07 16:06:17'
WHERE `user_id` = 'SZNMNAJKMB5EWT9';
UPDATE `user_login` SET `username` = 'newemployee@gmail.com', `password` = '41d99b369894eb1ec3f461135132d8bb', `user_type` = '2', `status` = '1'
WHERE `user_id` = 'SZNMNAJKMB5EWT9';
UPDATE `users` SET `first_name` = 'new ', `last_name` = 'employee', `gender` = '', `date_of_birth` = '', `logo` = '', `status` = '1'
WHERE `user_id` = 'SZNMNAJKMB5EWT9';
UPDATE `employee_history` SET `id` = '14', `first_name` = 'new ', `last_name` = 'employee', `designation` = '2', `phone` = '5645646', `image` = '', `rate_type` = '2', `email` = 'newemployee@gmail.com', `hrate` = '0', `address_line_1` = '', `address_line_2` = '', `blood_group` = '', `country` = 'Albania', `city` = '', `zip` = '', `role_id` = 'SZNMNAJKMB5EWT9'
WHERE `id` = '14';
UPDATE `acc_coa` SET `HeadName` = '14-new employee', `UpdateBy` = '1', `UpdateDate` = '2019-08-07 16:06:26'
WHERE `HeadName` = '14-new employee';
UPDATE `sec_userrole` SET `roleid` = '3', `createby` = '1', `createdate` = '2019-08-07 16:06:26'
WHERE `user_id` = 'SZNMNAJKMB5EWT9';
UPDATE `user_login` SET `username` = 'newemployee@gmail.com', `password` = '41d99b369894eb1ec3f461135132d8bb', `user_type` = '2', `status` = '1'
WHERE `user_id` = 'SZNMNAJKMB5EWT9';
UPDATE `users` SET `first_name` = 'new ', `last_name` = 'employee', `gender` = '', `date_of_birth` = '', `logo` = '', `status` = '1'
WHERE `user_id` = 'SZNMNAJKMB5EWT9';
UPDATE `employee_history` SET `id` = '14', `first_name` = 'new ', `last_name` = 'employee', `designation` = '2', `phone` = '5645646', `image` = '', `rate_type` = '2', `email` = 'newemployee@gmail.com', `hrate` = '0', `address_line_1` = '', `address_line_2` = '', `blood_group` = '', `country` = 'Albania', `city` = '', `zip` = '', `role_id` = '3'
WHERE `id` = '14';
UPDATE `acc_coa` SET `HeadName` = '14-new employee', `UpdateBy` = '1', `UpdateDate` = '2019-08-07 16:07:57'
WHERE `HeadName` = '14-new employee';
UPDATE `sec_userrole` SET `roleid` = '3', `createby` = '1', `createdate` = '2019-08-07 16:07:57'
WHERE `user_id` = 'SZNMNAJKMB5EWT9';
UPDATE `user_login` SET `username` = 'newemployee@gmail.com', `password` = '41d99b369894eb1ec3f461135132d8bb', `user_type` = '2', `status` = '1'
WHERE `user_id` = 'SZNMNAJKMB5EWT9';
UPDATE `users` SET `first_name` = 'new ', `last_name` = 'employee', `gender` = '', `date_of_birth` = '', `logo` = '', `status` = '1'
WHERE `user_id` = 'SZNMNAJKMB5EWT9';
UPDATE `employee_history` SET `id` = '14', `first_name` = 'new ', `last_name` = 'employee', `designation` = '2', `phone` = '5645646', `image` = '', `rate_type` = '2', `email` = 'newemployee@gmail.com', `hrate` = '0', `address_line_1` = '', `address_line_2` = '', `blood_group` = '', `country` = 'Albania', `city` = '', `zip` = '', `role_id` = '3'
WHERE `id` = '14';
UPDATE `acc_coa` SET `HeadName` = '14-new employee', `UpdateBy` = '1', `UpdateDate` = '2019-08-07 16:08:07'
WHERE `HeadName` = '14-new employee';
UPDATE `sec_userrole` SET `roleid` = '3', `createby` = '1', `createdate` = '2019-08-07 16:08:07'
WHERE `user_id` = 'SZNMNAJKMB5EWT9';
UPDATE `user_login` SET `username` = 'newemployee@gmail.com', `password` = '41d99b369894eb1ec3f461135132d8bb', `user_type` = '2', `status` = '1'
WHERE `user_id` = 'SZNMNAJKMB5EWT9';
UPDATE `users` SET `first_name` = 'new ', `last_name` = 'employee', `gender` = '', `date_of_birth` = '', `logo` = '', `status` = '1'
WHERE `user_id` = 'SZNMNAJKMB5EWT9';
UPDATE `employee_history` SET `id` = '14', `first_name` = 'new ', `last_name` = 'employee', `designation` = '2', `phone` = '5645646', `image` = '', `rate_type` = '2', `email` = 'newemployee@gmail.com', `hrate` = '0', `address_line_1` = '', `address_line_2` = '', `blood_group` = '', `country` = 'Albania', `city` = '', `zip` = '', `role_id` = '3'
WHERE `id` = '14';
UPDATE `acc_coa` SET `HeadName` = '14-new employee', `UpdateBy` = '1', `UpdateDate` = '2019-08-07 16:10:00'
WHERE `HeadName` = '14-new employee';
UPDATE `sec_userrole` SET `roleid` = '3', `createby` = '1', `createdate` = '2019-08-07 16:10:00'
WHERE `user_id` = 'SZNMNAJKMB5EWT9';
UPDATE `user_login` SET `username` = 'newemployee@gmail.com', `password` = '41d99b369894eb1ec3f461135132d8bb', `user_type` = '2', `status` = '1'
WHERE `user_id` = 'SZNMNAJKMB5EWT9';
UPDATE `users` SET `first_name` = 'new ', `last_name` = 'employee', `gender` = '', `date_of_birth` = '', `logo` = '', `status` = '1'
WHERE `user_id` = 'SZNMNAJKMB5EWT9';
UPDATE `employee_history` SET `id` = '14', `first_name` = 'new ', `last_name` = 'employee', `designation` = '2', `phone` = '5645646', `image` = '', `rate_type` = '2', `email` = 'newemployee@gmail.com', `hrate` = '0', `address_line_1` = '', `address_line_2` = '', `blood_group` = '', `country` = 'Albania', `city` = '', `zip` = '', `role_id` = '3'
WHERE `id` = '14';
UPDATE `acc_coa` SET `HeadName` = '14-new employee', `UpdateBy` = '1', `UpdateDate` = '2019-08-07 16:10:09'
WHERE `HeadName` = '14-new employee';
UPDATE `sec_userrole` SET `roleid` = '3', `createby` = '1', `createdate` = '2019-08-07 16:10:09'
WHERE `user_id` = 'SZNMNAJKMB5EWT9';
UPDATE `user_login` SET `username` = 'newemployee@gmail.com', `password` = '41d99b369894eb1ec3f461135132d8bb', `user_type` = '2', `status` = '1'
WHERE `user_id` = 'SZNMNAJKMB5EWT9';
UPDATE `users` SET `first_name` = 'new ', `last_name` = 'employee', `gender` = '', `date_of_birth` = '', `logo` = '', `status` = '1'
WHERE `user_id` = 'SZNMNAJKMB5EWT9';
UPDATE `employee_history` SET `id` = '14', `first_name` = 'new ', `last_name` = 'employee', `designation` = '2', `phone` = '5645646', `image` = '', `rate_type` = '2', `email` = 'newemployee@gmail.com', `hrate` = '0', `address_line_1` = '', `address_line_2` = '', `blood_group` = '', `country` = 'Albania', `city` = '', `zip` = '', `role_id` = '4'
WHERE `id` = '14';
UPDATE `acc_coa` SET `HeadName` = '14-new employee', `UpdateBy` = '1', `UpdateDate` = '2019-08-07 16:11:09'
WHERE `HeadName` = '14-new employee';
UPDATE `sec_userrole` SET `roleid` = '4', `createby` = '1', `createdate` = '2019-08-07 16:11:09'
WHERE `user_id` = 'SZNMNAJKMB5EWT9';
UPDATE `user_login` SET `username` = 'newemployee@gmail.com', `password` = '41d99b369894eb1ec3f461135132d8bb', `user_type` = '2', `status` = '1'
WHERE `user_id` = 'SZNMNAJKMB5EWT9';
UPDATE `users` SET `first_name` = 'new ', `last_name` = 'employee', `gender` = '', `date_of_birth` = '', `logo` = '', `status` = '1'
WHERE `user_id` = 'SZNMNAJKMB5EWT9';
UPDATE `employee_history` SET `id` = '14', `first_name` = 'new ', `last_name` = 'employee', `designation` = '2', `phone` = '5645646', `image` = '', `rate_type` = '2', `email` = 'newemployee@gmail.com', `hrate` = '0', `address_line_1` = '', `address_line_2` = '', `blood_group` = '', `country` = 'Albania', `city` = '', `zip` = '', `role_id` = '3'
WHERE `id` = '14';
UPDATE `acc_coa` SET `HeadName` = '14-new employee', `UpdateBy` = '1', `UpdateDate` = '2019-08-07 16:11:50'
WHERE `HeadName` = '14-new employee';
UPDATE `sec_userrole` SET `roleid` = '3', `createby` = '1', `createdate` = '2019-08-07 16:11:50'
WHERE `user_id` = 'SZNMNAJKMB5EWT9';
UPDATE `user_login` SET `username` = 'newemployee@gmail.com', `password` = '41d99b369894eb1ec3f461135132d8bb', `user_type` = '2', `status` = '1'
WHERE `user_id` = 'SZNMNAJKMB5EWT9';
UPDATE `users` SET `first_name` = 'new ', `last_name` = 'employee', `gender` = '', `date_of_birth` = '', `logo` = '', `status` = '1'
WHERE `user_id` = 'SZNMNAJKMB5EWT9';
UPDATE `employee_history` SET `id` = '14', `first_name` = 'new ', `last_name` = 'employee', `designation` = '2', `phone` = '5645646', `image` = '', `rate_type` = '2', `email` = 'newemployee@gmail.com', `hrate` = '0', `address_line_1` = '', `address_line_2` = '', `blood_group` = '', `country` = 'Albania', `city` = '', `zip` = '', `role_id` = '4'
WHERE `id` = '14';
UPDATE `acc_coa` SET `HeadName` = '14-new employee', `UpdateBy` = '1', `UpdateDate` = '2019-08-07 16:13:26'
WHERE `HeadName` = '14-new employee';
UPDATE `sec_userrole` SET `roleid` = '4', `createby` = '1', `createdate` = '2019-08-07 16:13:26'
WHERE `user_id` = 'SZNMNAJKMB5EWT9';
UPDATE `user_login` SET `username` = 'newemployee@gmail.com', `password` = '41d99b369894eb1ec3f461135132d8bb', `user_type` = '2', `status` = '1'
WHERE `user_id` = 'SZNMNAJKMB5EWT9';
UPDATE `users` SET `first_name` = 'new ', `last_name` = 'employee', `gender` = '', `date_of_birth` = '', `logo` = '', `status` = '1'
WHERE `user_id` = 'SZNMNAJKMB5EWT9';
UPDATE `employee_history` SET `id` = '14', `first_name` = 'new ', `last_name` = 'employee', `designation` = '2', `phone` = '5645646', `image` = '', `rate_type` = '2', `email` = 'newemployee@gmail.com', `hrate` = '0', `address_line_1` = '', `address_line_2` = '', `blood_group` = '', `country` = 'Albania', `city` = '', `zip` = '', `role_id` = '3'
WHERE `id` = '14';
UPDATE `acc_coa` SET `HeadName` = '14-new employee', `UpdateBy` = '1', `UpdateDate` = '2019-08-07 16:13:51'
WHERE `HeadName` = '14-new employee';
UPDATE `sec_userrole` SET `roleid` = '3', `createby` = '1', `createdate` = '2019-08-07 16:13:51'
WHERE `user_id` = 'SZNMNAJKMB5EWT9';
UPDATE `user_login` SET `username` = 'newemployee@gmail.com', `password` = '41d99b369894eb1ec3f461135132d8bb', `user_type` = '2', `status` = '1'
WHERE `user_id` = 'SZNMNAJKMB5EWT9';
UPDATE `users` SET `first_name` = 'new ', `last_name` = 'employee', `gender` = '', `date_of_birth` = '', `logo` = '', `status` = '1'
WHERE `user_id` = 'SZNMNAJKMB5EWT9';
UPDATE `employee_history` SET `id` = '13', `first_name` = 'Alan', `last_name` = 'Ford', `designation` = '1', `phone` = '45456456', `image` = '', `rate_type` = '2', `email` = 'alanford@gmail.com', `hrate` = '30000', `address_line_1` = '', `address_line_2` = '', `blood_group` = '', `country` = '', `city` = '', `zip` = '', `role_id` = '3'
WHERE `id` = '13';
UPDATE `acc_coa` SET `HeadName` = '13-AlanFord', `UpdateBy` = '1', `UpdateDate` = '2019-08-07 16:14:32'
WHERE `HeadName` = '13-AlanFord';
UPDATE `sec_userrole` SET `roleid` = '3', `createby` = '1', `createdate` = '2019-08-07 16:14:32'
WHERE `user_id` = 'XDG8P8VIGRE4FWF';
UPDATE `user_login` SET `username` = 'alanford@gmail.com', `password` = '41d99b369894eb1ec3f461135132d8bb', `user_type` = '2', `status` = '1'
WHERE `user_id` = 'XDG8P8VIGRE4FWF';
UPDATE `users` SET `first_name` = 'Alan', `last_name` = 'Ford', `gender` = '', `date_of_birth` = '', `logo` = '', `status` = '1'
WHERE `user_id` = 'XDG8P8VIGRE4FWF';
UPDATE `employee_history` SET `id` = '13', `first_name` = 'Alan', `last_name` = 'Ford', `designation` = '1', `phone` = '45456456', `image` = '', `rate_type` = '2', `email` = 'alanford@gmail.com', `hrate` = '30000', `address_line_1` = '', `address_line_2` = '', `blood_group` = '', `country` = '', `city` = '', `zip` = '', `role_id` = '3'
WHERE `user_id` = '13';
UPDATE `acc_coa` SET `HeadName` = '13-AlanFord', `UpdateBy` = '1', `UpdateDate` = '2019-08-07 16:17:21'
WHERE `HeadName` = '13-AlanFord';
UPDATE `sec_userrole` SET `roleid` = '3', `createby` = '1', `createdate` = '2019-08-07 16:17:21'
WHERE `user_id` = 'XDG8P8VIGRE4FWF';
UPDATE `user_login` SET `username` = 'alanford@gmail.com', `password` = '41d99b369894eb1ec3f461135132d8bb', `user_type` = '2', `status` = '1'
WHERE `user_id` = 'XDG8P8VIGRE4FWF';
UPDATE `users` SET `first_name` = 'Alan', `last_name` = 'Ford', `gender` = '', `date_of_birth` = '', `logo` = '', `status` = '1'
WHERE `user_id` = 'XDG8P8VIGRE4FWF';
UPDATE `employee_history` SET `id` = 'SZNMNAJKMB5EWT9', `first_name` = 'new ', `last_name` = 'employee', `designation` = '2', `phone` = '5645646', `image` = '', `rate_type` = '2', `email` = 'newemployee@gmail.com', `hrate` = '0', `address_line_1` = '', `address_line_2` = '', `blood_group` = '', `country` = 'Albania', `city` = '', `zip` = '', `role_id` = '3'
WHERE `user_id` = 'SZNMNAJKMB5EWT9';
UPDATE `acc_coa` SET `HeadName` = 'SZNMNAJKMB5EWT9-new employee', `UpdateBy` = '1', `UpdateDate` = '2019-08-07 16:22:15'
WHERE `HeadName` = 'SZNMNAJKMB5EWT9-new employee';
UPDATE `sec_userrole` SET `roleid` = '3', `createby` = '1', `createdate` = '2019-08-07 16:22:15'
WHERE `user_id` = 'SZNMNAJKMB5EWT9';
UPDATE `user_login` SET `username` = 'newemployee@gmail.com', `password` = '41d99b369894eb1ec3f461135132d8bb', `user_type` = '2', `status` = '1'
WHERE `user_id` = 'SZNMNAJKMB5EWT9';
UPDATE `users` SET `first_name` = 'new ', `last_name` = 'employee', `gender` = '', `date_of_birth` = '', `logo` = '', `status` = '1'
WHERE `user_id` = 'SZNMNAJKMB5EWT9';
UPDATE `employee_history` SET `id` = 'XDG8P8VIGRE4FWF', `first_name` = 'Alan', `last_name` = 'Ford', `designation` = '1', `phone` = '45456456', `image` = '', `rate_type` = '2', `email` = 'alanford@gmail.com', `hrate` = '30000', `address_line_1` = '', `address_line_2` = '', `blood_group` = '', `country` = '', `city` = '', `zip` = '', `role_id` = '3'
WHERE `user_id` = 'XDG8P8VIGRE4FWF';
UPDATE `employee_history` SET `id` = '5', `first_name` = 'Alan', `last_name` = 'Ford', `designation` = '1', `phone` = '45456456', `image` = '', `rate_type` = '2', `email` = 'alanford@gmail.com', `hrate` = '30000', `address_line_1` = '', `address_line_2` = '', `blood_group` = '', `country` = '', `city` = '', `zip` = '', `role_id` = '3'
WHERE `id` = '5';
UPDATE `acc_coa` SET `HeadName` = '5-AlanFord', `UpdateBy` = '1', `UpdateDate` = '2019-08-07 16:24:40'
WHERE `HeadName` = '5-AlanFord';
UPDATE `sec_userrole` SET `roleid` = '3', `createby` = '1', `createdate` = '2019-08-07 16:24:40'
WHERE `user_id` = 'XDG8P8VIGRE4FWF';
UPDATE `user_login` SET `username` = 'alanford@gmail.com', `password` = '41d99b369894eb1ec3f461135132d8bb', `user_type` = '2', `status` = '1'
WHERE `user_id` = 'XDG8P8VIGRE4FWF';
UPDATE `users` SET `first_name` = 'Alan', `last_name` = 'Ford', `gender` = '', `date_of_birth` = '', `logo` = '', `status` = '1'
WHERE `user_id` = 'XDG8P8VIGRE4FWF';
UPDATE `employee_history` SET `id` = '6', `first_name` = 'new ', `last_name` = 'employee', `designation` = '2', `phone` = '5645646', `image` = '', `rate_type` = '2', `email` = 'newemployee@gmail.com', `hrate` = '0', `address_line_1` = '', `address_line_2` = '', `blood_group` = '', `country` = 'Albania', `city` = '', `zip` = '', `role_id` = '4'
WHERE `id` = '6';
UPDATE `acc_coa` SET `HeadName` = '6-new employee', `UpdateBy` = '1', `UpdateDate` = '2019-08-07 16:25:43'
WHERE `HeadName` = '6-new employee';
UPDATE `sec_userrole` SET `roleid` = '4', `createby` = '1', `createdate` = '2019-08-07 16:25:43'
WHERE `user_id` = 'SZNMNAJKMB5EWT9';
UPDATE `user_login` SET `username` = 'newemployee@gmail.com', `password` = '41d99b369894eb1ec3f461135132d8bb', `user_type` = '2', `status` = '1'
WHERE `user_id` = 'SZNMNAJKMB5EWT9';
UPDATE `users` SET `first_name` = 'new ', `last_name` = 'employee', `gender` = '', `date_of_birth` = '', `logo` = '', `status` = '1'
WHERE `user_id` = 'SZNMNAJKMB5EWT9';
UPDATE `employee_history` SET `id` = '5', `first_name` = 'Alan', `last_name` = 'Ford', `designation` = '1', `phone` = '45456456', `image` = '', `rate_type` = '2', `email` = 'alanford@gmail.com', `hrate` = '30000', `address_line_1` = '', `address_line_2` = '', `blood_group` = '', `country` = '', `city` = '', `zip` = '', `role_id` = '4'
WHERE `id` = '5';
UPDATE `acc_coa` SET `HeadName` = '5-AlanFord', `UpdateBy` = '1', `UpdateDate` = '2019-08-07 16:25:59'
WHERE `HeadName` = '5-AlanFord';
UPDATE `sec_userrole` SET `roleid` = '4', `createby` = '1', `createdate` = '2019-08-07 16:25:59'
WHERE `user_id` = 'XDG8P8VIGRE4FWF';
UPDATE `user_login` SET `username` = 'alanford@gmail.com', `password` = '41d99b369894eb1ec3f461135132d8bb', `user_type` = '2', `status` = '1'
WHERE `user_id` = 'XDG8P8VIGRE4FWF';
UPDATE `users` SET `first_name` = 'Alan', `last_name` = 'Ford', `gender` = '', `date_of_birth` = '', `logo` = '', `status` = '1'
WHERE `user_id` = 'XDG8P8VIGRE4FWF';
UPDATE `employee_history` SET `id` = '5', `first_name` = 'Alan', `last_name` = 'Ford', `designation` = '1', `phone` = '45456456', `image` = '', `rate_type` = '2', `email` = 'alanford@gmail.com', `hrate` = '30000', `address_line_1` = '', `address_line_2` = '', `blood_group` = '', `country` = '', `city` = '', `zip` = '', `role_id` = '4'
WHERE `id` = '5';
UPDATE `acc_coa` SET `HeadName` = '5-AlanFord', `UpdateBy` = '1', `UpdateDate` = '2019-08-07 16:25:59'
WHERE `HeadName` = '5-AlanFord';
UPDATE `sec_userrole` SET `roleid` = '4', `createby` = '1', `createdate` = '2019-08-07 16:25:59'
WHERE `user_id` = 'XDG8P8VIGRE4FWF';
UPDATE `user_login` SET `username` = 'alanford@gmail.com', `password` = '41d99b369894eb1ec3f461135132d8bb', `user_type` = '2', `status` = '1'
WHERE `user_id` = 'XDG8P8VIGRE4FWF';
UPDATE `users` SET `first_name` = 'Alan', `last_name` = 'Ford', `gender` = '', `date_of_birth` = '', `logo` = '', `status` = '1'
WHERE `user_id` = 'XDG8P8VIGRE4FWF';
INSERT INTO `employee_history` (`first_name`, `last_name`, `designation`, `phone`, `image`, `rate_type`, `email`, `hrate`, `address_line_1`, `address_line_2`, `blood_group`, `country`, `city`, `zip`, `user_id`, `role_id`) VALUES ('sobuz', 'khan', '1', '', '', '', 'sobuzkhan@gmail.com', '', '', '', '', '', '', '', '6IMOCLXSE94IPAW', '4');
INSERT INTO `acc_coa` (`HeadCode`, `HeadName`, `PHeadName`, `HeadLevel`, `IsActive`, `IsTransaction`, `IsGL`, `HeadType`, `IsBudget`, `IsDepreciation`, `DepreciationRate`, `CreateBy`, `CreateDate`) VALUES (5020407, '7-sobuzkhan', 'Employee Ledger', '3', '1', '1', '0', 'L', '0', '0', '0', '1', '2019-08-07 16:26:58');
INSERT INTO `sec_userrole` (`user_id`, `roleid`, `createby`, `createdate`) VALUES ('6IMOCLXSE94IPAW', 4, '1', '2019-08-07 16:26:58');
INSERT INTO `user_login` (`user_id`, `username`, `password`, `user_type`, `status`) VALUES ('6IMOCLXSE94IPAW', 'sobuzkhan@gmail.com', '41d99b369894eb1ec3f461135132d8bb', '2', '1');
INSERT INTO `users` (`user_id`, `first_name`, `last_name`, `gender`, `date_of_birth`, `logo`, `status`) VALUES ('6IMOCLXSE94IPAW', 'sobuz', 'khan', '', '', '', '1');
INSERT INTO `sec_userrole` (`user_id`, `roleid`, `createby`, `createdate`) VALUES ('6IMOCLXSE94IPAW', '4', '1', '2019-08-07 16:26:58');
UPDATE `customer_information` SET `customer_name` = 'john brayan', `customer_phone` = '2135435', `customer_mobile` = '', `customer_email` = 'shahabuddinp91@gmail.com', `customer_skype` = 'customer.one.skype', `customer_address` = 'Unit 3/38 Eagle Hurst Road \r\nEllerslie\r\nAuckland 1016', `company_name` = 'bdtask', `company_number` = '564365', `vat_number` = '', `company_type` = '', `postal_address` = '', `physical_address` = '', `website` = 'www.spfoundationbd.com', `director_name` = 'Md. Shahab uddin', `director_mobile` = '', `director_phone` = '', `director_address` = '', `trade_reference_1` = '', `trade_reference_2` = '', `trade_reference_3` = '', `status` = '', `notes` = '', `notifications` = 'sms,email', `payment_method` = 'cash', `sales_discount_status` = 'trade markup', `markup_discount` = '25'
WHERE `customer_id` = 'FX4FTN9158ZORBW';
UPDATE `acc_coa` SET `HeadName` = 'FX4FTN9158ZORBW-john brayan'
WHERE `HeadName` = 'FX4FTN9158ZORBW-john brayan';
UPDATE `user_login` SET `username` = '', `password` = '', `user_type` = '3', `status` = '1'
WHERE `user_id` = 'FX4FTN9158ZORBW';
UPDATE `users` SET `first_name` = 'john brayan', `last_name` = '', `gender` = '', `date_of_birth` = '', `logo` = '', `status` = '1'
WHERE `user_id` = 'FX4FTN9158ZORBW';
UPDATE `customer_information` SET `customer_name` = 'john brayan', `customer_phone` = '2135435', `customer_mobile` = '', `customer_email` = 'shahabuddinp91@gmail.com', `customer_skype` = 'customer.one.skype', `customer_address` = 'Unit 3/38 Eagle Hurst Road \r\nEllerslie\r\nAuckland 1016', `company_name` = 'bdtask', `company_number` = '564365', `vat_number` = '', `company_type` = '', `postal_address` = '', `physical_address` = '', `website` = 'www.spfoundationbd.com', `director_name` = 'Md. Shahab uddin', `director_mobile` = '', `director_phone` = '', `director_address` = '', `trade_reference_1` = '', `trade_reference_2` = '', `trade_reference_3` = '', `status` = '', `notes` = '', `notifications` = 'sms,email', `payment_method` = 'cash', `sales_discount_status` = 'trade markup', `markup_discount` = '25'
WHERE `customer_id` = 'FX4FTN9158ZORBW';
UPDATE `acc_coa` SET `HeadName` = 'FX4FTN9158ZORBW-john brayan'
WHERE `HeadName` = 'FX4FTN9158ZORBW-john brayan';
UPDATE `user_login` SET `username` = 'shahabuddinp91@gmail.com', `password` = '', `user_type` = '3', `status` = '1'
WHERE `user_id` = 'FX4FTN9158ZORBW';
UPDATE `users` SET `first_name` = 'john brayan', `last_name` = '', `gender` = '', `date_of_birth` = '', `logo` = '', `status` = '1'
WHERE `user_id` = 'FX4FTN9158ZORBW';
UPDATE `customer_information` SET `customer_name` = 'john brayan', `customer_phone` = '2135435', `customer_mobile` = '', `customer_email` = 'shahabuddinp91@gmail.com', `customer_skype` = 'customer.one.skype', `customer_address` = 'Unit 3/38 Eagle Hurst Road \r\nEllerslie\r\nAuckland 1016', `company_name` = 'bdtask', `company_number` = '564365', `vat_number` = '', `company_type` = '', `postal_address` = '', `physical_address` = '', `website` = 'www.spfoundationbd.com', `director_name` = 'Md. Shahab uddin', `director_mobile` = '', `director_phone` = '', `director_address` = '', `trade_reference_1` = '', `trade_reference_2` = '', `trade_reference_3` = '', `status` = '', `notes` = '', `notifications` = 'sms,email', `payment_method` = 'cash', `sales_discount_status` = 'trade markup', `markup_discount` = '25', `role_id` = '3'
WHERE `customer_id` = 'FX4FTN9158ZORBW';
UPDATE `acc_coa` SET `HeadName` = 'FX4FTN9158ZORBW-john brayan'
WHERE `HeadName` = 'FX4FTN9158ZORBW-john brayan';
UPDATE `user_login` SET `username` = '', `password` = '', `user_type` = '3', `status` = '1'
WHERE `user_id` = 'FX4FTN9158ZORBW';
UPDATE `users` SET `first_name` = 'john brayan', `last_name` = '', `gender` = '', `date_of_birth` = '', `logo` = '', `status` = '1'
WHERE `user_id` = 'FX4FTN9158ZORBW';
UPDATE `customer_information` SET `customer_name` = 'john brayan', `customer_phone` = '2135435', `customer_mobile` = '', `customer_email` = 'shahabuddinp91@gmail.com', `customer_skype` = 'customer.one.skype', `customer_address` = 'Unit 3/38 Eagle Hurst Road \r\nEllerslie\r\nAuckland 1016', `company_name` = 'bdtask', `company_number` = '564365', `vat_number` = '', `company_type` = '', `postal_address` = '', `physical_address` = '', `website` = 'www.spfoundationbd.com', `director_name` = 'Md. Shahab uddin', `director_mobile` = '', `director_phone` = '', `director_address` = '', `trade_reference_1` = '', `trade_reference_2` = '', `trade_reference_3` = '', `status` = '', `notes` = '', `notifications` = 'sms,email', `payment_method` = 'cash', `sales_discount_status` = 'trade markup', `markup_discount` = '25', `role_id` = '4'
WHERE `customer_id` = 'FX4FTN9158ZORBW';
UPDATE `acc_coa` SET `HeadName` = 'FX4FTN9158ZORBW-john brayan'
WHERE `HeadName` = 'FX4FTN9158ZORBW-john brayan';
UPDATE `user_login` SET `username` = 'shahabuddinp91@gmail.com', `password` = '41d99b369894eb1ec3f461135132d8bb', `user_type` = '3', `status` = '1'
WHERE `user_id` = 'FX4FTN9158ZORBW';
UPDATE `users` SET `first_name` = 'john brayan', `last_name` = '', `gender` = '', `date_of_birth` = '', `logo` = '', `status` = '1'
WHERE `user_id` = 'FX4FTN9158ZORBW';
INSERT INTO `sec_userrole` (`user_id`, `roleid`, `createby`, `createdate`) VALUES (NULL, '4', '1', '2019-08-07 16:46:19');
UPDATE `customer_information` SET `customer_name` = 'john brayan', `customer_phone` = '2135435', `customer_mobile` = '', `customer_email` = 'shahabuddinp91@gmail.com', `customer_skype` = 'customer.one.skype', `customer_address` = 'Unit 3/38 Eagle Hurst Road \r\nEllerslie\r\nAuckland 1016', `company_name` = 'bdtask', `company_number` = '564365', `vat_number` = '', `company_type` = '', `postal_address` = '', `physical_address` = '', `website` = 'www.spfoundationbd.com', `director_name` = 'Md. Shahab uddin', `director_mobile` = '', `director_phone` = '', `director_address` = '', `trade_reference_1` = '', `trade_reference_2` = '', `trade_reference_3` = '', `status` = '', `notes` = '', `notifications` = 'sms,email', `payment_method` = 'cash', `sales_discount_status` = 'trade markup', `markup_discount` = '25', `role_id` = '4'
WHERE `customer_id` = 'FX4FTN9158ZORBW';
UPDATE `acc_coa` SET `HeadName` = 'FX4FTN9158ZORBW-john brayan'
WHERE `HeadName` = 'FX4FTN9158ZORBW-john brayan';
UPDATE `user_login` SET `username` = 'shahabuddinp91@gmail.com', `password` = '41d99b369894eb1ec3f461135132d8bb', `user_type` = '3', `status` = '1'
WHERE `user_id` = 'FX4FTN9158ZORBW';
UPDATE `users` SET `first_name` = 'john brayan', `last_name` = '', `gender` = '', `date_of_birth` = '', `logo` = '', `status` = '1'
WHERE `user_id` = 'FX4FTN9158ZORBW';
INSERT INTO `sec_userrole` (`user_id`, `roleid`, `createby`, `createdate`) VALUES ('FX4FTN9158ZORBW', '4', '1', '2019-08-07 16:46:48');
UPDATE `customer_information` SET `customer_name` = 'john brayan', `customer_phone` = '2135435', `customer_mobile` = '', `customer_email` = 'shahabuddinp91@gmail.com', `customer_skype` = 'customer.one.skype', `customer_address` = 'Unit 3/38 Eagle Hurst Road \r\nEllerslie\r\nAuckland 1016', `company_name` = 'bdtask', `company_number` = '564365', `vat_number` = '', `company_type` = '', `postal_address` = '', `physical_address` = '', `website` = 'www.spfoundationbd.com', `director_name` = 'Md. Shahab uddin', `director_mobile` = '', `director_phone` = '', `director_address` = '', `trade_reference_1` = '', `trade_reference_2` = '', `trade_reference_3` = '', `status` = '', `notes` = '', `notifications` = 'sms,email', `payment_method` = 'cash', `sales_discount_status` = 'trade markup', `markup_discount` = '25', `role_id` = '3'
WHERE `customer_id` = 'FX4FTN9158ZORBW';
UPDATE `acc_coa` SET `HeadName` = 'FX4FTN9158ZORBW-john brayan'
WHERE `HeadName` = 'FX4FTN9158ZORBW-john brayan';
UPDATE `user_login` SET `username` = 'shahabuddinp91@gmail.com', `password` = '41d99b369894eb1ec3f461135132d8bb', `user_type` = '3', `status` = '1'
WHERE `user_id` = 'FX4FTN9158ZORBW';
UPDATE `users` SET `first_name` = 'john brayan', `last_name` = '', `gender` = '', `date_of_birth` = '', `logo` = '', `status` = '1'
WHERE `user_id` = 'FX4FTN9158ZORBW';
UPDATE `sec_userrole` SET `roleid` = '3', `createby` = '1', `createdate` = '2019-08-07 16:47:10'
WHERE `user_id` IS NULL;
INSERT INTO `customer_information` (`customer_id`, `customer_name`, `customer_phone`, `customer_mobile`, `customer_email`, `customer_skype`, `customer_address`, `company_name`, `company_number`, `vat_number`, `company_type`, `postal_address`, `physical_address`, `website`, `director_name`, `director_mobile`, `director_phone`, `director_address`, `trade_reference_1`, `trade_reference_2`, `trade_reference_3`, `status`, `notes`, `notifications`, `payment_method`, `sales_discount_status`, `markup_discount`) VALUES ('M6TIL4ITLD8DW3N', 'new customer', '6546546546', '', 'newcustomer@gmail.com', '', '', '', '', '', '', '', '', '', '', '', '', '', '', '', '', '', '', '', NULL, '', NULL);
INSERT INTO `user_login` (`user_id`, `username`, `password`, `user_type`, `status`) VALUES ('M6TIL4ITLD8DW3N', 'newcustomer@gmail.com', '41d99b369894eb1ec3f461135132d8bb', '3', '1');
INSERT INTO `users` (`user_id`, `first_name`, `last_name`, `gender`, `date_of_birth`, `logo`, `status`) VALUES ('M6TIL4ITLD8DW3N', 'new customer', '', '', '', '', '1');
INSERT INTO `sec_userrole` (`user_id`, `roleid`, `createby`, `createdate`) VALUES ('M6TIL4ITLD8DW3N', '4', '1', '2019-08-07 16:52:03');
INSERT INTO `acc_coa` (`HeadCode`, `HeadName`, `PHeadName`, `HeadLevel`, `IsActive`, `IsTransaction`, `IsGL`, `HeadType`, `IsBudget`, `IsDepreciation`, `DepreciationRate`, `CreateBy`, `CreateDate`) VALUES ('1020301-2', 'M6TIL4ITLD8DW3N-new customer', 'Customer Receivable', '4', '1', '1', '0', 'A', '0', '0', '0', '1', '2019-08-07 16:52:03');
INSERT INTO `customer_ledger` (`transaction_id`, `customer_id`, `invoice_no`, `receipt_no`, `amount`, `description`, `payment_type`, `cheque_no`, `date`, `status`, `d_c`) VALUES ('2CZ1YDFLEW', 'M6TIL4ITLD8DW3N', 'NA', NULL, NULL, 'Previous adjustment with software', 'NA', 'NA', '2019-08-07', 1, 'd');
UPDATE `customer_information` SET `customer_name` = 'new customer', `customer_phone` = '6546546546', `customer_mobile` = '', `customer_email` = 'newcustomer@gmail.com', `customer_skype` = '', `customer_address` = '', `company_name` = '', `company_number` = '', `vat_number` = '', `company_type` = '', `postal_address` = '', `physical_address` = '', `website` = '', `director_name` = '', `director_mobile` = '', `director_phone` = '', `director_address` = '', `trade_reference_1` = '', `trade_reference_2` = '', `trade_reference_3` = '', `status` = '', `notes` = '', `notifications` = '', `payment_method` = NULL, `sales_discount_status` = '', `markup_discount` = NULL, `role_id` = '3'
WHERE `customer_id` = 'M6TIL4ITLD8DW3N';
UPDATE `acc_coa` SET `HeadName` = 'M6TIL4ITLD8DW3N-new customer'
WHERE `HeadName` = 'M6TIL4ITLD8DW3N-new customer';
UPDATE `user_login` SET `username` = 'newcustomer@gmail.com', `password` = '41d99b369894eb1ec3f461135132d8bb', `user_type` = '3', `status` = '1'
WHERE `user_id` = 'M6TIL4ITLD8DW3N';
UPDATE `users` SET `first_name` = 'new customer', `last_name` = '', `gender` = '', `date_of_birth` = '', `logo` = '', `status` = '1'
WHERE `user_id` = 'M6TIL4ITLD8DW3N';
UPDATE `sec_userrole` SET `roleid` = '3', `createby` = '1', `createdate` = '2019-08-07 16:53:09'
WHERE `user_id` IS NULL;
INSERT INTO `customer_information` (`customer_id`, `customer_name`, `customer_phone`, `customer_mobile`, `customer_email`, `customer_skype`, `customer_address`, `company_name`, `company_number`, `vat_number`, `company_type`, `postal_address`, `physical_address`, `website`, `director_name`, `director_mobile`, `director_phone`, `director_address`, `trade_reference_1`, `trade_reference_2`, `trade_reference_3`, `status`, `notes`, `notifications`, `payment_method`, `sales_discount_status`, `markup_discount`) VALUES ('RAVM7ONCXCHYCOY', 'asdf', '3424', '23423', 'asdf@gmail.com', '', '', '', '', '', '', '', '', '', '', '', '', '', '', '', '', '', '', '', NULL, '', NULL);
INSERT INTO `user_login` (`user_id`, `username`, `password`, `user_type`, `status`) VALUES ('RAVM7ONCXCHYCOY', 'asdf@gmail.com', '41d99b369894eb1ec3f461135132d8bb', '3', '1');
INSERT INTO `users` (`user_id`, `first_name`, `last_name`, `gender`, `date_of_birth`, `logo`, `status`) VALUES ('RAVM7ONCXCHYCOY', 'asdf', '', '', '', '', '1');
INSERT INTO `sec_userrole` (`user_id`, `roleid`, `createby`, `createdate`) VALUES ('RAVM7ONCXCHYCOY', '3', '1', '2019-08-08 06:13:11');
INSERT INTO `acc_coa` (`HeadCode`, `HeadName`, `PHeadName`, `HeadLevel`, `IsActive`, `IsTransaction`, `IsGL`, `HeadType`, `IsBudget`, `IsDepreciation`, `DepreciationRate`, `CreateBy`, `CreateDate`) VALUES ('1020301-3', 'RAVM7ONCXCHYCOY-asdf', 'Customer Receivable', '4', '1', '1', '0', 'A', '0', '0', '0', '1', '2019-08-08 06:13:11');
INSERT INTO `customer_ledger` (`transaction_id`, `customer_id`, `invoice_no`, `receipt_no`, `amount`, `description`, `payment_type`, `cheque_no`, `date`, `status`, `d_c`) VALUES ('W65G4VD7ET', 'RAVM7ONCXCHYCOY', 'NA', NULL, NULL, 'Previous adjustment with software', 'NA', 'NA', '2019-08-08', 1, 'd');
INSERT INTO `customer_information` (`customer_id`, `customer_name`, `customer_phone`, `customer_mobile`, `customer_email`, `customer_skype`, `customer_address`, `company_name`, `company_number`, `vat_number`, `company_type`, `postal_address`, `physical_address`, `website`, `director_name`, `director_mobile`, `director_phone`, `director_address`, `trade_reference_1`, `trade_reference_2`, `trade_reference_3`, `status`, `notes`, `notifications`, `payment_method`, `sales_discount_status`, `markup_discount`, `role_id`) VALUES ('W5CBKQGRA4ZJ8DH', 'Md Ishaq', '234324', '234234', 'ishaq@gmail.com', '', '', '', '', '', '', '', '', '', '', '', '', '', '', '', '', '', '', 'sms', 'cash', '', NULL, '3');
INSERT INTO `user_login` (`user_id`, `username`, `password`, `user_type`, `status`) VALUES ('W5CBKQGRA4ZJ8DH', 'ishaq@gmail.co', '41d99b369894eb1ec3f461135132d8bb', '3', '1');
INSERT INTO `users` (`user_id`, `first_name`, `last_name`, `gender`, `date_of_birth`, `logo`, `status`) VALUES ('W5CBKQGRA4ZJ8DH', 'Md Ishaq', '', '', '', '', '1');
INSERT INTO `sec_userrole` (`user_id`, `roleid`, `createby`, `createdate`) VALUES ('W5CBKQGRA4ZJ8DH', '3', '1', '2019-08-08 06:18:03');
INSERT INTO `acc_coa` (`HeadCode`, `HeadName`, `PHeadName`, `HeadLevel`, `IsActive`, `IsTransaction`, `IsGL`, `HeadType`, `IsBudget`, `IsDepreciation`, `DepreciationRate`, `CreateBy`, `CreateDate`) VALUES ('1020301-4', 'W5CBKQGRA4ZJ8DH-Md Ishaq', 'Customer Receivable', '4', '1', '1', '0', 'A', '0', '0', '0', '1', '2019-08-08 06:18:03');
INSERT INTO `customer_ledger` (`transaction_id`, `customer_id`, `invoice_no`, `receipt_no`, `amount`, `description`, `payment_type`, `cheque_no`, `date`, `status`, `d_c`) VALUES ('IVRRPPH946', 'W5CBKQGRA4ZJ8DH', 'NA', NULL, NULL, 'Previous adjustment with software', 'NA', 'NA', '2019-08-08', 1, 'd');
UPDATE `customer_information` SET `customer_name` = 'Md Ishaq', `customer_phone` = '234324', `customer_mobile` = '234234', `customer_email` = 'ishaq@gmail.com', `customer_skype` = '', `customer_address` = '', `company_name` = '', `company_number` = '', `vat_number` = '', `company_type` = '', `postal_address` = '', `physical_address` = '', `website` = '', `director_name` = '', `director_mobile` = '', `director_phone` = '', `director_address` = '', `trade_reference_1` = '', `trade_reference_2` = '', `trade_reference_3` = '', `status` = '', `notes` = '', `notifications` = 'sms', `payment_method` = 'cash', `sales_discount_status` = '', `markup_discount` = NULL, `role_id` = '4'
WHERE `customer_id` = 'W5CBKQGRA4ZJ8DH';
UPDATE `acc_coa` SET `HeadName` = 'W5CBKQGRA4ZJ8DH-Md Ishaq'
WHERE `HeadName` = 'W5CBKQGRA4ZJ8DH-Md Ishaq';
UPDATE `user_login` SET `username` = 'ishaq@gmail.co', `password` = '41d99b369894eb1ec3f461135132d8bb', `user_type` = '3', `status` = '1'
WHERE `user_id` = 'W5CBKQGRA4ZJ8DH';
UPDATE `users` SET `first_name` = 'Md Ishaq', `last_name` = '', `gender` = '', `date_of_birth` = '', `logo` = '', `status` = '1'
WHERE `user_id` = 'W5CBKQGRA4ZJ8DH';
UPDATE `sec_userrole` SET `roleid` = '4', `createby` = '1', `createdate` = '2019-08-08 06:18:29'
WHERE `user_id` IS NULL;
UPDATE `customer_information` SET `customer_name` = 'Md Ishaq', `customer_phone` = '234324', `customer_mobile` = '234234', `customer_email` = 'ishaq@gmail.com', `customer_skype` = '', `customer_address` = '', `company_name` = '', `company_number` = '', `vat_number` = '', `company_type` = '', `postal_address` = '', `physical_address` = '', `website` = '', `director_name` = '', `director_mobile` = '', `director_phone` = '', `director_address` = '', `trade_reference_1` = '', `trade_reference_2` = '', `trade_reference_3` = '', `status` = '', `notes` = '', `notifications` = 'sms', `payment_method` = 'cash', `sales_discount_status` = '', `markup_discount` = NULL, `role_id` = '3'
WHERE `customer_id` = 'W5CBKQGRA4ZJ8DH';
UPDATE `acc_coa` SET `HeadName` = 'W5CBKQGRA4ZJ8DH-Md Ishaq'
WHERE `HeadName` = 'W5CBKQGRA4ZJ8DH-Md Ishaq';
UPDATE `user_login` SET `username` = 'ishaq@gmail.co', `password` = '41d99b369894eb1ec3f461135132d8bb', `user_type` = '3', `status` = '1'
WHERE `user_id` = 'W5CBKQGRA4ZJ8DH';
UPDATE `users` SET `first_name` = 'Md Ishaq', `last_name` = '', `gender` = '', `date_of_birth` = '', `logo` = '', `status` = '1'
WHERE `user_id` = 'W5CBKQGRA4ZJ8DH';
UPDATE `sec_userrole` SET `roleid` = '3', `createby` = '1', `createdate` = '2019-08-08 06:18:51'
WHERE `user_id` IS NULL;
INSERT INTO `stock_adjustment` (`adjustment_id`, `adjustment_type`, `date`, `details`, `grand_total`, `created_by`, `created_date`) VALUES ('ADN21W94W4OV', '1', '2019-08-08', 'mouse and keyboar purchase', '750.00', NULL, '2019-08-08 08:06:33');
INSERT INTO `stock_adjustment` (`adjustment_id`, `adjustment_type`, `date`, `details`, `grand_total`, `created_by`, `created_date`) VALUES ('ADAT4YQE8ZBU', '1', '2019-08-08', 'mouse and keyboard purchase', '750.00', '1', '2019-08-08 08:08:49');
INSERT INTO `stock_tbl` (`voucher_no`, `product_id`, `in_qty`, `out_qty`, `rate`, `voucher_type`, `date`, `created_by`, `created_date`) VALUES ('ADAT4YQE8ZBU', Array, '2', 0, '250', 'adjustment', '2019-08-08', '1', '2019-08-08 08:08:49');
INSERT INTO `stock_adjustment` (`adjustment_id`, `adjustment_type`, `date`, `details`, `grand_total`, `created_by`, `created_date`) VALUES ('AD63XJ9VJ5OT', '1', '2019-08-08', 'mouse and keyboard purchase', '750.00', '1', '2019-08-08 08:09:36');
INSERT INTO `stock_tbl` (`voucher_no`, `product_id`, `in_qty`, `out_qty`, `rate`, `voucher_type`, `date`, `created_by`, `created_date`) VALUES ('AD63XJ9VJ5OT', Array, '2', 0, '250', 'adjustment', '2019-08-08', '1', '2019-08-08 08:09:36');
INSERT INTO `stock_adjustment` (`adjustment_id`, `adjustment_type`, `date`, `details`, `grand_total`, `created_by`, `created_date`) VALUES ('AD8QIY3Z7OSG', '1', '2019-08-08', 'asdf', '440.00', '1', '2019-08-08 08:13:26');
INSERT INTO `stock_tbl` (`voucher_no`, `product_id`, `in_qty`, `out_qty`, `rate`, `voucher_type`, `date`, `created_by`, `created_date`) VALUES ('AD8QIY3Z7OSG', '83475478', '2', 0, '100', 'adjustment', '2019-08-08', '1', '2019-08-08 08:13:26');
INSERT INTO `stock_tbl` (`voucher_no`, `product_id`, `in_qty`, `out_qty`, `rate`, `voucher_type`, `date`, `created_by`, `created_date`) VALUES ('AD8QIY3Z7OSG', '21863675', '3', 0, '80', 'adjustment', '2019-08-08', '1', '2019-08-08 08:13:26');
INSERT INTO `stock_adjustment` (`adjustment_id`, `adjustment_type`, `date`, `details`, `grand_total`, `created_by`, `created_date`) VALUES ('ADSG2IRL3AD6', '2', '2019-08-08', 'sales mouse and keyboard', '750.00', '1', '2019-08-08 08:20:06');
INSERT INTO `stock_tbl` (`voucher_no`, `product_id`, `in_qty`, `out_qty`, `rate`, `voucher_type`, `date`, `created_by`, `created_date`) VALUES ('ADSG2IRL3AD6', '78737995', 0, '1', '250', 'adjustment', '2019-08-08', '1', '2019-08-08 08:20:06');
INSERT INTO `stock_tbl` (`voucher_no`, `product_id`, `in_qty`, `out_qty`, `rate`, `voucher_type`, `date`, `created_by`, `created_date`) VALUES ('ADSG2IRL3AD6', '56496831', 0, '2', '250', 'adjustment', '2019-08-08', '1', '2019-08-08 08:20:06');
INSERT INTO `stock_adjustment` (`adjustment_id`, `adjustment_type`, `date`, `details`, `grand_total`, `created_by`, `created_date`) VALUES ('ADZVSFLGNNP7', '1', '2019-08-08', 'mouse purchase', '250.00', '1', '2019-08-08 08:20:43');
INSERT INTO `stock_tbl` (`voucher_no`, `product_id`, `in_qty`, `out_qty`, `rate`, `voucher_type`, `date`, `created_by`, `created_date`) VALUES ('ADZVSFLGNNP7', '56496831', '1', 0, '250', 'adjustment', '2019-08-08', '1', '2019-08-08 08:20:43');
INSERT INTO `product_purchase` (`purchase_id`, `chalan_no`, `supplier_id`, `grand_total_amount`, `total_discount`, `purchase_date`, `purchase_details`, `status`) VALUES ('20190808090116', 'SL8965', 'CSBNKKVDQK8DJ77ALHJI', '440.00', NULL, '2019-08-08', '', 1);
INSERT INTO `acc_transaction` (`VNo`, `Vtype`, `VDate`, `COAID`, `Narration`, `Debit`, `Credit`, `IsPosted`, `CreateBy`, `CreateDate`, `IsAppove`) VALUES ('20190808090116', 'Purchase', '2019-08-08', 10107, 'Inventory Debit For Purchase No20190808090116', '440.00', 0, 1, '1', '2019-08-08 09:01:16', 1);
INSERT INTO `acc_transaction` (`VNo`, `Vtype`, `VDate`, `COAID`, `Narration`, `Debit`, `Credit`, `IsPosted`, `CreateBy`, `CreateDate`, `IsAppove`) VALUES ('20190808090116', 'Purchase', '2019-08-08', '5020200011', 'Purchase No.20190808090116', 0, '440.00', 1, '1', '2019-08-08', 1);
INSERT INTO `supplier_ledger` (`transaction_id`, `chalan_no`, `supplier_id`, `amount`, `date`, `description`, `status`, `d_c`) VALUES ('20190808090116', 'SL8965', 'CSBNKKVDQK8DJ77ALHJI', '440.00', '2019-08-08', '', 1, 'c');
INSERT INTO `product_purchase_details` (`purchase_detail_id`, `purchase_id`, `product_id`, `quantity`, `rate`, `total_amount`, `discount`, `status`) VALUES ('4DFTH9Zs7gmVP12', '20190808090116', '56496831', '2', '220', '440.00', NULL, 1);
INSERT INTO `job` (`customer_id`, `work_order_no`, `vehicle_id`, `schedule_date_time`, `delivery_date_time`, `customer_ref`, `job_description`, `alert_via`, `create_by`, `create_date`, `status`) VALUES ('PBYX89KNGFCAUPP', '8-1565255865', '8', '2019-08-08 15:17', '2019-08-08 15:17', 'aaa', '', 'sms', '1', '2019-08-08 11:18:12', 0);
INSERT INTO `job_details` (`job_id`, `job_type_id`, `assign_to`, `rate`, `client_notes`, `status`) VALUES (13, '2', 'XDG8P8VIGRE4FWF', '150', '', 0);
DELETE FROM `job_details`
WHERE `job_id` = '13';
INSERT INTO `job_details` (`job_id`, `job_type_id`, `rate`, `assign_to`, `start_datetime`, `mechanic_notes`, `status`) VALUES ('13', '2', '150', 'XDG8P8VIGRE4FWF', '2019-08-08 15:19', '', 3);
INSERT INTO `job_products_used` (`job_id`, `product_id`, `available_qty`, `rate`, `used_qty`, `mechanic_note`) VALUES ('13', '56496831', '15.00', '250', '2', '');
UPDATE `job` SET `recommendation` = 'zxc'
WHERE `job_id` = '13';
UPDATE `job_details` SET `end_datetime` = '2019-08-09 15:00'
WHERE `job_type_id` = '2'
AND `job_id` = '13';
UPDATE `job` SET `odometer` = '', `hubo_meter` = '', `hour_meter` = '', `cof_wof_date` = '', `registration_date` = '', `fuel_burn` = '', `status` = '3', `show_hide_status` = '0'
WHERE `job_id` = '13';
INSERT INTO `customer_ledger` (`transaction_id`, `customer_id`, `invoice_no`, `date`, `amount`, `description`, `status`, `d_c`) VALUES ('QR8FTFDHG4RFRQF', 'PBYX89KNGFCAUPP', '9933988819', '2019-08-08', '682.5', 'Purchase by customer', 1, 'd');
INSERT INTO `customer_ledger` (`transaction_id`, `customer_id`, `receipt_no`, `date`, `amount`, `payment_type`, `invoice_no`, `description`, `status`, `d_c`) VALUES ('QR8FTFDHG4RFRQF', 'PBYX89KNGFCAUPP', 'VEOXV5H9YT', '2019-08-08', 0, 1, '9933988819', 'Paid by customer', 1, 'c');
INSERT INTO `transection` (`transaction_id`, `relation_id`, `transection_type`, `date_of_transection`, `transection_category`, `amount`, `transection_mood`, `is_transaction`, `description`) VALUES ('QR8FTFDHG4RFRQF', 'PBYX89KNGFCAUPP', 2, '2019-08-08', 2, 0, 1, 0, 'Paid by customer');
INSERT INTO `acc_transaction` (`VNo`, `Vtype`, `VDate`, `COAID`, `Narration`, `Debit`, `Credit`, `IsPosted`, `CreateBy`, `CreateDate`, `IsAppove`) VALUES ('9933988819', 'INV', '2019-08-08 11:21:07', 10107, 'Inventory credit For Invoice No9933988819', 0, '', 1, '1', '2019-08-08 11:21:07', 1);
INSERT INTO `acc_transaction` (`VNo`, `Vtype`, `VDate`, `COAID`, `Narration`, `Debit`, `Credit`, `IsPosted`, `CreateBy`, `CreateDate`, `IsAppove`) VALUES ('9933988819', 'INV', '2019-08-08 11:21:07', '1020301-1', 'Customer debit For Invoice No9933988819', '682.5', 0, 1, '1', '2019-08-08 11:21:07', 1);
INSERT INTO `invoice` (`job_id`, `invoice_id`, `customer_id`, `date`, `total_amount`, `total_tax`, `invoice`, `invoice_details`, `invoice_discount`, `total_discount`, `prevous_due`, `shipping_cost`, `sales_by`, `status`) VALUES ('13', '9933988819', 'PBYX89KNGFCAUPP', '2019-08-08', '682.5', '5', 1002, '', '', '', '', '', '1', 1);
INSERT INTO `invoice_details` (`invoice_details_id`, `invoice_id`, `product_id`, `quantity`, `rate`, `discount`, `description`, `discount_per`, `tax`, `paid_amount`, `due_amount`, `supplier_rate`, `total_price`, `status`) VALUES ('598417912646171', '9933988819', '2', '1', '150', '', '', '', '', 0, 0, '', '150.00', 1);
INSERT INTO `invoice_details` (`invoice_details_id`, `invoice_id`, `product_id`, `quantity`, `rate`, `discount`, `description`, `discount_per`, `tax`, `paid_amount`, `due_amount`, `supplier_rate`, `total_price`, `status`) VALUES ('845111577716251', '9933988819', '56496831', '2', '250', '', '', '', '', 0, 0, '', '500.00', 1);
UPDATE `job` SET `is_invoice` = 1
WHERE `job_id` = '13';
INSERT INTO `product_purchase` (`purchase_id`, `chalan_no`, `supplier_id`, `grand_total_amount`, `total_discount`, `purchase_date`, `purchase_details`, `status`) VALUES ('20190808133251', '159154', 'CSBNKKVDQK8DJ77ALHJI', '2200.00', NULL, '2019-08-08', '', 1);
INSERT INTO `acc_transaction` (`VNo`, `Vtype`, `VDate`, `COAID`, `Narration`, `Debit`, `Credit`, `IsPosted`, `CreateBy`, `CreateDate`, `IsAppove`) VALUES ('20190808133251', 'Purchase', '2019-08-08', 10107, 'Inventory Debit For Purchase No20190808133251', '2200.00', 0, 1, '1', '2019-08-08 13:32:51', 1);
INSERT INTO `acc_transaction` (`VNo`, `Vtype`, `VDate`, `COAID`, `Narration`, `Debit`, `Credit`, `IsPosted`, `CreateBy`, `CreateDate`, `IsAppove`) VALUES ('20190808133251', 'Purchase', '2019-08-08', '5020200011', 'Purchase No.20190808133251', 0, '2200.00', 1, '1', '2019-08-08', 1);
INSERT INTO `supplier_ledger` (`transaction_id`, `chalan_no`, `supplier_id`, `amount`, `date`, `description`, `status`, `d_c`) VALUES ('20190808133251', '159154', 'CSBNKKVDQK8DJ77ALHJI', '2200.00', '2019-08-08', '', 1, 'c');
INSERT INTO `product_purchase_details` (`purchase_detail_id`, `purchase_id`, `product_id`, `quantity`, `rate`, `total_amount`, `discount`, `status`) VALUES ('u220VhsDa4POxiO', '20190808133251', '56496831', '10', '220', '2200.00', NULL, 1);
INSERT INTO `job` (`customer_id`, `work_order_no`, `vehicle_id`, `schedule_date_time`, `delivery_date_time`, `customer_ref`, `job_description`, `alert_via`, `create_by`, `create_date`, `status`) VALUES ('PBYX89KNGFCAUPP', '8-1565264037', '8', '2019-08-08 17:34', '2019-08-08 17:34', '', '', 'sms', '1', '2019-08-08 13:34:19', 0);
INSERT INTO `job_details` (`job_id`, `job_type_id`, `assign_to`, `rate`, `client_notes`, `status`) VALUES (14, '24', 'JX9SPDLO4UM7KRB', '85', '', 0);
DELETE FROM `job_details`
WHERE `job_id` = '14';
INSERT INTO `job_details` (`job_id`, `job_type_id`, `rate`, `assign_to`, `start_datetime`, `mechanic_notes`, `status`) VALUES ('14', '24', '85', 'JX9SPDLO4UM7KRB', '2019-08-08 17:34', '', 3);
INSERT INTO `job_products_used` (`job_id`, `product_id`, `available_qty`, `rate`, `used_qty`, `mechanic_note`) VALUES ('14', '56496831', '25.00', '250', '3', '');
UPDATE `job` SET `recommendation` = ''
WHERE `job_id` = '14';
UPDATE `job_details` SET `end_datetime` = '2019-08-08 17:34'
WHERE `job_type_id` = '24'
AND `job_id` = '14';
UPDATE `job` SET `odometer` = '', `hubo_meter` = '', `hour_meter` = '', `cof_wof_date` = '', `registration_date` = '', `fuel_burn` = '', `status` = '3', `show_hide_status` = '0'
WHERE `job_id` = '14';
INSERT INTO `customer_ledger` (`transaction_id`, `customer_id`, `invoice_no`, `date`, `amount`, `description`, `status`, `d_c`) VALUES ('OGMWQMGK7IEWH3M', 'PBYX89KNGFCAUPP', '1775736428', '2019-08-08', '876.75', 'Purchase by customer', 1, 'd');
INSERT INTO `customer_ledger` (`transaction_id`, `customer_id`, `receipt_no`, `date`, `amount`, `payment_type`, `invoice_no`, `description`, `status`, `d_c`) VALUES ('OGMWQMGK7IEWH3M', 'PBYX89KNGFCAUPP', 'AWYUT2HAWI', '2019-08-08', 0, 1, '1775736428', 'Paid by customer', 1, 'c');
INSERT INTO `transection` (`transaction_id`, `relation_id`, `transection_type`, `date_of_transection`, `transection_category`, `amount`, `transection_mood`, `is_transaction`, `description`) VALUES ('OGMWQMGK7IEWH3M', 'PBYX89KNGFCAUPP', 2, '2019-08-08', 2, 0, 1, 0, 'Paid by customer');
INSERT INTO `acc_transaction` (`VNo`, `Vtype`, `VDate`, `COAID`, `Narration`, `Debit`, `Credit`, `IsPosted`, `CreateBy`, `CreateDate`, `IsAppove`) VALUES ('1775736428', 'INV', '2019-08-08 13:35:24', 10107, 'Inventory credit For Invoice No1775736428', 0, '', 1, '1', '2019-08-08 13:35:24', 1);
INSERT INTO `acc_transaction` (`VNo`, `Vtype`, `VDate`, `COAID`, `Narration`, `Debit`, `Credit`, `IsPosted`, `CreateBy`, `CreateDate`, `IsAppove`) VALUES ('1775736428', 'INV', '2019-08-08 13:35:24', '1020301-1', 'Customer debit For Invoice No1775736428', '876.75', 0, 1, '1', '2019-08-08 13:35:24', 1);
INSERT INTO `invoice` (`job_id`, `invoice_id`, `customer_id`, `date`, `total_amount`, `total_tax`, `invoice`, `invoice_details`, `invoice_discount`, `total_discount`, `prevous_due`, `shipping_cost`, `sales_by`, `status`) VALUES ('14', '1775736428', 'PBYX89KNGFCAUPP', '2019-08-08', '876.75', '5', 1003, '', '', '', '', '', '1', 1);
INSERT INTO `invoice_details` (`invoice_details_id`, `invoice_id`, `product_id`, `quantity`, `rate`, `discount`, `description`, `discount_per`, `tax`, `paid_amount`, `due_amount`, `supplier_rate`, `total_price`, `status`) VALUES ('282163173367154', '1775736428', '24', '1', '85', '', '', '', '', 0, 0, '', '85.00', 1);
INSERT INTO `invoice_details` (`invoice_details_id`, `invoice_id`, `product_id`, `quantity`, `rate`, `discount`, `description`, `discount_per`, `tax`, `paid_amount`, `due_amount`, `supplier_rate`, `total_price`, `status`) VALUES ('699863922958111', '1775736428', '56496831', '3', '250', '', '', '', '', 0, 0, '', '750.00', 1);
UPDATE `job` SET `is_invoice` = 1
WHERE `job_id` = '14';
DELETE FROM `acc_coa`
WHERE `HeadName` = 'XR6WCK1A83R45J4-sdfsadf';
DELETE FROM `customer_information`
WHERE `customer_id` = 'XR6WCK1A83R45J4';
DELETE FROM `transection`
WHERE `relation_id` = 'XR6WCK1A83R45J4';
DELETE FROM `customer_ledger`
WHERE `customer_id` = 'XR6WCK1A83R45J4';
DELETE FROM `customer_ledger`
WHERE `customer_id` = 'XR6WCK1A83R45J4';
DELETE FROM `invoice`
WHERE `customer_id` = 'XR6WCK1A83R45J4';
DELETE FROM `users`
WHERE `user_id` = 'XR6WCK1A83R45J4';
DELETE FROM `user_login`
WHERE `user_id` = 'XR6WCK1A83R45J4';
DELETE FROM `job_type`
WHERE `job_type_id` = '43';
DELETE FROM `inspection`
WHERE `inspection_id` = '2';
DELETE FROM `inspection_list`
WHERE `inspection_id` = '2';
INSERT INTO `inspection` (`inspection_name`, `job_type_rate`, `standard_timing`, `create_by`, `create_date`) VALUES ('check checklist', '000', '6:00pm', '1', '2019-08-17');
INSERT INTO `job_type` (`fk_inspection_id`, `job_category_id`, `job_type_name`, `job_type_rate`, `standard_timing`, `create_by`, `create_date`, `status`) VALUES (3, '', 'check checklist', '000', '6:00pm', '1', '2019-08-17', 1);
INSERT INTO `inspection_list` (`inspection_id`, `category_id`, `job_type_id`) VALUES (3, '1', '2');
INSERT INTO `inspection_list` (`inspection_id`, `category_id`, `job_type_id`) VALUES (3, '2', '6');
INSERT INTO `inspection_list` (`inspection_id`, `category_id`, `job_type_id`) VALUES (3, '2', '8');
DELETE FROM `job_type`
WHERE `job_type_id` = '44';
DELETE FROM `inspection`
WHERE `inspection_id` = '3';
DELETE FROM `inspection_list`
WHERE `inspection_id` = '3';
INSERT INTO `inspection` (`inspection_name`, `job_type_rate`, `standard_timing`, `create_by`, `create_date`) VALUES ('new checklist', '324', '7:00pm', '1', '2019-08-17');
INSERT INTO `job_type` (`fk_inspection_id`, `job_category_id`, `job_type_name`, `job_type_rate`, `standard_timing`, `create_by`, `create_date`, `status`) VALUES (4, '', 'new checklist', '324', '7:00pm', '1', '2019-08-17', 1);
INSERT INTO `inspection_list` (`inspection_id`, `category_id`, `job_type_id`) VALUES (4, '1', '2');
INSERT INTO `inspection_list` (`inspection_id`, `category_id`, `job_type_id`) VALUES (4, '1', '40');
INSERT INTO `inspection_list` (`inspection_id`, `category_id`, `job_type_id`) VALUES (4, '1', '41');
INSERT INTO `inspection_list` (`inspection_id`, `category_id`, `job_type_id`) VALUES (4, '3', '11');
INSERT INTO `inspection_list` (`inspection_id`, `category_id`, `job_type_id`) VALUES (4, '3', '13');
DELETE FROM `job_type`
WHERE `job_type_id` = '45';
DELETE FROM `inspection`
WHERE `inspection_id` = '4';
DELETE FROM `inspection_list`
WHERE `inspection_id` = '4';
INSERT INTO `job` (`customer_id`, `work_order_no`, `vehicle_id`, `schedule_date_time`, `delivery_date_time`, `customer_ref`, `job_description`, `alert_via`, `create_by`, `create_date`, `status`) VALUES ('WY96Q26D9W3FORW', '7-1566048816', '7', '2019-08-17 19:34', '2019-08-17 19:34', '', '', 'never', '1', '2019-08-17 15:34:10', 0);
INSERT INTO `job_details` (`job_id`, `job_type_id`, `assign_to`, `rate`, `client_notes`, `status`) VALUES (15, '24', 'JX9SPDLO4UM7KRB', '85', '', 0);
UPDATE `job` SET `odometer` = '', `hubo_meter` = '', `hour_meter` = '', `cof_wof_date` = '0000-00-00', `registration_date` = '0000-00-00', `fuel_burn` = '', `status` = '3', `show_hide_status` = '0', `alert_via` = 'email'
WHERE `job_id` = '14';
UPDATE `job` SET `odometer` = '', `hubo_meter` = '', `hour_meter` = '', `cof_wof_date` = '0000-00-00', `registration_date` = '0000-00-00', `fuel_burn` = '', `status` = '3', `show_hide_status` = '0', `alert_via` = 'sms'
WHERE `job_id` = '14';
UPDATE `job` SET `odometer` = '', `hubo_meter` = '', `hour_meter` = '', `cof_wof_date` = '0000-00-00', `registration_date` = '0000-00-00', `fuel_burn` = '', `status` = '3', `show_hide_status` = '0', `schedule_date_time` = '2019-08-08 17:34', `delivery_date_time` = '2019-08-17 19:58', `alert_via` = 'sms'
WHERE `job_id` = '14';
INSERT INTO `language` (`phrase`) VALUES ('child_record_already_exists');
UPDATE `language` SET `english` = 'Child record already exists'
WHERE `phrase` = 'child_record_already_exists';
UPDATE `language` SET `english` = 'Select Transaction'
WHERE `phrase` = 'choose_transaction';
UPDATE `language` SET `english` = 'City'
WHERE `phrase` = 'city';
UPDATE `language` SET `english` = 'Close'
WHERE `phrase` = 'close';
UPDATE `language` SET `english` = 'Close your account'
WHERE `phrase` = 'close_your_account';
UPDATE `language` SET `english` = 'Closing'
WHERE `phrase` = 'closing';
UPDATE `language` SET `english` = 'Closing Account'
WHERE `phrase` = 'closing_account';
UPDATE `language` SET `english` = 'Closing Report'
WHERE `phrase` = 'closing_report';
UPDATE `language` SET `english` = 'Coa Print'
WHERE `phrase` = 'coa_print';
UPDATE `language` SET `english` = 'Code'
WHERE `phrase` = 'code';
UPDATE `language` SET `english` = 'COF Due'
WHERE `phrase` = 'cof_due';
UPDATE `language` SET `english` = 'COF/WOF Date'
WHERE `phrase` = 'cof_wof_date';
UPDATE `language` SET `english` = 'Collection'
WHERE `phrase` = 'collection';
UPDATE `language` SET `english` = 'Color'
WHERE `phrase` = 'color';
UPDATE `language` SET `english` = 'Comment'
WHERE `phrase` = 'comment';
UPDATE `language` SET `english` = 'Commission'
WHERE `phrase` = 'commission';
UPDATE `language` SET `english` = 'Commission Rate'
WHERE `phrase` = 'commission_rate';
UPDATE `language` SET `english` = 'Company Address'
WHERE `phrase` = 'company_address';
UPDATE `language` SET `english` = 'Company Details'
WHERE `phrase` = 'company_details';
UPDATE `language` SET `english` = 'Company Edit'
WHERE `phrase` = 'company_edit';
UPDATE `language` SET `english` = 'Company Email'
WHERE `phrase` = 'company_email';
UPDATE `language` SET `english` = 'Company Mobile'
WHERE `phrase` = 'company_mobile';
UPDATE `language` SET `english` = 'Company Name'
WHERE `phrase` = 'company_name';
UPDATE `language` SET `english` = 'Company Number'
WHERE `phrase` = 'company_number';
UPDATE `language` SET `english` = 'Company Phone'
WHERE `phrase` = 'company_phone';
UPDATE `language` SET `english` = 'Compnay Sales Discount'
WHERE `phrase` = 'company_sales_discount';
UPDATE `language` SET `english` = 'Company Type'
WHERE `phrase` = 'company_type';
UPDATE `language` SET `english` = 'Company Website'
WHERE `phrase` = 'company_website';
UPDATE `language` SET `english` = 'Complete'
WHERE `phrase` = 'complete';
UPDATE `language` SET `english` = 'Confirm'
WHERE `phrase` = 'confirm';
UPDATE `language` SET `english` = 'Confirm Clock'
WHERE `phrase` = 'confirm_clock';
UPDATE `language` SET `english` = 'Contact Details'
WHERE `phrase` = 'contact_details';
UPDATE `language` SET `english` = 'Contra Voucher'
WHERE `phrase` = 'contra_voucher';
UPDATE `language` SET `english` = 'Country'
WHERE `phrase` = 'country';
UPDATE `language` SET `english` = 'Country of origin'
WHERE `phrase` = 'country_of_origin';
UPDATE `language` SET `english` = 'Courtesy Vehicle Booking'
WHERE `phrase` = 'courtesy_vehicle_booking';
UPDATE `language` SET `english` = 'Courtesy Vehicle Bookins'
WHERE `phrase` = 'courtesy_vehicle_bookings';
UPDATE `language` SET `english` = 'Create'
WHERE `phrase` = 'create';
UPDATE `language` SET `english` = 'Create Account'
WHERE `phrase` = 'create_accounts';
UPDATE `language` SET `english` = 'Create Checklist'
WHERE `phrase` = 'create_checklist';
UPDATE `language` SET `english` = 'Create New Sale'
WHERE `phrase` = 'create_new_invoice';
UPDATE `language` SET `english` = 'Create POS Sale'
WHERE `phrase` = 'create_pos_invoice';
UPDATE `language` SET `english` = 'Credit'
WHERE `phrase` = 'credit';
UPDATE `language` SET `english` = 'Credit Account Head'
WHERE `phrase` = 'credit_account_head';
UPDATE `language` SET `english` = 'Credit Amount'
WHERE `phrase` = 'credit_ammount';
UPDATE `language` SET `english` = 'Credit Customer'
WHERE `phrase` = 'credit_customer';
UPDATE `language` SET `english` = 'Credit (-)'
WHERE `phrase` = 'credit_minus';
UPDATE `language` SET `english` = 'Credit Note'
WHERE `phrase` = 'credit_notes';
UPDATE `language` SET `english` = 'Credit Note No'
WHERE `phrase` = 'credit_note_no';
UPDATE `language` SET `english` = 'Credit Voucher'
WHERE `phrase` = 'credit_voucher';
DELETE FROM `users`
WHERE `user_id` = '6IMOCLXSE94IPAW';
DELETE FROM `user_login`
WHERE `user_id` = '6IMOCLXSE94IPAW';
DELETE FROM `employee_history`
WHERE `id` = '7';
INSERT INTO `language` (`phrase`) VALUES ('purchase_information');
UPDATE `language` SET `english` = 'Purchase Edit'
WHERE `phrase` = 'purchase_edit';
UPDATE `language` SET `english` = 'Purchase ID'
WHERE `phrase` = 'purchase_id';
UPDATE `language` SET `english` = 'Purchase Information'
WHERE `phrase` = 'purchase_information';
UPDATE `language` SET `english` = 'Purchase Ledger'
WHERE `phrase` = 'purchase_ledger';
UPDATE `language` SET `english` = 'Purchase Report'
WHERE `phrase` = 'purchase_report';
UPDATE `language` SET `english` = 'Purchase Report (Category wise)'
WHERE `phrase` = 'purchase_report_category_wise';
UPDATE `language` SET `english` = 'Qr-Code'
WHERE `phrase` = 'qr_code';
UPDATE `language` SET `english` = 'Quantity'
WHERE `phrase` = 'qty';
UPDATE `language` SET `english` = 'Qnty'
WHERE `phrase` = 'quantity';
UPDATE `language` SET `english` = 'Quantity per cartoon'
WHERE `phrase` = 'quantity_per_cartoon';
UPDATE `language` SET `english` = 'Quotation'
WHERE `phrase` = 'quotation';
UPDATE `language` SET `english` = 'Quotation Date'
WHERE `phrase` = 'quotation_date';
UPDATE `language` SET `english` = 'Quotation Details'
WHERE `phrase` = 'quotation_details';
UPDATE `language` SET `english` = 'Quotation No'
WHERE `phrase` = 'quotation_no';
UPDATE `language` SET `english` = 'Quotation Open'
WHERE `phrase` = 'quotation_open';
UPDATE `language` SET `english` = 'Rate'
WHERE `phrase` = 'rate';
UPDATE `language` SET `english` = 'Rate Type'
WHERE `phrase` = 'rate_type';
UPDATE `language` SET `english` = 'Read'
WHERE `phrase` = 'read';
UPDATE `language` SET `english` = 'Rear Axle Group Rating'
WHERE `phrase` = 'rear_axle_group_rating';
UPDATE `language` SET `english` = 'Reason'
WHERE `phrase` = 'reason';
UPDATE `language` SET `english` = 'Receipt'
WHERE `phrase` = 'receipt';
UPDATE `language` SET `english` = 'Receipt Amount'
WHERE `phrase` = 'receipt_amount';
UPDATE `language` SET `english` = 'Receipt NO'
WHERE `phrase` = 'receipt_no';
UPDATE `language` SET `english` = 'Received By'
WHERE `phrase` = 'received_by';
UPDATE `language` SET `english` = 'Received Payment'
WHERE `phrase` = 'received_payment';
UPDATE `language` SET `english` = 'Recommendation Notes'
WHERE `phrase` = 'recommendation_notes';
UPDATE `language` SET `english` = 'Recurring  Invoice'
WHERE `phrase` = 'recurring_invoice';
UPDATE `language` SET `english` = 'Reference'
WHERE `phrase` = 'reference';
UPDATE `language` SET `english` = 'Registration Date'
WHERE `phrase` = 'registration_date';
UPDATE `language` SET `english` = 'Registration Due'
WHERE `phrase` = 'registration_due';
UPDATE `language` SET `english` = 'Registration No'
WHERE `phrase` = 'registration_no';
UPDATE `language` SET `english` = 'Reg No'
WHERE `phrase` = 'reg_no';
UPDATE `language` SET `english` = 'Remark'
WHERE `phrase` = 'remark';
UPDATE `language` SET `english` = 'Report'
WHERE `phrase` = 'report';
UPDATE `language` SET `english` = 'Request'
WHERE `phrase` = 'request';
UPDATE `language` SET `english` = 'Reset'
WHERE `phrase` = 'reset';
UPDATE `language` SET `english` = 'Restore now'
WHERE `phrase` = 'restore_now';
UPDATE `language` SET `english` = 'Retail Markup'
WHERE `phrase` = 'retail_markup';
UPDATE `language` SET `english` = 'Return'
WHERE `phrase` = 'return';
UPDATE `language` SET `english` = 'Return ID'
WHERE `phrase` = 'return_id';
UPDATE `language` SET `english` = 'Sale Return'
WHERE `phrase` = 'return_invoice';
UPDATE `language` SET `english` = 'Return List'
WHERE `phrase` = 'return_list';
UPDATE `language` SET `english` = 'Supplier Return'
WHERE `phrase` = 'return_supplier';
UPDATE `language` SET `english` = 'Return To Supplier'
WHERE `phrase` = 'return_to_supplier';
UPDATE `language` SET `english` = 'Return Qty'
WHERE `phrase` = 'ret_quantity';
UPDATE `language` SET `english` = 'Re Order Level'
WHERE `phrase` = 're_order_level';
UPDATE `language` SET `english` = 'Re-Type Password'
WHERE `phrase` = 're_type_password';
UPDATE `language` SET `english` = 'Right'
WHERE `phrase` = 'right';
UPDATE `language` SET `english` = 'Role List'
WHERE `phrase` = 'role_list';
UPDATE `language` SET `english` = 'Role Name'
WHERE `phrase` = 'role_name';
INSERT INTO `language` (`phrase`) VALUES ('purchase_no');
UPDATE `language` SET `english` = 'Purchase Edit'
WHERE `phrase` = 'purchase_edit';
UPDATE `language` SET `english` = 'Purchase ID'
WHERE `phrase` = 'purchase_id';
UPDATE `language` SET `english` = 'Purchase Information'
WHERE `phrase` = 'purchase_information';
UPDATE `language` SET `english` = 'Purchase Ledger'
WHERE `phrase` = 'purchase_ledger';
UPDATE `language` SET `english` = 'Purchase No'
WHERE `phrase` = 'purchase_no';
UPDATE `language` SET `english` = 'Purchase Report'
WHERE `phrase` = 'purchase_report';
UPDATE `language` SET `english` = 'Purchase Report (Category wise)'
WHERE `phrase` = 'purchase_report_category_wise';
UPDATE `language` SET `english` = 'Qr-Code'
WHERE `phrase` = 'qr_code';
UPDATE `language` SET `english` = 'Quantity'
WHERE `phrase` = 'qty';
UPDATE `language` SET `english` = 'Qnty'
WHERE `phrase` = 'quantity';
UPDATE `language` SET `english` = 'Quantity per cartoon'
WHERE `phrase` = 'quantity_per_cartoon';
UPDATE `language` SET `english` = 'Quotation'
WHERE `phrase` = 'quotation';
UPDATE `language` SET `english` = 'Quotation Date'
WHERE `phrase` = 'quotation_date';
UPDATE `language` SET `english` = 'Quotation Details'
WHERE `phrase` = 'quotation_details';
UPDATE `language` SET `english` = 'Quotation No'
WHERE `phrase` = 'quotation_no';
UPDATE `language` SET `english` = 'Quotation Open'
WHERE `phrase` = 'quotation_open';
UPDATE `language` SET `english` = 'Rate'
WHERE `phrase` = 'rate';
UPDATE `language` SET `english` = 'Rate Type'
WHERE `phrase` = 'rate_type';
UPDATE `language` SET `english` = 'Read'
WHERE `phrase` = 'read';
UPDATE `language` SET `english` = 'Rear Axle Group Rating'
WHERE `phrase` = 'rear_axle_group_rating';
UPDATE `language` SET `english` = 'Reason'
WHERE `phrase` = 'reason';
UPDATE `language` SET `english` = 'Receipt'
WHERE `phrase` = 'receipt';
UPDATE `language` SET `english` = 'Receipt Amount'
WHERE `phrase` = 'receipt_amount';
UPDATE `language` SET `english` = 'Receipt NO'
WHERE `phrase` = 'receipt_no';
UPDATE `language` SET `english` = 'Received By'
WHERE `phrase` = 'received_by';
UPDATE `language` SET `english` = 'Received Payment'
WHERE `phrase` = 'received_payment';
UPDATE `language` SET `english` = 'Recommendation Notes'
WHERE `phrase` = 'recommendation_notes';
UPDATE `language` SET `english` = 'Recurring  Invoice'
WHERE `phrase` = 'recurring_invoice';
UPDATE `language` SET `english` = 'Reference'
WHERE `phrase` = 'reference';
UPDATE `language` SET `english` = 'Registration Date'
WHERE `phrase` = 'registration_date';
UPDATE `language` SET `english` = 'Registration Due'
WHERE `phrase` = 'registration_due';
UPDATE `language` SET `english` = 'Registration No'
WHERE `phrase` = 'registration_no';
UPDATE `language` SET `english` = 'Reg No'
WHERE `phrase` = 'reg_no';
UPDATE `language` SET `english` = 'Remark'
WHERE `phrase` = 'remark';
UPDATE `language` SET `english` = 'Report'
WHERE `phrase` = 'report';
UPDATE `language` SET `english` = 'Request'
WHERE `phrase` = 'request';
UPDATE `language` SET `english` = 'Reset'
WHERE `phrase` = 'reset';
UPDATE `language` SET `english` = 'Restore now'
WHERE `phrase` = 'restore_now';
UPDATE `language` SET `english` = 'Retail Markup'
WHERE `phrase` = 'retail_markup';
UPDATE `language` SET `english` = 'Return'
WHERE `phrase` = 'return';
UPDATE `language` SET `english` = 'Return ID'
WHERE `phrase` = 'return_id';
UPDATE `language` SET `english` = 'Sale Return'
WHERE `phrase` = 'return_invoice';
UPDATE `language` SET `english` = 'Return List'
WHERE `phrase` = 'return_list';
UPDATE `language` SET `english` = 'Supplier Return'
WHERE `phrase` = 'return_supplier';
UPDATE `language` SET `english` = 'Return To Supplier'
WHERE `phrase` = 'return_to_supplier';
UPDATE `language` SET `english` = 'Return Qty'
WHERE `phrase` = 'ret_quantity';
UPDATE `language` SET `english` = 'Re Order Level'
WHERE `phrase` = 're_order_level';
UPDATE `language` SET `english` = 'Re-Type Password'
WHERE `phrase` = 're_type_password';
UPDATE `language` SET `english` = 'Right'
WHERE `phrase` = 'right';
UPDATE `language` SET `english` = 'Role List'
WHERE `phrase` = 'role_list';
UPDATE `quotation` SET `status` = '3'
WHERE `quotation_id` = 'XO3LRHX8PGNQD9M';
INSERT INTO `job` (`customer_id`, `work_order_no`, `vehicle_id`, `create_by`, `create_date`, `status`) VALUES ('PBYX89KNGFCAUPP', 'PBYX89KNGFCAUPP-1566120546', 'JS-1010', '1', '2019-08-18 11:29:06', 0);
INSERT INTO `job_details` (`job_id`, `job_type_id`, `assign_to`, `rate`, `client_notes`, `status`) VALUES (16, '33', '', '33', 'rate', 0);
INSERT INTO `job_details` (`job_id`, `job_type_id`, `assign_to`, `rate`, `client_notes`, `status`) VALUES (16, '18', '', '18', 'rate', 0);
INSERT INTO `job_products_used` (`job_id`, `product_id`, `rate`, `used_qty`, `mechanic_note`) VALUES (16, '56496831', '250.00', '2', '');
INSERT INTO `job_products_used` (`job_id`, `product_id`, `rate`, `used_qty`, `mechanic_note`) VALUES (16, '98456876', '120000.00', '1', '');
UPDATE `quotation` SET `status` = '3'
WHERE `quotation_id` = 'EK37LOV51TCC812';
INSERT INTO `job` (`customer_id`, `work_order_no`, `vehicle_id`, `create_by`, `create_date`, `status`) VALUES ('PBYX89KNGFCAUPP', 'PBYX89KNGFCAUPP-1566120659', '', '1', '2019-08-18 11:30:59', 0);
INSERT INTO `job_details` (`job_id`, `job_type_id`, `assign_to`, `rate`, `client_notes`, `status`) VALUES (17, '40', '', '40', 'rate', 0);
INSERT INTO `job_details` (`job_id`, `job_type_id`, `assign_to`, `rate`, `client_notes`, `status`) VALUES (17, '15', '', '15', 'rate', 0);
INSERT INTO `job_products_used` (`job_id`, `product_id`, `rate`, `used_qty`, `mechanic_note`) VALUES (17, '8801962686354', '25.00', '4', '');
INSERT INTO `job_products_used` (`job_id`, `product_id`, `rate`, `used_qty`, `mechanic_note`) VALUES (17, '79543814', '5000.00', '1', '');
UPDATE `sub_module` SET `module` = 'returns', `name` = 'returns', `url` = 'Cretrun_m', `parent_menu` = '63', `ordering` = '', `icon` = '', `description` = NULL, `image` = NULL, `directory` = NULL, `status` = 1
WHERE `id` = '64';
UPDATE `sub_module` SET `module` = 'return', `name` = 'return', `url` = '', `parent_menu` = '', `ordering` = '', `icon` = 'fa fa-retweet', `description` = NULL, `image` = NULL, `directory` = NULL, `status` = 1
WHERE `id` = '63';
UPDATE `sub_module` SET `module` = 'return', `name` = 'wastage_return_list', `url` = 'Cretrun_m/wastage_return_list', `parent_menu` = '63', `ordering` = '', `icon` = '', `description` = NULL, `image` = NULL, `directory` = NULL, `status` = 1
WHERE `id` = '67';
UPDATE `sub_module` SET `module` = 'return', `name` = 'supplier_return_list', `url` = 'Cretrun_m/supplier_return_list', `parent_menu` = '63', `ordering` = '', `icon` = '', `description` = NULL, `image` = NULL, `directory` = NULL, `status` = 1
WHERE `id` = '66';
UPDATE `sub_module` SET `module` = 'return', `name` = 'stock_return_list', `url` = 'Cretrun_m/return_list', `parent_menu` = '63', `ordering` = '', `icon` = '', `description` = NULL, `image` = NULL, `directory` = NULL, `status` = 1
WHERE `id` = '65';
UPDATE `sub_module` SET `module` = 'return', `name` = 'returns', `url` = 'Cretrun_m', `parent_menu` = '63', `ordering` = '', `icon` = '', `description` = NULL, `image` = NULL, `directory` = NULL, `status` = 1
WHERE `id` = '64';
select * from sec_role;
select * from sec_role;
UPDATE `sub_module` SET `module` = 'accounts', `name` = 'accounts_report', `url` = '', `parent_menu` = '108', `ordering` = '', `icon` = '', `description` = NULL, `image` = NULL, `directory` = NULL, `status` = 1
WHERE `id` = '117';
INSERT INTO `language` (`phrase`) VALUES ('accounts_report');
UPDATE `language` SET `english` = '1'
WHERE `phrase` = '1';
UPDATE `language` SET `english` = '10'
WHERE `phrase` = '10';
UPDATE `language` SET `english` = '100'
WHERE `phrase` = '100';
UPDATE `language` SET `english` = '1000'
WHERE `phrase` = '1000';
UPDATE `language` SET `english` = '2'
WHERE `phrase` = '2';
UPDATE `language` SET `english` = '20'
WHERE `phrase` = '20';
UPDATE `language` SET `english` = '5'
WHERE `phrase` = '5';
UPDATE `language` SET `english` = '50'
WHERE `phrase` = '50';
UPDATE `language` SET `english` = '500'
WHERE `phrase` = '500';
UPDATE `language` SET `english` = 'Accept'
WHERE `phrase` = 'accept';
UPDATE `language` SET `english` = 'Account'
WHERE `phrase` = 'account';
UPDATE `language` SET `english` = 'Accounts'
WHERE `phrase` = 'accounts';
UPDATE `language` SET `english` = 'Accounts Name'
WHERE `phrase` = 'accounts_name';
UPDATE `language` SET `english` = 'Accounts Report'
WHERE `phrase` = 'accounts_report';
UPDATE `language` SET `english` = 'Accounts Summary'
WHERE `phrase` = 'accounts_summary';
UPDATE `language` SET `english` = 'Accounts Summary Report'
WHERE `phrase` = 'accounts_summary_report';
UPDATE `language` SET `english` = 'Accounts Tree View'
WHERE `phrase` = 'accounts_tree_view';
UPDATE `language` SET `english` = 'This Account Already Exists !'
WHERE `phrase` = 'account_already_exists';
UPDATE `language` SET `english` = 'Account Closing Report'
WHERE `phrase` = 'account_closing_report';
UPDATE `language` SET `english` = 'Account Head'
WHERE `phrase` = 'account_code';
UPDATE `language` SET `english` = 'Account Details'
WHERE `phrase` = 'account_details';
UPDATE `language` SET `english` = 'Account Edit'
WHERE `phrase` = 'account_edit';
UPDATE `language` SET `english` = 'Account Name'
WHERE `phrase` = 'account_name';
UPDATE `language` SET `english` = 'Account Real Name'
WHERE `phrase` = 'account_real_name';
UPDATE `language` SET `english` = 'Account Summary'
WHERE `phrase` = 'account_summary';
UPDATE `language` SET `english` = 'Account Summary Report'
WHERE `phrase` = 'account_summary_report';
UPDATE `language` SET `english` = 'Account Type'
WHERE `phrase` = 'account_type';
UPDATE `language` SET `english` = 'Action'
WHERE `phrase` = 'action';
UPDATE `language` SET `english` = 'Active'
WHERE `phrase` = 'active';
UPDATE `language` SET `english` = 'A/C Name'
WHERE `phrase` = 'ac_name';
UPDATE `language` SET `english` = 'A/C Number'
WHERE `phrase` = 'ac_no';
UPDATE `language` SET `english` = 'Add'
WHERE `phrase` = 'add';
UPDATE `language` SET `english` = 'Addition'
WHERE `phrase` = 'addition';
UPDATE `language` SET `english` = 'Address'
WHERE `phrase` = 'address';
UPDATE `language` SET `english` = 'Address Line 1'
WHERE `phrase` = 'address_line_1';
UPDATE `language` SET `english` = 'Address Line 2'
WHERE `phrase` = 'address_line_2';
UPDATE `language` SET `english` = 'Attendance'
WHERE `phrase` = 'add_attendance';
UPDATE `language` SET `english` = 'Add Benefits'
WHERE `phrase` = 'add_beneficial';
UPDATE `language` SET `english` = 'Add Benefits'
WHERE `phrase` = 'add_benefits';
UPDATE `language` SET `english` = 'Add Bills'
WHERE `phrase` = 'add_bills';
UPDATE `language` SET `english` = 'Add Booking'
WHERE `phrase` = 'add_booking';
UPDATE `language` SET `english` = 'Add Category'
WHERE `phrase` = 'add_category';
UPDATE `language` SET `english` = 'Add Currency'
WHERE `phrase` = 'add_currency';
UPDATE `language` SET `english` = 'Add Customer'
WHERE `phrase` = 'add_customer';
UPDATE `language` SET `english` = 'Add Designation'
WHERE `phrase` = 'add_designation';
UPDATE `language` SET `english` = 'Add Employee'
WHERE `phrase` = 'add_employee';
UPDATE `language` SET `english` = 'Add Expense'
WHERE `phrase` = 'add_expese';
UPDATE `language` SET `english` = 'Add Form'
WHERE `phrase` = 'add_form';
UPDATE `language` SET `english` = 'Add Income'
WHERE `phrase` = 'add_income';
UPDATE `language` SET `english` = 'Add Income Tax'
WHERE `phrase` = 'add_incometax';
INSERT INTO `language` (`phrase`) VALUES ('returns');
UPDATE `language` SET `english` = 'Purchase Date'
WHERE `phrase` = 'purchase_date';
UPDATE `language` SET `english` = 'Purchase Edit'
WHERE `phrase` = 'purchase_edit';
UPDATE `language` SET `english` = 'Purchase ID'
WHERE `phrase` = 'purchase_id';
UPDATE `language` SET `english` = 'Purchase Information'
WHERE `phrase` = 'purchase_information';
UPDATE `language` SET `english` = 'Purchase Ledger'
WHERE `phrase` = 'purchase_ledger';
UPDATE `language` SET `english` = 'Purchase No'
WHERE `phrase` = 'purchase_no';
UPDATE `language` SET `english` = 'Purchase Report'
WHERE `phrase` = 'purchase_report';
UPDATE `language` SET `english` = 'Purchase Report (Category wise)'
WHERE `phrase` = 'purchase_report_category_wise';
UPDATE `language` SET `english` = 'Qr-Code'
WHERE `phrase` = 'qr_code';
UPDATE `language` SET `english` = 'Quantity'
WHERE `phrase` = 'qty';
UPDATE `language` SET `english` = 'Qnty'
WHERE `phrase` = 'quantity';
UPDATE `language` SET `english` = 'Quantity per cartoon'
WHERE `phrase` = 'quantity_per_cartoon';
UPDATE `language` SET `english` = 'Quotation'
WHERE `phrase` = 'quotation';
UPDATE `language` SET `english` = 'Quotation Date'
WHERE `phrase` = 'quotation_date';
UPDATE `language` SET `english` = 'Quotation Details'
WHERE `phrase` = 'quotation_details';
UPDATE `language` SET `english` = 'Quotation No'
WHERE `phrase` = 'quotation_no';
UPDATE `language` SET `english` = 'Quotation Open'
WHERE `phrase` = 'quotation_open';
UPDATE `language` SET `english` = 'Rate'
WHERE `phrase` = 'rate';
UPDATE `language` SET `english` = 'Rate Type'
WHERE `phrase` = 'rate_type';
UPDATE `language` SET `english` = 'Read'
WHERE `phrase` = 'read';
UPDATE `language` SET `english` = 'Rear Axle Group Rating'
WHERE `phrase` = 'rear_axle_group_rating';
UPDATE `language` SET `english` = 'Reason'
WHERE `phrase` = 'reason';
UPDATE `language` SET `english` = 'Receipt'
WHERE `phrase` = 'receipt';
UPDATE `language` SET `english` = 'Receipt Amount'
WHERE `phrase` = 'receipt_amount';
UPDATE `language` SET `english` = 'Receipt NO'
WHERE `phrase` = 'receipt_no';
UPDATE `language` SET `english` = 'Received By'
WHERE `phrase` = 'received_by';
UPDATE `language` SET `english` = 'Received Payment'
WHERE `phrase` = 'received_payment';
UPDATE `language` SET `english` = 'Recommendation Notes'
WHERE `phrase` = 'recommendation_notes';
UPDATE `language` SET `english` = 'Recurring  Invoice'
WHERE `phrase` = 'recurring_invoice';
UPDATE `language` SET `english` = 'Reference'
WHERE `phrase` = 'reference';
UPDATE `language` SET `english` = 'Registration Date'
WHERE `phrase` = 'registration_date';
UPDATE `language` SET `english` = 'Registration Due'
WHERE `phrase` = 'registration_due';
UPDATE `language` SET `english` = 'Registration No'
WHERE `phrase` = 'registration_no';
UPDATE `language` SET `english` = 'Reg No'
WHERE `phrase` = 'reg_no';
UPDATE `language` SET `english` = 'Remark'
WHERE `phrase` = 'remark';
UPDATE `language` SET `english` = 'Report'
WHERE `phrase` = 'report';
UPDATE `language` SET `english` = 'Request'
WHERE `phrase` = 'request';
UPDATE `language` SET `english` = 'Reset'
WHERE `phrase` = 'reset';
UPDATE `language` SET `english` = 'Restore now'
WHERE `phrase` = 'restore_now';
UPDATE `language` SET `english` = 'Retail Markup'
WHERE `phrase` = 'retail_markup';
UPDATE `language` SET `english` = 'Return'
WHERE `phrase` = 'return';
UPDATE `language` SET `english` = 'Returns'
WHERE `phrase` = 'returns';
UPDATE `language` SET `english` = 'Return ID'
WHERE `phrase` = 'return_id';
UPDATE `language` SET `english` = 'Sale Return'
WHERE `phrase` = 'return_invoice';
UPDATE `language` SET `english` = 'Return List'
WHERE `phrase` = 'return_list';
UPDATE `language` SET `english` = 'Supplier Return'
WHERE `phrase` = 'return_supplier';
UPDATE `language` SET `english` = 'Return To Supplier'
WHERE `phrase` = 'return_to_supplier';
UPDATE `language` SET `english` = 'Return Qty'
WHERE `phrase` = 'ret_quantity';
UPDATE `language` SET `english` = 'Re Order Level'
WHERE `phrase` = 're_order_level';
UPDATE `language` SET `english` = 'Re-Type Password'
WHERE `phrase` = 're_type_password';
UPDATE `sub_module` SET `module` = 'service', `name` = 'service_reminder', `url` = 'Cservice/service_reminder', `parent_menu` = '27', `ordering` = '', `icon` = '', `description` = NULL, `image` = NULL, `directory` = NULL, `status` = 1
WHERE `id` = '29';
select * from sec_role;
UPDATE `sec_role` SET `type` = 'Customer Role', `id` = '3'
WHERE `id` = '3';
DELETE FROM `role_permission`
WHERE `role_id` = '3';
INSERT INTO `role_permission` (`create`, `delete`, `fk_module_id`, `read`, `role_id`, `update`) VALUES (0,0,'108',0,'3',0), (0,0,'109',0,'3',0), (0,0,'110',0,'3',0), (0,0,'111',0,'3',0), (0,0,'112',0,'3',0), (0,0,'113',0,'3',0), (0,0,'114',0,'3',0), (0,0,'115',0,'3',0), (0,0,'116',0,'3',0), (0,0,'117',0,'3',0), (0,0,'118',0,'3',0), (0,0,'119',0,'3',0), (0,0,'120',0,'3',0), (0,0,'121',0,'3',0), (0,0,'122',0,'3',0), (0,0,'123',0,'3',0), (0,0,'124',0,'3',0), (0,0,'104',0,'3',0), (0,0,'105',0,'3',0), (0,0,'106',0,'3',0), (0,0,'107',0,'3',0), ('1',0,'11','1','3',0), ('1',0,'12','1','3',0), ('1',0,'13','1','3',0), ('1',0,'14','1','3',0), (0,0,'15',0,'3',0), (0,0,'16',0,'3',0), (0,0,'1',0,'3',0), (0,0,'2',0,'3',0), (0,0,'3',0,'3',0), (0,0,'4',0,'3',0), (0,0,'5',0,'3',0), (0,0,'6',0,'3',0), (0,0,'7',0,'3',0), (0,0,'125',0,'3',0), (0,0,'126',0,'3',0), (0,0,'127',0,'3',0), (0,0,'128',0,'3',0), (0,0,'58',0,'3',0), (0,0,'59',0,'3',0), (0,0,'60',0,'3',0), (0,0,'61',0,'3',0), (0,0,'62',0,'3',0), (0,0,'31',0,'3',0), (0,0,'32',0,'3',0), (0,0,'33',0,'3',0), (0,0,'46',0,'3',0), (0,0,'47',0,'3',0), (0,0,'48',0,'3',0), (0,0,'49',0,'3',0), (0,0,'50',0,'3',0), (0,0,'51',0,'3',0), (0,0,'52',0,'3',0), (0,0,'34','1','3',0), (0,0,'35',0,'3',0), (0,0,'36','1','3',0), (0,0,'37',0,'3',0), (0,0,'38',0,'3',0), (0,0,'39',0,'3',0), ('1',0,'20',0,'3',0), (0,0,'21','1','3',0), (0,0,'22','1','3',0), (0,0,'23',0,'3',0), (0,0,'24',0,'3',0), (0,0,'25',0,'3',0), ('1',0,'26','1','3',0), (0,0,'53',0,'3',0), (0,0,'54',0,'3',0), (0,0,'55',0,'3',0), (0,0,'56',0,'3',0), (0,0,'57',0,'3',0), ('1',0,'17','1','3',0), ('1',0,'18','1','3',0), ('1',0,'19','1','3',0), (0,0,'73',0,'3',0), (0,0,'74',0,'3',0), (0,0,'75',0,'3',0), (0,0,'76',0,'3',0), (0,0,'77',0,'3',0), (0,0,'78',0,'3',0), (0,0,'79',0,'3',0), (0,0,'80',0,'3',0), (0,0,'81',0,'3',0), (0,0,'82',0,'3',0), (0,0,'83',0,'3',0), (0,0,'84',0,'3',0), (0,0,'85',0,'3',0), (0,0,'86',0,'3',0), (0,0,'87',0,'3',0), (0,0,'88',0,'3',0), (0,0,'89',0,'3',0), (0,0,'90',0,'3',0), (0,0,'91',0,'3',0), (0,0,'92',0,'3',0), (0,0,'93',0,'3',0), (0,0,'94',0,'3',0), (0,0,'95',0,'3',0), (0,0,'96',0,'3',0), (0,0,'97',0,'3',0), (0,0,'98',0,'3',0);
INSERT INTO `role_permission` (`create`, `delete`, `fk_module_id`, `read`, `role_id`, `update`) VALUES (0,0,'99',0,'3',0), (0,0,'100',0,'3',0), (0,0,'101',0,'3',0), (0,0,'102',0,'3',0), (0,0,'103',0,'3',0), (0,0,'63',0,'3',0), (0,0,'64',0,'3',0), (0,0,'65',0,'3',0), (0,0,'66',0,'3',0), (0,0,'67',0,'3',0), (0,0,'143',0,'3',0), (0,0,'145',0,'3',0), (0,0,'146',0,'3',0), (0,0,'147',0,'3',0), (0,0,'148',0,'3',0), ('1','1','27','1','3','1'), ('1','1','28','1','3','1'), ('1','1','29','1','3','1'), ('1','1','30','1','3','1'), (0,0,'68',0,'3',0), (0,0,'69',0,'3',0), (0,0,'70',0,'3',0), (0,0,'71',0,'3',0), (0,0,'72',0,'3',0), (0,0,'40',0,'3',0), (0,0,'41',0,'3',0), (0,0,'42',0,'3',0), (0,0,'43',0,'3',0), (0,0,'44',0,'3',0), (0,0,'45',0,'3',0), (0,0,'149',0,'3',0), (0,0,'150',0,'3',0), (0,0,'151',0,'3',0), (0,0,'152',0,'3',0), ('1',0,'8',0,'3',0), ('1','1','9','1','3','1'), ('1','1','10','1','3','1'), (0,0,'129',0,'3',0), (0,0,'130',0,'3',0), (0,0,'131',0,'3',0), (0,0,'132',0,'3',0), (0,0,'133',0,'3',0), (0,0,'134',0,'3',0), (0,0,'135',0,'3',0), (0,0,'136',0,'3',0), (0,0,'137',0,'3',0), (0,0,'138',0,'3',0), (0,0,'139',0,'3',0), (0,0,'140',0,'3',0), (0,0,'141',0,'3',0), (0,0,'142',0,'3',0);
select * from sec_role;
select * from sec_role;
INSERT INTO `service_reminder_tbl` (`customer_id`, `registration_no`, `job_type_id`, `occurrence_date`, `reminder_1`, `reminder_2`, `repeat_1`, `repeat_2`, `created_by`) VALUES ('PBYX89KNGFCAUPP', '8', '2', '2019-08-25', '1', 'weeks', '6', 'months', '1');
INSERT INTO `service_reminder_tbl` (`customer_id`, `registration_no`, `job_type_id`, `occurrence_date`, `reminder_count`, `reminder_period`, `repeat_count`, `repeat_period`, `created_by`) VALUES ('PBYX89KNGFCAUPP', '8', '3', '2019-08-26', NULL, NULL, NULL, NULL, '1');
INSERT INTO `service_reminder_tbl` (`customer_id`, `registration_no`, `job_type_id`, `occurrence_date`, `reminder_count`, `reminder_period`, `repeat_count`, `repeat_period`, `created_by`) VALUES ('PBYX89KNGFCAUPP', '8', '3', '2019-08-26', '1', 'weeks', '6', 'months', '1');
INSERT INTO `service_reminder_tbl` (`customer_id`, `registration_no`, `job_type_id`, `occurrence_date`, `reminder_count`, `reminder_period`, `repeat_count`, `repeat_period`, `created_by`) VALUES ('PBYX89KNGFCAUPP', '8', '40', '2019-09-19', '1', 'month', '6', 'month', '1');
UPDATE `sub_module` SET `module` = 'service', `name` = 'upcoming_service', `url` = 'Cservice/upcoming_service', `parent_menu` = '27', `ordering` = '', `icon` = '', `description` = NULL, `image` = NULL, `directory` = NULL, `status` = 1
WHERE `id` = '28';
UPDATE `sub_module` SET `module` = 'service', `name` = 'overdue_service', `url` = 'Cservice/overdue_service', `parent_menu` = '27', `ordering` = '', `icon` = '', `description` = NULL, `image` = NULL, `directory` = NULL, `status` = 1
WHERE `id` = '30';
INSERT INTO `service_reminder_tbl` (`customer_id`, `registration_no`, `job_type_id`, `occurrence_date`, `reminder_count`, `reminder_period`, `repeat_count`, `repeat_period`, `created_by`) VALUES ('WY96Q26D9W3FORW', '7', '40', '2019-08-20', '1', 'week', '2', 'month', '1');
INSERT INTO `service_reminder_tbl` (`customer_id`, `registration_no`, `job_type_id`, `occurrence_date`, `reminder_count`, `reminder_period`, `repeat_count`, `repeat_period`, `created_by`) VALUES ('PBYX89KNGFCAUPP', '8', '5', '2019-10-30', '1', 'week', '2', 'month', '1');
UPDATE `service_reminder_tbl` SET `status` = 1
WHERE `id` = '2';
INSERT INTO `service_reminder_tbl` (`customer_id`, `registration_no`, `job_type_id`, `occurrence_date`, `reminder_count`, `reminder_period`, `repeat_count`, `repeat_period`, `created_by`) VALUES ('PBYX89KNGFCAUPP', '8', '32', '2019-09-01', '1', 'month', '', '', '1');
select * from sec_role;
UPDATE `sec_role` SET `type` = 'Customer Role', `id` = '3'
WHERE `id` = '3';
DELETE FROM `role_permission`
WHERE `role_id` = '3';
INSERT INTO `role_permission` (`create`, `delete`, `fk_module_id`, `read`, `role_id`, `update`) VALUES (0,0,'108',0,'3',0), (0,0,'109',0,'3',0), (0,0,'110',0,'3',0), (0,0,'111',0,'3',0), (0,0,'112',0,'3',0), (0,0,'113',0,'3',0), (0,0,'114',0,'3',0), (0,0,'115',0,'3',0), (0,0,'116',0,'3',0), (0,0,'117',0,'3',0), (0,0,'118',0,'3',0), (0,0,'119',0,'3',0), (0,0,'120',0,'3',0), (0,0,'121',0,'3',0), (0,0,'122',0,'3',0), (0,0,'123',0,'3',0), (0,0,'124',0,'3',0), (0,0,'104',0,'3',0), (0,0,'105',0,'3',0), (0,0,'106',0,'3',0), (0,0,'107',0,'3',0), ('1',0,'11','1','3',0), ('1',0,'12','1','3',0), ('1',0,'13','1','3',0), ('1',0,'14','1','3',0), (0,0,'15',0,'3',0), (0,0,'16',0,'3',0), (0,0,'1',0,'3',0), (0,0,'2',0,'3',0), (0,0,'3',0,'3',0), (0,0,'4',0,'3',0), (0,0,'5',0,'3',0), (0,0,'6',0,'3',0), (0,0,'7',0,'3',0), (0,0,'125',0,'3',0), (0,0,'126',0,'3',0), (0,0,'127',0,'3',0), (0,0,'128',0,'3',0), (0,0,'58',0,'3',0), (0,0,'59',0,'3',0), (0,0,'60',0,'3',0), (0,0,'61',0,'3',0), (0,0,'62',0,'3',0), (0,0,'31',0,'3',0), (0,0,'32',0,'3',0), (0,0,'33',0,'3',0), (0,0,'46',0,'3',0), (0,0,'47',0,'3',0), (0,0,'48',0,'3',0), (0,0,'49',0,'3',0), (0,0,'50',0,'3',0), (0,0,'51',0,'3',0), (0,0,'52',0,'3',0), (0,0,'34','1','3',0), (0,0,'35',0,'3',0), (0,0,'36','1','3',0), (0,0,'37',0,'3',0), (0,0,'38',0,'3',0), (0,0,'39',0,'3',0), ('1',0,'20',0,'3',0), (0,0,'21','1','3',0), (0,0,'22','1','3',0), (0,0,'23',0,'3',0), (0,0,'24',0,'3',0), (0,0,'25',0,'3',0), ('1',0,'26','1','3',0), (0,0,'53',0,'3',0), (0,0,'54',0,'3',0), (0,0,'55',0,'3',0), (0,0,'56',0,'3',0), (0,0,'57',0,'3',0), ('1',0,'17','1','3',0), ('1',0,'18','1','3',0), ('1',0,'19','1','3',0), (0,0,'73',0,'3',0), (0,0,'74',0,'3',0), (0,0,'75',0,'3',0), (0,0,'76',0,'3',0), (0,0,'77',0,'3',0), (0,0,'78',0,'3',0), (0,0,'79',0,'3',0), (0,0,'80',0,'3',0), (0,0,'81',0,'3',0), (0,0,'82',0,'3',0), (0,0,'83',0,'3',0), (0,0,'84',0,'3',0), (0,0,'85',0,'3',0), (0,0,'86',0,'3',0), (0,0,'87',0,'3',0), (0,0,'88',0,'3',0), (0,0,'89',0,'3',0), (0,0,'90',0,'3',0), (0,0,'91',0,'3',0), (0,0,'92',0,'3',0), (0,0,'93',0,'3',0), (0,0,'94',0,'3',0), (0,0,'95',0,'3',0), (0,0,'96',0,'3',0), (0,0,'97',0,'3',0), (0,0,'98',0,'3',0);
INSERT INTO `role_permission` (`create`, `delete`, `fk_module_id`, `read`, `role_id`, `update`) VALUES (0,0,'99',0,'3',0), (0,0,'100',0,'3',0), (0,0,'101',0,'3',0), (0,0,'102',0,'3',0), (0,0,'103',0,'3',0), (0,0,'63',0,'3',0), (0,0,'64',0,'3',0), (0,0,'65',0,'3',0), (0,0,'66',0,'3',0), (0,0,'67',0,'3',0), (0,0,'143',0,'3',0), (0,0,'145',0,'3',0), (0,0,'146',0,'3',0), (0,0,'147',0,'3',0), (0,0,'148',0,'3',0), ('1','1','27','1','3','1'), ('1','1','28','1','3','1'), ('1','1','29','1','3','1'), ('1','1','30','1','3','1'), (0,0,'68',0,'3',0), (0,0,'69',0,'3',0), (0,0,'70',0,'3',0), (0,0,'71',0,'3',0), (0,0,'72',0,'3',0), (0,0,'40',0,'3',0), (0,0,'41',0,'3',0), (0,0,'42',0,'3',0), (0,0,'43',0,'3',0), (0,0,'44',0,'3',0), (0,0,'45',0,'3',0), (0,0,'149',0,'3',0), (0,0,'150',0,'3',0), (0,0,'151',0,'3',0), (0,0,'152',0,'3',0), ('1',0,'8',0,'3',0), ('1',0,'9','1','3',0), ('1',0,'10','1','3',0), (0,0,'129',0,'3',0), (0,0,'130',0,'3',0), (0,0,'131',0,'3',0), (0,0,'132',0,'3',0), (0,0,'133',0,'3',0), (0,0,'134',0,'3',0), (0,0,'135',0,'3',0), (0,0,'136',0,'3',0), (0,0,'137',0,'3',0), (0,0,'138',0,'3',0), (0,0,'139',0,'3',0), (0,0,'140',0,'3',0), (0,0,'141',0,'3',0), (0,0,'142',0,'3',0);
select * from sec_role;
INSERT INTO `sec_role` (`type`) VALUES ('test role');
DELETE FROM `role_permission`
WHERE `role_id` = 5;
INSERT INTO `role_permission` (`create`, `delete`, `fk_module_id`, `read`, `role_id`, `update`) VALUES ('1',0,'108',0,5,0), ('1',0,'109',0,5,0), ('1',0,'110',0,5,0), ('1',0,'111',0,5,0), ('1',0,'112',0,5,0), ('1',0,'113',0,5,0), ('1',0,'114',0,5,0), ('1',0,'115',0,5,0), ('1',0,'116',0,5,0), ('1',0,'117',0,5,0), ('1',0,'118',0,5,0), ('1',0,'119',0,5,0), ('1',0,'120',0,5,0), ('1',0,'121',0,5,0), ('1',0,'122',0,5,0), ('1',0,'123',0,5,0), ('1',0,'124',0,5,0), (0,0,'104','1',5,0), (0,0,'105','1',5,0), (0,0,'106','1',5,0), (0,0,'107','1',5,0), (0,0,'11',0,5,'1'), (0,0,'12',0,5,'1'), (0,0,'13',0,5,'1'), (0,0,'14',0,5,'1'), (0,0,'15',0,5,'1'), (0,0,'16',0,5,'1'), (0,'1','1',0,5,0), (0,'1','2',0,5,0), (0,'1','3',0,5,0), (0,'1','4',0,5,0), (0,'1','5',0,5,0), (0,'1','6',0,5,0), (0,'1','7',0,5,0), (0,0,'125',0,5,0), (0,0,'126',0,5,0), (0,0,'127',0,5,0), (0,0,'128',0,5,0), (0,0,'58',0,5,0), (0,0,'59',0,5,0), (0,0,'60',0,5,0), (0,0,'61',0,5,0), (0,0,'62',0,5,0), (0,0,'31',0,5,0), (0,0,'32',0,5,0), (0,0,'33',0,5,0), (0,0,'46',0,5,0), (0,0,'47',0,5,0), (0,0,'48',0,5,0), (0,0,'49',0,5,0), (0,0,'50',0,5,0), (0,0,'51',0,5,0), (0,0,'52',0,5,0), (0,0,'34',0,5,0), (0,0,'35',0,5,0), (0,0,'36',0,5,0), (0,0,'37',0,5,0), (0,0,'38',0,5,0), (0,0,'39',0,5,0), (0,0,'20',0,5,0), (0,0,'21',0,5,0), (0,0,'22',0,5,0), (0,0,'23',0,5,0), (0,0,'24',0,5,0), (0,0,'25',0,5,0), (0,0,'26',0,5,0), (0,0,'53',0,5,0), (0,0,'54',0,5,0), (0,0,'55',0,5,0), (0,0,'56',0,5,0), (0,0,'57',0,5,0), (0,0,'17',0,5,0), (0,0,'18',0,5,0), (0,0,'19',0,5,0), (0,0,'73',0,5,0), (0,0,'74',0,5,0), (0,0,'75',0,5,0), (0,0,'76',0,5,0), (0,0,'77',0,5,0), (0,0,'78',0,5,0), (0,0,'79',0,5,0), (0,0,'80',0,5,0), (0,0,'81',0,5,0), (0,0,'82',0,5,0), (0,0,'83',0,5,0), (0,0,'84',0,5,0), (0,0,'85',0,5,0), (0,0,'86',0,5,0), (0,0,'87',0,5,0), (0,0,'88',0,5,0), (0,0,'89',0,5,0), (0,0,'90',0,5,0), (0,0,'91',0,5,0), (0,0,'92',0,5,0), (0,0,'93',0,5,0), (0,0,'94',0,5,0), (0,0,'95',0,5,0), (0,0,'96',0,5,0), (0,0,'97',0,5,0), (0,0,'98',0,5,0);
INSERT INTO `role_permission` (`create`, `delete`, `fk_module_id`, `read`, `role_id`, `update`) VALUES (0,0,'99',0,5,0), (0,0,'100',0,5,0), (0,0,'101',0,5,0), (0,0,'102',0,5,0), (0,0,'103',0,5,0), (0,0,'63',0,5,0), (0,0,'64',0,5,0), (0,0,'65',0,5,0), (0,0,'66',0,5,0), (0,0,'67',0,5,0), (0,0,'143',0,5,0), (0,0,'145',0,5,0), (0,0,'146',0,5,0), (0,0,'147',0,5,0), (0,0,'148',0,5,0), (0,0,'27',0,5,0), (0,0,'28',0,5,0), (0,0,'29',0,5,0), (0,0,'30',0,5,0), (0,0,'68',0,5,0), (0,0,'69',0,5,0), (0,0,'70',0,5,0), (0,0,'71',0,5,0), (0,0,'72',0,5,0), (0,0,'40',0,5,0), (0,0,'41',0,5,0), (0,0,'42',0,5,0), (0,0,'43',0,5,0), (0,0,'44',0,5,0), (0,0,'45',0,5,0), (0,0,'149',0,5,0), (0,0,'150',0,5,0), (0,0,'151',0,5,0), (0,0,'152',0,5,0), (0,0,'8',0,5,0), (0,0,'9',0,5,0), (0,0,'10',0,5,0), (0,0,'129',0,5,0), (0,0,'130',0,5,0), (0,0,'131',0,5,0), (0,0,'132',0,5,0), (0,0,'133',0,5,0), (0,0,'134',0,5,0), (0,0,'135',0,5,0), (0,0,'136',0,5,0), (0,0,'137',0,5,0), (0,0,'138',0,5,0), (0,0,'139',0,5,0), (0,0,'140',0,5,0), (0,0,'141',0,5,0), (0,0,'142',0,5,0);
select * from sec_role;
UPDATE `sec_role` SET `type` = 'test role', `id` = '5'
WHERE `id` = '5';
DELETE FROM `role_permission`
WHERE `role_id` = '5';
INSERT INTO `role_permission` (`create`, `delete`, `fk_module_id`, `read`, `role_id`, `update`) VALUES ('1','1','108','1','5','1'), ('1','1','109','1','5','1'), ('1','1','110','1','5','1'), ('1','1','111','1','5','1'), ('1','1','112','1','5','1'), ('1','1','113','1','5','1'), ('1','1','114','1','5','1'), ('1','1','115','1','5','1'), ('1','1','116','1','5','1'), ('1','1','117','1','5','1'), ('1','1','118','1','5','1'), ('1','1','119','1','5','1'), ('1','1','120','1','5','1'), ('1','1','121','1','5','1'), ('1','1','122','1','5','1'), ('1','1','123','1','5','1'), ('1','1','124','1','5','1'), ('1','1','104','1','5','1'), ('1','1','105','1','5','1'), ('1','1','106','1','5','1'), ('1','1','107','1','5','1'), ('1','1','11','1','5','1'), ('1','1','12','1','5','1'), ('1','1','13','1','5','1'), ('1','1','14','1','5','1'), ('1','1','15','1','5','1'), ('1','1','16','1','5','1'), ('1','1','1','1','5','1'), ('1','1','2','1','5','1'), ('1','1','3','1','5','1'), ('1','1','4','1','5','1'), ('1','1','5','1','5','1'), ('1','1','6','1','5','1'), ('1','1','7','1','5','1'), ('1','1','125','1','5','1'), ('1','1','126','1','5','1'), ('1','1','127','1','5','1'), ('1','1','128','1','5','1'), ('1','1','58','1','5','1'), ('1','1','59','1','5','1'), ('1','1','60','1','5','1'), ('1','1','61','1','5','1'), ('1','1','62','1','5','1'), ('1','1','31','1','5','1'), ('1','1','32','1','5','1'), ('1','1','33','1','5','1'), ('1','1','46','1','5','1'), ('1','1','47','1','5','1'), ('1','1','48','1','5','1'), ('1','1','49','1','5','1'), ('1','1','50','1','5','1'), ('1','1','51','1','5','1'), ('1','1','52','1','5','1'), ('1','1','34','1','5','1'), ('1','1','35','1','5','1'), ('1','1','36','1','5','1'), ('1','1','37','1','5','1'), ('1','1','38','1','5','1'), ('1','1','39','1','5','1'), ('1','1','20','1','5','1'), ('1','1','21','1','5','1'), ('1','1','22','1','5','1'), ('1','1','23','1','5','1'), ('1','1','24','1','5','1'), ('1','1','25','1','5','1'), ('1','1','26','1','5','1'), ('1','1','53','1','5','1'), ('1','1','54','1','5','1'), ('1','1','55','1','5','1'), ('1','1','56','1','5','1'), ('1','1','57','1','5','1'), ('1','1','17','1','5','1'), ('1','1','18','1','5','1'), ('1','1','19','1','5','1'), ('1','1','73','1','5','1'), ('1','1','74','1','5','1'), ('1','1','75','1','5','1'), ('1','1','76','1','5','1'), ('1','1','77','1','5','1'), ('1','1','78','1','5','1'), ('1','1','79','1','5','1'), ('1','1','80','1','5','1'), ('1','1','81','1','5','1'), ('1','1','82','1','5','1'), ('1','1','83','1','5','1'), ('1','1','84','1','5','1'), ('1','1','85','1','5','1'), ('1','1','86','1','5','1'), ('1','1','87','1','5','1'), ('1','1','88','1','5','1'), ('1','1','89','1','5','1'), ('1','1','90','1','5','1'), ('1','1','91','1','5','1'), ('1','1','92','1','5','1'), ('1','1','93','1','5','1'), ('1','1','94','1','5','1'), ('1','1','95','1','5','1'), ('1','1','96','1','5','1'), ('1','1','97','1','5','1'), ('1','1','98','1','5','1');
INSERT INTO `role_permission` (`create`, `delete`, `fk_module_id`, `read`, `role_id`, `update`) VALUES ('1','1','99','1','5','1'), ('1','1','100','1','5','1'), ('1','1','101','1','5','1'), ('1','1','102','1','5','1'), ('1','1','103','1','5','1'), ('1','1','63','1','5','1'), ('1','1','64','1','5','1'), ('1','1','65','1','5','1'), ('1','1','66','1','5','1'), ('1','1','67','1','5','1'), ('1','1','143','1','5','1'), ('1','1','145','1','5','1'), ('1','1','146','1','5','1'), ('1','1','147','1','5','1'), ('1','1','148','1','5','1'), ('1','1','27','1','5','1'), ('1','1','28','1','5','1'), ('1','1','29','1','5','1'), ('1','1','30','1','5','1'), ('1','1','68','1','5','1'), ('1','1','69','1','5','1'), ('1','1','70','1','5','1'), ('1','1','71','1','5','1'), ('1','1','72','1','5','1'), ('1','1','40','1','5','1'), ('1','1','41','1','5','1'), ('1','1','42','1','5','1'), ('1','1','43','1','5','1'), ('1','1','44','1','5','1'), ('1','1','45','1','5','1'), ('1','1','149','1','5','1'), ('1','1','150','1','5','1'), ('1','1','151','1','5','1'), ('1','1','152','1','5','1'), ('1','1','8','1','5','1'), ('1','1','9','1','5','1'), ('1','1','10','1','5','1'), ('1','1','129','1','5','1'), ('1','1','130','1','5','1'), ('1','1','131','1','5','1'), ('1','1','132','1','5','1'), ('1','1','133','1','5','1'), ('1','1','134','1','5','1'), ('1','1','135','1','5','1'), ('1','1','136','1','5','1'), ('1','1','137','1','5','1'), ('1','1','138','1','5','1'), ('1','1','139','1','5','1'), ('1','1','140','1','5','1'), ('1','1','141','1','5','1'), ('1','1','142','1','5','1');
select * from sec_role;
UPDATE `sec_role` SET `type` = 'test role', `id` = '5'
WHERE `id` = '5';
DELETE FROM `role_permission`
WHERE `role_id` = '5';
INSERT INTO `role_permission` (`create`, `delete`, `fk_module_id`, `read`, `role_id`, `update`) VALUES ('1','1','108','1','5','1'), ('1','1','109','1','5','1'), ('1','1','110','1','5','1'), ('1','1','111','1','5','1'), ('1','1','112','1','5','1'), ('1','1','113','1','5','1'), ('1','1','114','1','5','1'), ('1','1','115','1','5','1'), ('1','1','116','1','5','1'), ('1','1','117','1','5','1'), ('1','1','118','1','5','1'), ('1','1','119','1','5','1'), ('1','1','120','1','5','1'), ('1','1','121','1','5','1'), ('1','1','122','1','5','1'), ('1','1','123','1','5','1'), ('1','1','124','1','5','1'), ('1',0,'104','1','5','1'), ('1',0,'105','1','5','1'), ('1',0,'106','1','5','1'), ('1',0,'107','1','5','1'), ('1','1','11','1','5','1'), ('1','1','12','1','5','1'), ('1','1','13','1','5','1'), ('1','1','14','1','5','1'), ('1','1','15','1','5','1'), ('1','1','16','1','5','1'), ('1','1','1','1','5','1'), ('1','1','2','1','5','1'), ('1','1','3','1','5','1'), ('1','1','4','1','5','1'), ('1','1','5','1','5','1'), ('1','1','6','1','5','1'), ('1','1','7','1','5','1'), ('1','1','125','1','5','1'), ('1','1','126','1','5','1'), ('1','1','127','1','5','1'), ('1','1','128','1','5','1'), ('1','1','58','1','5','1'), ('1','1','59','1','5','1'), ('1','1','60','1','5','1'), ('1','1','61','1','5','1'), ('1','1','62','1','5','1'), ('1','1','31','1','5','1'), ('1','1','32','1','5','1'), ('1','1','33','1','5','1'), ('1','1','46','1','5','1'), ('1','1','47','1','5','1'), ('1','1','48','1','5','1'), ('1','1','49','1','5','1'), ('1','1','50','1','5','1'), ('1','1','51','1','5','1'), ('1','1','52','1','5','1'), ('1','1','34','1','5','1'), ('1','1','35','1','5','1'), ('1','1','36','1','5','1'), ('1','1','37','1','5','1'), ('1','1','38','1','5','1'), ('1','1','39','1','5','1'), ('1','1','20','1','5','1'), ('1','1','21','1','5','1'), ('1','1','22','1','5','1'), ('1','1','23','1','5','1'), ('1','1','24','1','5','1'), ('1','1','25','1','5','1'), ('1','1','26','1','5','1'), ('1','1','53','1','5','1'), ('1','1','54','1','5','1'), ('1','1','55','1','5','1'), ('1','1','56','1','5','1'), ('1','1','57','1','5','1'), ('1','1','17','1','5','1'), ('1','1','18','1','5','1'), ('1','1','19','1','5','1'), ('1','1','73','1','5','1'), ('1','1','74','1','5','1'), ('1','1','75','1','5','1'), ('1','1','76','1','5','1'), ('1','1','77','1','5','1'), ('1','1','78','1','5','1'), ('1','1','79','1','5','1'), ('1','1','80','1','5','1'), ('1','1','81','1','5','1'), ('1','1','82','1','5','1'), ('1','1','83','1','5','1'), ('1','1','84','1','5','1'), ('1','1','85','1','5','1'), ('1','1','86','1','5','1'), ('1','1','87','1','5','1'), ('1','1','88','1','5','1'), ('1','1','89','1','5','1'), ('1','1','90','1','5','1'), ('1','1','91','1','5','1'), ('1','1','92','1','5','1'), ('1','1','93','1','5','1'), ('1','1','94','1','5','1'), ('1','1','95','1','5','1'), ('1','1','96','1','5','1'), ('1','1','97','1','5','1'), ('1','1','98','1','5','1');
INSERT INTO `role_permission` (`create`, `delete`, `fk_module_id`, `read`, `role_id`, `update`) VALUES ('1','1','99','1','5','1'), ('1','1','100','1','5','1'), ('1','1','101','1','5','1'), ('1','1','102','1','5','1'), ('1','1','103','1','5','1'), ('1','1','63','1','5','1'), ('1','1','64','1','5','1'), ('1','1','65','1','5','1'), ('1','1','66','1','5','1'), ('1','1','67','1','5','1'), ('1','1','143','1','5','1'), ('1','1','145','1','5','1'), ('1','1','146','1','5','1'), ('1','1','147','1','5','1'), ('1','1','148','1','5','1'), ('1','1','27','1','5','1'), ('1','1','28','1','5','1'), ('1','1','29','1','5','1'), ('1','1','30','1','5','1'), ('1','1','68','1','5','1'), ('1','1','69','1','5','1'), ('1','1','70','1','5','1'), ('1','1','71','1','5','1'), ('1','1','72','1','5','1'), ('1','1','40','1','5','1'), ('1','1','41','1','5','1'), ('1','1','42','1','5','1'), ('1','1','43','1','5','1'), ('1','1','44','1','5','1'), ('1','1','45','1','5','1'), ('1','1','149','1','5','1'), ('1','1','150','1','5','1'), ('1','1','151','1','5','1'), ('1','1','152','1','5','1'), ('1','1','8','1','5','1'), ('1','1','9','1','5','1'), ('1','1','10','1','5','1'), ('1','1','129','1','5','1'), ('1','1','130','1','5','1'), ('1','1','131','1','5','1'), ('1','1','132','1','5','1'), ('1','1','133','1','5','1'), ('1','1','134','1','5','1'), ('1','1','135','1','5','1'), ('1','1','136','1','5','1'), ('1','1','137','1','5','1'), ('1','1','138','1','5','1'), ('1','1','139','1','5','1'), ('1','1','140','1','5','1'), ('1','1','141','1','5','1'), ('1','1','142','1','5','1');
select * from sec_role;
UPDATE `sub_module` SET `module` = 'inventory', `name` = 'group_pricing', `url` = 'Cproduct/group_pricing', `parent_menu` = '46', `ordering` = '', `icon` = '', `description` = NULL, `image` = NULL, `directory` = NULL, `status` = 1
WHERE `id` = '52';
UPDATE `sub_module` SET `module` = 'inventory', `name` = 'group_pricing', `url` = 'Cproduct/add_group_pricing', `parent_menu` = '46', `ordering` = '', `icon` = '', `description` = NULL, `image` = NULL, `directory` = NULL, `status` = 1
WHERE `id` = '52';
INSERT INTO `language` (`phrase`) VALUES ('hubu_reading');
INSERT INTO `language` (`phrase`) VALUES ('engine_hour');
UPDATE `language` SET `english` = 'Email'
WHERE `phrase` = 'email';
UPDATE `language` SET `english` = 'Emails & SMS'
WHERE `phrase` = 'emails_and_sms';
UPDATE `language` SET `english` = 'Employee'
WHERE `phrase` = 'employee';
UPDATE `language` SET `english` = 'Employee Designation'
WHERE `phrase` = 'employee_designation';
UPDATE `language` SET `english` = 'Employee Name'
WHERE `phrase` = 'employee_name';
UPDATE `language` SET `english` = 'Employee Reports'
WHERE `phrase` = 'employee_reports';
UPDATE `language` SET `english` = 'Employee Salary Payment'
WHERE `phrase` = 'employee_salary_payment';
UPDATE `language` SET `english` = 'Employee Type'
WHERE `phrase` = 'employee_type';
UPDATE `language` SET `english` = 'Employee Update'
WHERE `phrase` = 'employee_update';
UPDATE `language` SET `english` = 'Employee Wise Report'
WHERE `phrase` = 'employee_wise_report';
UPDATE `language` SET `english` = 'End Datetime'
WHERE `phrase` = 'ending_datetime';
UPDATE `language` SET `english` = 'End Amount'
WHERE `phrase` = 'end_amount';
UPDATE `language` SET `english` = 'End Date'
WHERE `phrase` = 'end_date';
UPDATE `language` SET `english` = 'Engine Hour'
WHERE `phrase` = 'engine_hour';
UPDATE `language` SET `english` = 'Engine No'
WHERE `phrase` = 'engine_no';
UPDATE `language` SET `english` = 'Enter'
WHERE `phrase` = 'enter';
UPDATE `language` SET `english` = 'Enter Tax'
WHERE `phrase` = 'enter_tax';
UPDATE `language` SET `english` = 'Event'
WHERE `phrase` = 'event';
UPDATE `language` SET `english` = 'Expense'
WHERE `phrase` = 'expense';
UPDATE `language` SET `english` = 'Expense Edit'
WHERE `phrase` = 'expense_edit';
UPDATE `language` SET `english` = 'Expense Reports'
WHERE `phrase` = 'expense_reports';
UPDATE `language` SET `english` = 'In Time'
WHERE `phrase` = 'e_time';
UPDATE `language` SET `english` = 'Favicon'
WHERE `phrase` = 'favicon';
UPDATE `language` SET `english` = 'Favicon not uploaded !'
WHERE `phrase` = 'favicon_not_uploaded';
UPDATE `language` SET `english` = 'Filename'
WHERE `phrase` = 'filename';
UPDATE `language` SET `english` = 'File information'
WHERE `phrase` = 'file_information';
UPDATE `language` SET `english` = 'Financial Details'
WHERE `phrase` = 'financial_details';
UPDATE `language` SET `english` = 'Find'
WHERE `phrase` = 'find';
UPDATE `language` SET `english` = 'First Name'
WHERE `phrase` = 'first_name';
UPDATE `language` SET `english` = 'Fixed Dis.'
WHERE `phrase` = 'fixed_dis';
UPDATE `language` SET `english` = 'Follow Ups'
WHERE `phrase` = 'follow_ups';
UPDATE `language` SET `english` = 'Footer Text'
WHERE `phrase` = 'footer_text';
UPDATE `language` SET `english` = 'Forgot Password ?'
WHERE `phrase` = 'forgot_password';
UPDATE `language` SET `english` = 'From'
WHERE `phrase` = 'from';
UPDATE `language` SET `english` = 'From Date'
WHERE `phrase` = 'from_date';
UPDATE `language` SET `english` = 'Front Axle Group Rating'
WHERE `phrase` = 'front_axle_group_rating';
UPDATE `language` SET `english` = 'FTP Debug'
WHERE `phrase` = 'ftp_debug';
UPDATE `language` SET `english` = 'FTP Port'
WHERE `phrase` = 'ftp_port';
UPDATE `language` SET `english` = 'Fuel Burn'
WHERE `phrase` = 'fuel_burn';
UPDATE `language` SET `english` = 'Fuel Type'
WHERE `phrase` = 'fuel_type';
UPDATE `language` SET `english` = 'Full Paid'
WHERE `phrase` = 'full_paid';
UPDATE `language` SET `english` = 'Generated Date'
WHERE `phrase` = 'gdate';
UPDATE `language` SET `english` = 'Central Ledger'
WHERE `phrase` = 'general_ledger';
UPDATE `language` SET `english` = 'General ledger of'
WHERE `phrase` = 'general_ledger_of';
UPDATE `language` SET `english` = 'Generate'
WHERE `phrase` = 'generate';
UPDATE `language` SET `english` = 'Generated By'
WHERE `phrase` = 'generate_by';
UPDATE `language` SET `english` = 'Generate Commssion'
WHERE `phrase` = 'generate_commission';
UPDATE `language` SET `english` = 'Global Markup'
WHERE `phrase` = 'global_markup';
UPDATE `language` SET `english` = 'General Head'
WHERE `phrase` = 'gl_head';
UPDATE `language` SET `english` = 'Grand Total'
WHERE `phrase` = 'grand_total';
INSERT INTO `group_pricing_tbl` (`group_price_id`, `group_name`, `cumulative_price`, `groupprice`, `created_by`) VALUES (1566387277, 'Group One', '10500.00', '10200.00', '1');
INSERT INTO `job_details` (`group_price_id`, `product_id`, `product_rate`) VALUES (1566387277, '67154621', '500');
INSERT INTO `group_pricing_tbl` (`group_price_id`, `group_name`, `cumulative_price`, `groupprice`, `created_by`) VALUES (1566387350, 'Group One', '10500.00', '10200.00', '1');
INSERT INTO `job_details` (`group_price_id`, `product_id`, `product_rate`) VALUES (1566387350, '67154621', '500');
INSERT INTO `group_pricing_tbl` (`group_price_id`, `group_name`, `cumulative_price`, `groupprice`, `created_by`) VALUES (1566387354, 'Group One', '10500.00', '10200.00', '1');
INSERT INTO `job_details` (`group_price_id`, `product_id`, `product_rate`) VALUES (1566387354, '67154621', '500');
INSERT INTO `group_pricing_tbl` (`group_price_id`, `group_name`, `cumulative_price`, `groupprice`, `created_by`) VALUES (1566387408, 'Group One', '10500.00', '10200.00', '1');
INSERT INTO `group_pricing_details` (`group_price_id`, `product_id`, `product_rate`) VALUES (1566387408, '67154621', '500');
INSERT INTO `group_pricing_details` (`group_price_id`, `product_id`, `product_rate`) VALUES (1566387408, '97342595', '10000');
INSERT INTO `group_pricing_tbl` (`group_price_id`, `group_name`, `cumulative_price`, `groupprice`, `created_by`) VALUES (1566387491, 'Group Two', '5280.00', '5280.00', '1');
INSERT INTO `group_pricing_details` (`group_price_id`, `product_id`, `product_rate`) VALUES (1566387491, '56496831', '250');
INSERT INTO `group_pricing_details` (`group_price_id`, `product_id`, `product_rate`) VALUES (1566387491, '48868755', '30');
INSERT INTO `group_pricing_details` (`group_price_id`, `product_id`, `product_rate`) VALUES (1566387491, '79543814', '5000');
INSERT INTO `group_pricing_tbl` (`group_price_id`, `group_name`, `cumulative_price`, `groupprice`, `created_by`) VALUES ('GP1566394693', 'Group Three', '280.00', '250.00', '1');
INSERT INTO `group_pricing_details` (`group_price_id`, `product_id`, `product_rate`) VALUES ('GP1566394693', '56496831', '250');
INSERT INTO `group_pricing_details` (`group_price_id`, `product_id`, `product_rate`) VALUES ('GP1566394693', '48868755', '30');
INSERT INTO `product_information` (`product_id`, `product_name`, `category_id`, `unit`, `tax`, `serial_no`, `minimum_stock`, `reorder_level`, `product_location`, `global_markup`, `individual_markup`, `notes`, `price`, `product_model`, `product_details`, `image`, `status`) VALUES ('GP1566394693', 'Group Three', '', '', 0, '', '', '', '', '', '', '', '250.00', '', '', 'http://localhost/bdtask/garegmanagement/my-assets/image/product.png', 1);
INSERT INTO `group_pricing_tbl` (`group_price_id`, `group_name`, `cumulative_price`, `groupprice`, `created_by`) VALUES ('GP1566452235', 'Group Four', '5570.00', '3500', '1');
INSERT INTO `group_pricing_details` (`group_price_id`, `product_id`, `product_rate`) VALUES ('GP1566452235', '67154621', '500');
INSERT INTO `group_pricing_details` (`group_price_id`, `product_id`, `product_rate`) VALUES ('GP1566452235', '79543814', '5000');
INSERT INTO `group_pricing_details` (`group_price_id`, `product_id`, `product_rate`) VALUES ('GP1566452235', '93331124', '70');
INSERT INTO `product_information` (`product_id`, `product_name`, `category_id`, `unit`, `tax`, `serial_no`, `minimum_stock`, `reorder_level`, `product_location`, `global_markup`, `individual_markup`, `notes`, `price`, `product_model`, `product_details`, `image`, `status`) VALUES ('GP1566452235', 'Group Four', '', '', 0, '', '', '', '', '', '', '', '3500', '', '', 'http://localhost/bdtask/garegmanagement/my-assets/image/product.png', 1);
INSERT INTO `sub_module` (`id`, `module`, `name`, `url`, `parent_menu`, `ordering`, `icon`, `description`, `image`, `directory`, `status`) VALUES (NULL, 'inventory', 'group_price_list', 'Cproduct/group_price_list', '46', '', '', NULL, NULL, NULL, 1);
UPDATE `group_pricing_tbl` SET `group_price_id` = 'GP1566387408', `group_name` = 'Group One', `cumulative_price` = '15500.00', `groupprice` = '15500.00', `created_by` = '1'
WHERE `group_price_id` = 'GP1566387408';
DELETE FROM `group_pricing_details`
WHERE `group_price_id` = 'GP1566387408';
INSERT INTO `group_pricing_details` (`group_price_id`, `product_id`, `product_rate`) VALUES ('GP1566387408', '67154621', '500.00');
INSERT INTO `group_pricing_details` (`group_price_id`, `product_id`, `product_rate`) VALUES ('GP1566387408', '97342595', '10000.00');
INSERT INTO `group_pricing_details` (`group_price_id`, `product_id`, `product_rate`) VALUES ('GP1566387408', '79543814', '5000');
UPDATE `product_information` SET `product_id` = 'GP1566387408', `product_name` = 'Group One', `price` = '15500.00', `status` = 1
WHERE `product_id` = 'GP1566387408';
DELETE FROM `product_information`
WHERE `product_id` = 'GP1566387491';
DELETE FROM `group_pricing_tbl`
WHERE `group_price_id` = 'GP1566387491';
DELETE FROM `group_pricing_details`
WHERE `group_price_id` = 'GP1566387491';
UPDATE `sub_module` SET `module` = 'customer', `name` = 'custom_email', `url` = 'Ccustomer/custom_email', `parent_menu` = '1', `ordering` = '', `icon` = '', `description` = NULL, `image` = NULL, `directory` = NULL, `status` = 1
WHERE `id` = '7';
INSERT INTO `sub_module` (`id`, `module`, `name`, `url`, `parent_menu`, `ordering`, `icon`, `description`, `image`, `directory`, `status`) VALUES (NULL, 'customer', 'custom_sms', 'Ccustomer/custom_sms ', '1', '', '', NULL, NULL, NULL, 1);
INSERT INTO `custom_mail_tbl` (`email_to`, `message`, `attach`) VALUES ('shahabuddinp91@gmail.com', 'asss', '');
INSERT INTO `custom_mail_tbl` (`email_to`, `message`, `attach`) VALUES ('shahabuddinp91@gmail.com', 'asdf', '');
INSERT INTO `custom_mail_tbl` (`email_to`, `message`, `attach`) VALUES ('shahabuddinp91@gmail.com', 'adf', 'de5e418d96a4adf6a6e3a001402084fb.png');
INSERT INTO `custom_mail_tbl` (`email_to`, `message`, `attach`) VALUES ('shahabuddinp91@gmail.com', 'adf', 'dde858d235416936f2384043a555f909.png');
INSERT INTO `sub_module` (`id`, `module`, `name`, `url`, `parent_menu`, `ordering`, `icon`, `description`, `image`, `directory`, `status`) VALUES (NULL, 'web_settings', 'mail_setting', 'Cweb_setting/mail_setting', '129', '', '', NULL, NULL, NULL, 1);
UPDATE `email_config` SET `protocol` = 'smtp ddd', `smtp_host` = 'mail.google.com', `smtp_port` = '465', `smtp_user` = 'hmisahaq01@gmail.com', `smtp_pass` = 'hmisahaq01730164623', `mailtype` = 'html'
WHERE `id` = 1;
UPDATE `email_config` SET `protocol` = 'smtp ddd', `smtp_host` = 'mail.google.com', `smtp_port` = '465', `smtp_user` = 'hmisahaq01@gmail.com', `smtp_pass` = 'hmisahaq01730164623', `mailtype` = 'text'
WHERE `id` = 1;
UPDATE `email_config` SET `protocol` = 'smtp', `smtp_host` = 'mail.google.com', `smtp_port` = '465', `smtp_user` = 'hmisahaq01@gmail.com', `smtp_pass` = 'hmisahaq01730164623', `mailtype` = 'html'
WHERE `id` = 1;
INSERT INTO `sub_module` (`id`, `module`, `name`, `url`, `parent_menu`, `ordering`, `icon`, `description`, `image`, `directory`, `status`) VALUES (NULL, 'web_settings', 'sms_setting', 'Cweb_setting/sms_setting ', '129', '', '', NULL, NULL, NULL, 1);
UPDATE `email_config` SET `provider_name` = 'PN', `user` = 'admin', `password` = '123', `phone` = '123456789', `authenticatiion` = 'a'
WHERE `gateway_id` = 1;
UPDATE `email_config` SET `provider_name` = 'PN', `user` = 'admin', `password` = '123', `phone` = '123456789', `authenticatiion` = 'a'
WHERE `gateway_id` = 1;
UPDATE `sms_gateway` SET `provider_name` = 'PN', `user` = 'admin', `password` = '123', `phone` = '123456789', `authenticatiion` = 'a'
WHERE `gateway_id` = 1;
UPDATE `sms_gateway` SET `provider_name` = 'PN', `user` = 'admin', `password` = '123', `phone` = '123456789', `authenticatiion` = 'a'
WHERE `gateway_id` = 1;
UPDATE `sms_gateway` SET `provider_name` = 'PN', `user` = 'admin', `password` = '123', `phone` = '123456789', `authentication` = 'a'
WHERE `gateway_id` = 1;
UPDATE `sms_gateway` SET `provider_name` = 'PN', `user` = 'admin', `password` = '123', `phone` = '123456789', `authentication` = 'MDSU'
WHERE `gateway_id` = 1;
INSERT INTO `customer_information` (`customer_id`, `customer_name`, `customer_phone`, `customer_mobile`, `customer_email`, `customer_skype`, `customer_address`, `company_name`, `company_number`, `vat_number`, `company_type`, `postal_address`, `physical_address`, `website`, `director_name`, `director_mobile`, `director_phone`, `director_address`, `trade_reference_1`, `trade_reference_2`, `trade_reference_3`, `status`, `notes`, `notifications`, `payment_method`, `sales_discount_status`, `markup_discount`, `role_id`) VALUES ('EDI4C7213JSWBIT', 'outside customer', '32131435435', '122425254', 'outside@gmail.com', 'outside', '', 'bdtask', '', '', '', '', '', '', '', '', '', '', '', '', '', '', '', 'sms', 'cash', 'trade markup', '20', NULL);
INSERT INTO `user_login` (`user_id`, `username`, `password`, `user_type`, `status`) VALUES ('EDI4C7213JSWBIT', 'outside@gmail.com', '41d99b369894eb1ec3f461135132d8bb', '3', '1');
INSERT INTO `users` (`user_id`, `first_name`, `last_name`, `gender`, `date_of_birth`, `logo`, `status`) VALUES ('EDI4C7213JSWBIT', 'outside customer', '', '', '', '', '1');
INSERT INTO `sec_userrole` (`user_id`, `roleid`, `createby`, `createdate`) VALUES ('EDI4C7213JSWBIT', NULL, NULL, '2019-08-26 14:53:41');
DELETE FROM `acc_coa`
WHERE `HeadName` = 'EDI4C7213JSWBIT-outside customer';
DELETE FROM `customer_information`
WHERE `customer_id` = 'EDI4C7213JSWBIT';
DELETE FROM `transection`
WHERE `relation_id` = 'EDI4C7213JSWBIT';
DELETE FROM `customer_ledger`
WHERE `customer_id` = 'EDI4C7213JSWBIT';
DELETE FROM `customer_ledger`
WHERE `customer_id` = 'EDI4C7213JSWBIT';
DELETE FROM `invoice`
WHERE `customer_id` = 'EDI4C7213JSWBIT';
DELETE FROM `users`
WHERE `user_id` = 'EDI4C7213JSWBIT';
DELETE FROM `user_login`
WHERE `user_id` = 'EDI4C7213JSWBIT';
INSERT INTO `customer_information` (`customer_id`, `customer_name`, `customer_phone`, `customer_mobile`, `customer_email`, `customer_skype`, `customer_address`, `company_name`, `company_number`, `vat_number`, `company_type`, `postal_address`, `physical_address`, `website`, `director_name`, `director_mobile`, `director_phone`, `director_address`, `trade_reference_1`, `trade_reference_2`, `trade_reference_3`, `status`, `notes`, `notifications`, `payment_method`, `sales_discount_status`, `markup_discount`, `role_id`) VALUES ('393X38CK1QOL4XP', 'outside customer', '32131435435', '122425254', 'outside@gmail.com', 'outside', '', 'bdtask', '', '', '', '', '', '', '', '', '', '', '', '', '', '', '', 'sms', 'cash', 'trade markup', '20', NULL);
INSERT INTO `user_login` (`user_id`, `username`, `password`, `user_type`, `status`) VALUES ('393X38CK1QOL4XP', 'outside@gmail.com', '41d99b369894eb1ec3f461135132d8bb', '3', '1');
INSERT INTO `users` (`user_id`, `first_name`, `last_name`, `gender`, `date_of_birth`, `logo`, `status`) VALUES ('393X38CK1QOL4XP', 'outside customer', '', '', '', '', '1');
INSERT INTO `acc_coa` (`HeadCode`, `HeadName`, `PHeadName`, `HeadLevel`, `IsActive`, `IsTransaction`, `IsGL`, `HeadType`, `IsBudget`, `IsDepreciation`, `DepreciationRate`, `CreateBy`, `CreateDate`) VALUES ('1020301-5', '393X38CK1QOL4XP-outside customer', 'Customer Receivable', '4', '1', '1', '0', 'A', '0', '0', '0', NULL, '2019-08-26 14:57:00');
DELETE FROM `acc_coa`
WHERE `HeadName` = '393X38CK1QOL4XP-outside customer';
DELETE FROM `customer_information`
WHERE `customer_id` = '393X38CK1QOL4XP';
DELETE FROM `transection`
WHERE `relation_id` = '393X38CK1QOL4XP';
DELETE FROM `customer_ledger`
WHERE `customer_id` = '393X38CK1QOL4XP';
DELETE FROM `customer_ledger`
WHERE `customer_id` = '393X38CK1QOL4XP';
DELETE FROM `invoice`
WHERE `customer_id` = '393X38CK1QOL4XP';
DELETE FROM `users`
WHERE `user_id` = '393X38CK1QOL4XP';
DELETE FROM `user_login`
WHERE `user_id` = '393X38CK1QOL4XP';
INSERT INTO `customer_information` (`customer_id`, `customer_name`, `customer_phone`, `customer_mobile`, `customer_email`, `customer_skype`, `customer_address`, `company_name`, `company_number`, `vat_number`, `company_type`, `postal_address`, `physical_address`, `website`, `director_name`, `director_mobile`, `director_phone`, `director_address`, `trade_reference_1`, `trade_reference_2`, `trade_reference_3`, `status`, `notes`, `notifications`, `payment_method`, `sales_discount_status`, `markup_discount`, `role_id`) VALUES ('MF1C8KI7MO7Q2P2', 'outside customer', '32131435435', '122425254', 'outside@gmail.com', 'outside', '', 'bdtask', '', '', '', '', '', '', '', '', '', '', '', '', '', '', '', 'sms', 'cash', 'trade markup', '20', NULL);
INSERT INTO `user_login` (`user_id`, `username`, `password`, `user_type`, `status`) VALUES ('MF1C8KI7MO7Q2P2', 'outside@gmail.com', '41d99b369894eb1ec3f461135132d8bb', '3', '1');
INSERT INTO `users` (`user_id`, `first_name`, `last_name`, `gender`, `date_of_birth`, `logo`, `status`) VALUES ('MF1C8KI7MO7Q2P2', 'outside customer', '', '', '', '', '1');
INSERT INTO `acc_coa` (`HeadCode`, `HeadName`, `PHeadName`, `HeadLevel`, `IsActive`, `IsTransaction`, `IsGL`, `HeadType`, `IsBudget`, `IsDepreciation`, `DepreciationRate`, `CreateBy`, `CreateDate`) VALUES ('1020301-5', 'MF1C8KI7MO7Q2P2-outside customer', 'Customer Receivable', '4', '1', '1', '0', 'A', '0', '0', '0', 'out', '2019-08-26 14:59:25');
INSERT INTO `customer_ledger` (`transaction_id`, `customer_id`, `invoice_no`, `receipt_no`, `amount`, `description`, `payment_type`, `cheque_no`, `date`, `status`, `d_c`) VALUES ('7CQVFYE5AC', 'MF1C8KI7MO7Q2P2', 'NA', NULL, NULL, 'Previous adjustment with software', 'NA', 'NA', '2019-08-26', 1, 'd');
INSERT INTO `supplier_information` (`supplier_id`, `supplier_name`, `address`, `phone`, `mobile`, `email`, `website`, `notification`, `payment_method`, `order_by`, `status`) VALUES ('EVVNGWNBJCUGI5BXYOXW', 'HP', 'London', '354665465', '154541154', 'hp@gmail.com', 'hp.com', 'sms', 'cash', 'phone', 1);
INSERT INTO `acc_coa` (`HeadCode`, `HeadName`, `PHeadName`, `HeadLevel`, `IsActive`, `IsTransaction`, `IsGL`, `HeadType`, `IsBudget`, `IsDepreciation`, `DepreciationRate`, `CreateBy`, `CreateDate`) VALUES (5020200012, 'EVVNGWNBJCUGI5BXYOXW-HP', 'Account Payable', '3', '1', '1', '0', 'L', '0', '0', '0', '1', '2019-08-27 06:51:10');
INSERT INTO `supplier_ledger` (`transaction_id`, `supplier_id`, `chalan_no`, `deposit_no`, `amount`, `description`, `payment_type`, `cheque_no`, `date`, `status`, `d_c`) VALUES ('AAXBO5AT9C', 'EVVNGWNBJCUGI5BXYOXW', 'Adjustment ', NULL, 0, 'Previous adjustment with software', 'NA', 'NA', '2019-08-27', 1, 'c');
INSERT INTO `supplier_product` (`product_id`, `supplier_id`, `supplier_price`, `products_model`) VALUES ('12347759', 'EVVNGWNBJCUGI5BXYOXW', '22000', 'HPL-101');
INSERT INTO `product_information` (`product_id`, `product_name`, `category_id`, `unit`, `tax`, `serial_no`, `minimum_stock`, `reorder_level`, `product_location`, `global_markup`, `individual_markup`, `notes`, `price`, `product_model`, `product_details`, `image`, `status`) VALUES ('12347759', 'HP Laptop 101', '2VGB4K5NTR21BC5', 'Piece', 0, 'HPL-101', '', '', '', '', '', '', '25000', 'HPL-101', 'Brand Quality High', 'http://localhost/bdtask/garegmanagement/my-assets/image/product.png', 1);
INSERT INTO `product_purchase` (`purchase_id`, `chalan_no`, `supplier_id`, `grand_total_amount`, `total_discount`, `purchase_date`, `purchase_details`, `status`) VALUES ('20190827065323', 'P1025', 'EVVNGWNBJCUGI5BXYOXW', '660000.00', NULL, '2019-08-27', '', 1);
INSERT INTO `acc_transaction` (`VNo`, `Vtype`, `VDate`, `COAID`, `Narration`, `Debit`, `Credit`, `IsPosted`, `CreateBy`, `CreateDate`, `IsAppove`) VALUES ('20190827065323', 'Purchase', '2019-08-27', 10107, 'Inventory Debit For Purchase No20190827065323', '660000.00', 0, 1, '1', '2019-08-27 06:53:23', 1);
INSERT INTO `acc_transaction` (`VNo`, `Vtype`, `VDate`, `COAID`, `Narration`, `Debit`, `Credit`, `IsPosted`, `CreateBy`, `CreateDate`, `IsAppove`) VALUES ('20190827065323', 'Purchase', '2019-08-27', '5020200012', 'Purchase No.20190827065323', 0, '660000.00', 1, '1', '2019-08-27', 1);
INSERT INTO `supplier_ledger` (`transaction_id`, `chalan_no`, `supplier_id`, `amount`, `date`, `description`, `status`, `d_c`) VALUES ('20190827065323', 'P1025', 'EVVNGWNBJCUGI5BXYOXW', '660000.00', '2019-08-27', '', 1, 'c');
INSERT INTO `product_purchase_details` (`purchase_detail_id`, `purchase_id`, `product_id`, `quantity`, `rate`, `total_amount`, `discount`, `status`) VALUES ('vOl8W96dtAC25sj', '20190827065323', '12347759', '30', '22000', '660000.00', NULL, 1);
INSERT INTO `job` (`customer_id`, `work_order_no`, `vehicle_id`, `schedule_date_time`, `delivery_date_time`, `customer_ref`, `job_description`, `alert_via`, `create_by`, `create_date`, `status`) VALUES ('DTRN1PQXF5E1M3M', '5-1566881675', '5', '2019-08-27 10:55', '2019-08-27 10:55', '', '', 'sms', '1', '2019-08-27 06:55:33', 0);
INSERT INTO `job_details` (`job_id`, `job_type_id`, `assign_to`, `rate`, `client_notes`, `status`) VALUES (18, '2', 'XDG8P8VIGRE4FWF', '150', '', 0);
DELETE FROM `job_details`
WHERE `job_id` = '18';
INSERT INTO `job_details` (`job_id`, `job_type_id`, `rate`, `assign_to`, `start_datetime`, `mechanic_notes`, `status`) VALUES ('18', '2', '150', 'XDG8P8VIGRE4FWF', '2019-08-27 10:56', '', 1);
INSERT INTO `job_products_used` (`job_id`, `product_id`, `available_qty`, `rate`, `used_qty`, `mechanic_note`) VALUES ('18', '12347759', '30.00', '25000', '2', '2 quantity ');
UPDATE `job` SET `recommendation` = 'HP Laptop 101 2 quantity'
WHERE `job_id` = '18';
UPDATE `job_details` SET `end_datetime` = '0000-00-00 00:00:00'
WHERE `job_type_id` = '2'
AND `job_id` = '18';
DELETE FROM `job_details`
WHERE `job_id` = '18';
INSERT INTO `job_details` (`job_id`, `job_type_id`, `rate`, `assign_to`, `start_datetime`, `mechanic_notes`, `status`) VALUES ('18', '2', '150', 'XDG8P8VIGRE4FWF', '2019-08-27 10:56:00', '', 3);
DELETE FROM `job_products_used`
WHERE `job_id` = '18';
INSERT INTO `job_products_used` (`job_id`, `product_id`, `available_qty`, `rate`, `used_qty`, `mechanic_note`) VALUES ('18', '12347759', '30', '25000', '2', '2 quantity ');
UPDATE `job` SET `recommendation` = 'HP Laptop 101 2 quantity'
WHERE `job_id` = '18';
UPDATE `job_details` SET `end_datetime` = '2019-08-27 10:58'
WHERE `job_type_id` = '2'
AND `job_id` = '18';
UPDATE `job` SET `odometer` = '', `hubo_meter` = '', `hour_meter` = '', `cof_wof_date` = '', `registration_date` = '', `fuel_burn` = '', `status` = '3', `show_hide_status` = '0', `schedule_date_time` = '2019-08-27 10:55:00', `delivery_date_time` = '2019-08-27 10:55:00', `alert_via` = 'sms'
WHERE `job_id` = '18';
INSERT INTO `customer_ledger` (`transaction_id`, `customer_id`, `invoice_no`, `date`, `amount`, `description`, `status`, `d_c`) VALUES ('VSBP6HIQB8KKT2M', 'DTRN1PQXF5E1M3M', '6374632624', '2019-08-27', '52657.5', 'Purchase by customer', 1, 'd');
INSERT INTO `customer_ledger` (`transaction_id`, `customer_id`, `receipt_no`, `date`, `amount`, `payment_type`, `invoice_no`, `description`, `status`, `d_c`) VALUES ('VSBP6HIQB8KKT2M', 'DTRN1PQXF5E1M3M', '3JMSACCFG8', '2019-08-27', 0, 1, '6374632624', 'Paid by customer', 1, 'c');
INSERT INTO `transection` (`transaction_id`, `relation_id`, `transection_type`, `date_of_transection`, `transection_category`, `amount`, `transection_mood`, `is_transaction`, `description`) VALUES ('VSBP6HIQB8KKT2M', 'DTRN1PQXF5E1M3M', 2, '2019-08-27', 2, 0, 1, 0, 'Paid by customer');
INSERT INTO `acc_transaction` (`VNo`, `Vtype`, `VDate`, `COAID`, `Narration`, `Debit`, `Credit`, `IsPosted`, `CreateBy`, `CreateDate`, `IsAppove`) VALUES ('6374632624', 'INV', '2019-08-27 06:59:03', 10107, 'Inventory credit For Invoice No6374632624', 0, '', 1, '1', '2019-08-27 06:59:03', 1);
INSERT INTO `acc_transaction` (`VNo`, `Vtype`, `VDate`, `COAID`, `Narration`, `Debit`, `Credit`, `IsPosted`, `CreateBy`, `CreateDate`, `IsAppove`) VALUES ('6374632624', 'INV', '2019-08-27 06:59:03', '102030148', 'Customer debit For Invoice No6374632624', '52657.5', 0, 1, '1', '2019-08-27 06:59:03', 1);
INSERT INTO `invoice` (`job_id`, `invoice_id`, `customer_id`, `date`, `total_amount`, `total_tax`, `invoice`, `invoice_details`, `invoice_discount`, `total_discount`, `prevous_due`, `shipping_cost`, `sales_by`, `status`) VALUES ('18', '6374632624', 'DTRN1PQXF5E1M3M', '2019-08-27', '52657.5', '5', 1004, '', '', '', '', '', '1', 1);
INSERT INTO `invoice_details` (`invoice_details_id`, `invoice_id`, `product_id`, `quantity`, `rate`, `discount`, `description`, `discount_per`, `tax`, `paid_amount`, `due_amount`, `supplier_rate`, `total_price`, `status`) VALUES ('538412545734732', '6374632624', '2', '1', '150', '', '', '', '', 0, 0, '', '150.00', 1);
INSERT INTO `invoice_details` (`invoice_details_id`, `invoice_id`, `product_id`, `quantity`, `rate`, `discount`, `description`, `discount_per`, `tax`, `paid_amount`, `due_amount`, `supplier_rate`, `total_price`, `status`) VALUES ('165217139164427', '6374632624', '12347759', '2', '25000', '', '', '', '', 0, 0, '', '50,000.00', 1);
UPDATE `job` SET `is_invoice` = 1
WHERE `job_id` = '18';
INSERT INTO `supplier_ledger` (`transaction_id`, `supplier_id`, `chalan_no`, `date`, `description`, `amount`, `status`) VALUES ('20190827065323', 'EVVNGWNBJCUGI5BXYOXW', '59N6EG1EY1', '2019-08-27', 'Return', -22000, 1);
INSERT INTO `product_purchase_details` (`purchase_detail_id`, `purchase_id`, `product_id`, `quantity`, `rate`, `discount`, `total_amount`, `status`) VALUES ('vOl8W96dtAC25sj', '20190827065323', '12347759', -1, '22000.00', 0, -22000, 1);
INSERT INTO `product_return` (`return_id`, `purchase_id`, `product_id`, `supplier_id`, `ret_qty`, `byy_qty`, `date_purchase`, `date_return`, `product_rate`, `deduction`, `total_deduct`, `total_ret_amount`, `net_total_amount`, `reason`, `usablity`) VALUES ('727251158194367', '20190827065323', '12347759', 'EVVNGWNBJCUGI5BXYOXW', '1', '30.00', '2019-08-27', '2019-08-27', '22000.00', '', '0.00', '22000', '22000.00', '', '2');
INSERT INTO `customer_ledger` (`transaction_id`, `customer_id`, `invoice_no`, `date`, `description`, `amount`, `status`, `d_c`) VALUES ('VSBP6HIQB8KKT2M', 'DTRN1PQXF5E1M3M', '6374632624', '2019-08-27', 'Return', '25000.00', 1, 'c');
INSERT INTO `invoice_details` (`invoice_details_id`, `invoice_id`, `product_id`, `quantity`, `rate`, `discount`, `tax`, `supplier_rate`, `paid_amount`, `total_price`, `status`) VALUES ('759375874158192', '6374632624', '12347759', -1, '25000.00', 0, 0, '22000', -25000, -25000, 1);
INSERT INTO `product_return` (`return_id`, `invoice_id`, `product_id`, `customer_id`, `ret_qty`, `byy_qty`, `date_purchase`, `date_return`, `product_rate`, `deduction`, `total_deduct`, `total_tax`, `total_ret_amount`, `net_total_amount`, `reason`, `usablity`) VALUES ('533942318132584', '6374632624', '12347759', 'DTRN1PQXF5E1M3M', '1', '2.00', '2019-08-27', '2019-08-27', '25000.00', '', '', '0.00', '25000', '25000.00', '', '1');
INSERT INTO `acc_transaction` (`VNo`, `Vtype`, `VDate`, `COAID`, `Narration`, `Debit`, `Credit`, `IsPosted`, `CreateBy`, `CreateDate`, `IsAppove`) VALUES ('PM-7', 'PM', '2019-08-27', '5020200012', '1500 paid', '1500', 0, 1, '1', '2019-08-27 07:43:15', 1);
INSERT INTO `acc_transaction` (`VNo`, `Vtype`, `VDate`, `COAID`, `Narration`, `Debit`, `Credit`, `IsPosted`, `CreateBy`, `CreateDate`, `IsAppove`) VALUES ('PM-7', 'PM', '2019-08-27', 1020101, 'Cash in Hand For Voucher NoPM-7', 0, '1500', 1, '1', '2019-08-27 07:43:15', 1);
INSERT INTO `supplier_ledger` (`transaction_id`, `supplier_id`, `chalan_no`, `deposit_no`, `amount`, `description`, `payment_type`, `cheque_no`, `date`, `status`, `d_c`) VALUES ('PM-7', 'EVVNGWNBJCUGI5BXYOXW', NULL, 'PM-7', '1500', 'Paid From Accounts', 1, '', '2019-08-27', 1, 'd');
INSERT INTO `acc_transaction` (`VNo`, `Vtype`, `VDate`, `COAID`, `Narration`, `Debit`, `Credit`, `IsPosted`, `CreateBy`, `CreateDate`, `IsAppove`) VALUES ('CR-5', 'CR', '2019-08-27', '102030148', '', 0, '50', 1, '1', '2019-08-27 07:50:20', 1);
INSERT INTO `acc_transaction` (`VNo`, `Vtype`, `VDate`, `COAID`, `Narration`, `Debit`, `Credit`, `IsPosted`, `CreateBy`, `CreateDate`, `IsAppove`) VALUES ('CR-5', 'CR', '2019-08-27 07:50:20', 1020101, 'Cash in Hand For Voucher NoCR-5', '50', 0, 1, '1', '2019-08-27 07:50:20', 1);
INSERT INTO `customer_ledger` (`transaction_id`, `customer_id`, `invoice_no`, `receipt_no`, `description`, `amount`, `payment_type`, `cheque_no`, `date`, `receipt_from`, `status`, `d_c`) VALUES ('CR-5', 'DTRN1PQXF5E1M3M', NULL, 'CR-5', '', '50', 1, '', '2019-08-27', 'receipt', 1, 'c');
UPDATE `sub_module` SET `status` = 0
WHERE `id` = '50';
UPDATE `sub_module` SET `status` = 0
WHERE `id` = '56';
UPDATE `sub_module` SET `status` = 0
WHERE `id` = '57';
DELETE FROM `job_details`
WHERE `job_id` = '18';
INSERT INTO `job_details` (`job_id`, `job_type_id`, `rate`, `assign_to`, `start_datetime`, `mechanic_notes`, `status`) VALUES ('18', '2', '150', 'XDG8P8VIGRE4FWF', '2019-08-27 10:56:00', '', 3);
INSERT INTO `job_details` (`job_id`, `job_type_id`, `rate`, `assign_to`, `start_datetime`, `mechanic_notes`, `status`) VALUES ('18', '36', '60', 'SZNMNAJKMB5EWT9', '2019-08-27 16:21', '', 1);
DELETE FROM `job_products_used`
WHERE `job_id` = '18';
INSERT INTO `job_products_used` (`job_id`, `product_id`, `available_qty`, `rate`, `used_qty`, `mechanic_note`) VALUES ('18', '12347759', '30', '25000', '2', '2 quantity ');
UPDATE `job` SET `recommendation` = 'HP Laptop 101 2 quantity'
WHERE `job_id` = '18';
UPDATE `job_details` SET `end_datetime` = '2019-08-27 10:58:00'
WHERE `job_type_id` = '2'
AND `job_id` = '18';
UPDATE `sub_module` SET `module` = 'invoice', `name` = 'recurring_invoice', `url` = 'Cinvoice/recurring_invoice', `parent_menu` = '34', `ordering` = '', `icon` = '', `description` = NULL, `image` = NULL, `directory` = NULL, `status` = 1
WHERE `id` = '39';
INSERT INTO `quotation` (`quotation_id`, `customer_id`, `vehicle_reg`, `quotdate`, `totalamount`, `quot_no`, `create_by`, `quot_description`, `status`, `terms`, `cust_show`, `dis_per`, `total_discount`) VALUES ('M59IEE1POX4MZW6', 'WY96Q26D9W3FORW', '7', '2019-08-28', '25090.00', '1006', '1', 'details', 1, 'terms', 0, '', '0.00');
INSERT INTO `quot_labour_used` (`quot_id`, `job_type_id`, `rate`, `note`) VALUES ('M59IEE1POX4MZW6', '30', '90', 'asdf');
INSERT INTO `quot_products_used` (`quot_id`, `product_id`, `rate`, `used_qty`) VALUES ('M59IEE1POX4MZW6', '12347759', '25000', '1');
UPDATE `quotation` SET `status` = '3'
WHERE `quotation_id` = 'M59IEE1POX4MZW6';
INSERT INTO `job` (`customer_id`, `work_order_no`, `vehicle_id`, `create_by`, `create_date`, `status`) VALUES ('WY96Q26D9W3FORW', 'WY96Q26D9W3FORW-1566970700', '7', '1', '2019-08-28 07:38:20', 0);
INSERT INTO `job_details` (`job_id`, `job_type_id`, `assign_to`, `rate`, `client_notes`, `status`) VALUES (19, '30', '', '30', 'rate', 0);
INSERT INTO `job_products_used` (`job_id`, `product_id`, `rate`, `used_qty`, `mechanic_note`) VALUES (19, '12347759', '25000.00', '1', '');
INSERT INTO `job` (`customer_id`, `work_order_no`, `vehicle_id`, `schedule_date_time`, `delivery_date_time`, `customer_ref`, `job_description`, `alert_via`, `create_by`, `create_date`, `status`) VALUES ('PBYX89KNGFCAUPP', '8-1566971728', '8', '2019-08-28 11:55', '2019-08-28 11:55', '', '', 'sms', '1', '2019-08-28 07:55:57', 0);
INSERT INTO `job_details` (`job_id`, `job_type_id`, `assign_to`, `rate`, `client_notes`, `status`) VALUES (20, '12', 'XDG8P8VIGRE4FWF', '30', '', 0);
DELETE FROM `job_details`
WHERE `job_id` = '20';
INSERT INTO `job_details` (`job_id`, `job_type_id`, `rate`, `assign_to`, `start_datetime`, `mechanic_notes`, `status`) VALUES ('20', '12', '30', 'XDG8P8VIGRE4FWF', '0000-00-00 00:00:00', '', 0);
UPDATE `job` SET `recommendation` = ''
WHERE `job_id` = '20';
UPDATE `job_details` SET `end_datetime` = '0000-00-00 00:00:00'
WHERE `job_type_id` = '12'
AND `job_id` = '20';
UPDATE `job` SET `odometer` = '', `hubo_meter` = '', `hour_meter` = '', `cof_wof_date` = '', `registration_date` = '', `fuel_burn` = '', `status` = '', `show_hide_status` = '0', `schedule_date_time` = '2019-08-28 11:55:00', `delivery_date_time` = '2019-08-28 11:55:00', `alert_via` = 'sms'
WHERE `job_id` = '20';
INSERT INTO `quotation` (`quotation_id`, `customer_id`, `vehicle_reg`, `quotdate`, `totalamount`, `quot_no`, `create_by`, `quot_description`, `status`, `terms`, `cust_show`, `dis_per`, `total_discount`) VALUES ('62YRQK39BX878I1', 'KV9SJO95VKZTT13', '6', '2019-08-28', '25140.00', '1007', '1', '', 1, 'asdf', 0, '', '0.00');
INSERT INTO `quot_labour_used` (`quot_id`, `job_type_id`, `rate`, `note`) VALUES ('62YRQK39BX878I1', '3', '140', '14');
INSERT INTO `quot_products_used` (`quot_id`, `product_id`, `rate`, `used_qty`) VALUES ('62YRQK39BX878I1', '12347759', '25000', '1');
UPDATE `quotation` SET `status` = '3'
WHERE `quotation_id` = '62YRQK39BX878I1';
INSERT INTO `job` (`customer_id`, `work_order_no`, `vehicle_id`, `create_by`, `create_date`, `status`) VALUES ('KV9SJO95VKZTT13', '8-1566971948', '6', '1', '2019-08-28 07:59:08', 0);
INSERT INTO `job_details` (`job_id`, `job_type_id`, `assign_to`, `rate`, `client_notes`, `status`) VALUES (21, '3', '', '3', 'rate', 0);
INSERT INTO `job_products_used` (`job_id`, `product_id`, `rate`, `used_qty`, `mechanic_note`) VALUES (21, '12347759', '25000.00', '1', '');
INSERT INTO `job` (`customer_id`, `work_order_no`, `vehicle_id`, `schedule_date_time`, `delivery_date_time`, `customer_ref`, `job_description`, `alert_via`, `create_by`, `create_date`, `status`) VALUES ('DTRN1PQXF5E1M3M', '5-1566996457', '5', '2019-08-28 18:47', '2019-08-29 09:20', '', '', 'email', '1', '2019-08-28 14:48:18', 0);
INSERT INTO `job_details` (`job_id`, `job_type_id`, `assign_to`, `rate`, `client_notes`, `status`) VALUES (22, '3', 'XDG8P8VIGRE4FWF', '140', '', 0);
DELETE FROM `job_details`
WHERE `job_id` = '22';
INSERT INTO `job_details` (`job_id`, `job_type_id`, `rate`, `assign_to`, `start_datetime`, `mechanic_notes`, `status`) VALUES ('22', '3', '140', 'XDG8P8VIGRE4FWF', '2019-08-28 18:53', '', 1);
INSERT INTO `job_details` (`job_id`, `job_type_id`, `rate`, `assign_to`, `start_datetime`, `mechanic_notes`, `status`) VALUES ('22', '33', '500', 'XDG8P8VIGRE4FWF', '2019-08-28 18:53', '', 1);
UPDATE `job` SET `recommendation` = 'test demo'
WHERE `job_id` = '22';
UPDATE `job_details` SET `end_datetime` = '0000-00-00 00:00:00'
WHERE `job_type_id` = '3'
AND `job_id` = '22';
DELETE FROM `job_details`
WHERE `job_id` = '22';
INSERT INTO `job_details` (`job_id`, `job_type_id`, `rate`, `assign_to`, `start_datetime`, `mechanic_notes`, `status`) VALUES ('22', '3', '140', 'XDG8P8VIGRE4FWF', '2019-08-28 18:53:00', '', 3);
INSERT INTO `job_details` (`job_id`, `job_type_id`, `rate`, `assign_to`, `start_datetime`, `mechanic_notes`, `status`) VALUES ('22', '33', '500', 'XDG8P8VIGRE4FWF', '2019-08-28 18:53:00', '', 1);
UPDATE `job` SET `recommendation` = 'test demo'
WHERE `job_id` = '22';
UPDATE `job_details` SET `end_datetime` = '2019-08-28 19:33', `spent_time` = '00-0-0 00:40:0'
WHERE `job_type_id` = '3'
AND `job_id` = '22';
UPDATE `job_details` SET `end_datetime` = '0000-00-00 00:00:00', `spent_time` = ''
WHERE `job_type_id` = '33'
AND `job_id` = '22';
DELETE FROM `job_details`
WHERE `job_id` = '22';
INSERT INTO `job_details` (`job_id`, `job_type_id`, `rate`, `assign_to`, `start_datetime`, `mechanic_notes`, `status`) VALUES ('22', '3', '140', 'XDG8P8VIGRE4FWF', '2019-08-28 18:53:00', '', 3);
INSERT INTO `job_details` (`job_id`, `job_type_id`, `rate`, `assign_to`, `start_datetime`, `mechanic_notes`, `status`) VALUES ('22', '33', '500', 'XDG8P8VIGRE4FWF', '2019-08-28 18:53:00', '', 1);
UPDATE `job` SET `recommendation` = 'test demo'
WHERE `job_id` = '22';
UPDATE `job_details` SET `end_datetime` = '2019-08-28 19:41', `spent_time` = '00-0-0 00:48:0'
WHERE `job_type_id` = '3'
AND `job_id` = '22';
UPDATE `job_details` SET `end_datetime` = '0000-00-00 00:00:00', `spent_time` = '0000-00-00 00:00:00'
WHERE `job_type_id` = '33'
AND `job_id` = '22';
UPDATE `job` SET `odometer` = '', `hubo_meter` = '', `hour_meter` = '', `cof_wof_date` = '', `registration_date` = '', `fuel_burn` = '', `status` = '', `show_hide_status` = '0', `schedule_date_time` = '2019-08-28 18:47:00', `delivery_date_time` = '2019-08-29 09:20:00', `alert_via` = 'email'
WHERE `job_id` = '22';
UPDATE `job` SET `odometer` = '', `hubo_meter` = '', `hour_meter` = '', `cof_wof_date` = '0000-00-00', `registration_date` = '0000-00-00', `fuel_burn` = '', `status` = '', `show_hide_status` = '1', `schedule_date_time` = '2019-08-28 18:47:00', `delivery_date_time` = '2019-08-29 09:20:00', `alert_via` = 'email'
WHERE `job_id` = '22';
UPDATE `job` SET `odometer` = '', `hubo_meter` = '', `hour_meter` = '', `cof_wof_date` = '0000-00-00', `registration_date` = '2019-08-28', `fuel_burn` = '', `status` = '', `show_hide_status` = '0', `schedule_date_time` = '2019-08-28 18:47:00', `delivery_date_time` = '2019-08-29 09:20:00', `alert_via` = 'email'
WHERE `job_id` = '22';
UPDATE `job` SET `odometer` = '', `hubo_meter` = '', `hour_meter` = '', `cof_wof_date` = '0000-00-00', `registration_date` = '2019-08-28', `fuel_burn` = '', `status` = '', `show_hide_status` = '1', `schedule_date_time` = '2019-08-28 18:47:00', `delivery_date_time` = '2019-08-29 09:20:00', `alert_via` = 'email'
WHERE `job_id` = '22';
UPDATE `service_reminder_tbl` SET `status` = 1
WHERE `id` = '6';
UPDATE `job` SET `odometer` = 'OD-202', `hubo_meter` = 'HM-602', `hour_meter` = 'HM', `cof_wof_date` = '2019-08-29', `registration_date` = '0000-00-00', `fuel_burn` = 'F', `status` = '3', `show_hide_status` = '1', `schedule_date_time` = '2019-08-27 10:55:00', `delivery_date_time` = '2019-08-27 10:55:00', `alert_via` = 'sms'
WHERE `job_id` = '18';
UPDATE `job` SET `odometer` = 'OD-202', `hubo_meter` = 'HM-602', `hour_meter` = 'HM', `cof_wof_date` = '2019-08-29', `registration_date` = '2019-08-30', `fuel_burn` = '', `status` = '3', `show_hide_status` = '1', `schedule_date_time` = '2019-08-27 10:55:00', `delivery_date_time` = '2019-08-27 10:55:00', `alert_via` = 'sms'
WHERE `job_id` = '18';
UPDATE `web_setting` SET `logo` = 'http://softest8.bdtask.com/garagemanagement/./my-assets/image/logo/8d6b2f6b33a60824118e6a79dca67e25.png', `invoice_logo` = 'http://localhost/bdtask/garegmanagement/./my-assets/image/logo/15a8648c1ed9de4be26d35140db73f13.png', `favicon` = 'http://softest8.bdtask.com/garagemanagement/my-assets/image/logo/703010c615dd612d7f5742e2eb8165fe.png', `currency` = '$', `currency_position` = '0', `labour_cost` = '80', `footer_text` = 'Copyright 2018-2019 bdtask. All rights reserved.', `language` = 'english', `rtr` = '0', `timezone` = 'Asia/Dhaka', `captcha` = '0', `site_key` = '', `secret_key` = '', `discount_type` = '1'
WHERE `setting_id` = 1;
INSERT INTO `job` (`customer_id`, `work_order_no`, `vehicle_id`, `schedule_date_time`, `delivery_date_time`, `customer_ref`, `job_description`, `alert_via`, `create_by`, `create_date`, `status`) VALUES ('FX4FTN9158ZORBW', '1-1567067104', '2', '2019-08-29 11:39', '2019-08-31 12:30', '', 'details demo', 'sms', '1', '2019-08-29 10:31:09', 0);
INSERT INTO `job_details` (`job_id`, `job_type_id`, `assign_to`, `rate`, `client_notes`, `status`) VALUES (23, '3', 'XDG8P8VIGRE4FWF', '140', 'note one', 0);
INSERT INTO `job_details` (`job_id`, `job_type_id`, `assign_to`, `rate`, `client_notes`, `status`) VALUES (23, '24', 'JX9SPDLO4UM7KRB', '85', 'note two', 0);
DELETE FROM `job_details`
WHERE `job_id` = '23';
INSERT INTO `job_details` (`job_id`, `job_type_id`, `rate`, `assign_to`, `start_datetime`, `mechanic_notes`, `status`) VALUES ('23', '3', '140', 'XDG8P8VIGRE4FWF', '2019-08-29 09:00', '', 3);
INSERT INTO `job_details` (`job_id`, `job_type_id`, `rate`, `assign_to`, `start_datetime`, `mechanic_notes`, `status`) VALUES ('23', '24', '85', 'JX9SPDLO4UM7KRB', '2019-08-29 10:00', '', 3);
UPDATE `job` SET `recommendation` = 'recommendation note one'
WHERE `job_id` = '23';
UPDATE `job_details` SET `end_datetime` = '2019-08-30 00:00', `spent_time` = '15'
WHERE `job_type_id` = '3'
AND `job_id` = '23';
UPDATE `job_details` SET `end_datetime` = '2019-08-30 16:00', `spent_time` = '30'
WHERE `job_type_id` = '24'
AND `job_id` = '23';
UPDATE `job` SET `odometer` = 'Odo', `hubo_meter` = '', `hour_meter` = 'Hour ', `cof_wof_date` = '2019-08-31', `registration_date` = '', `fuel_burn` = 'Burn', `status` = '3', `show_hide_status` = '1', `schedule_date_time` = '2019-08-29 11:39:00', `delivery_date_time` = '2019-08-31 12:30:00', `alert_via` = 'sms'
WHERE `job_id` = '23';
DELETE FROM `job_details`
WHERE `job_id` = '18';
INSERT INTO `job_details` (`job_id`, `job_type_id`, `rate`, `assign_to`, `start_datetime`, `mechanic_notes`, `status`) VALUES ('18', '2', '150', 'XDG8P8VIGRE4FWF', '2019-08-27 10:56:00', '', 3);
INSERT INTO `job_details` (`job_id`, `job_type_id`, `rate`, `assign_to`, `start_datetime`, `mechanic_notes`, `status`) VALUES ('18', '36', '60', 'SZNMNAJKMB5EWT9', '2019-08-27 16:21:00', '', 1);
DELETE FROM `job_products_used`
WHERE `job_id` = '18';
INSERT INTO `job_products_used` (`job_id`, `product_id`, `available_qty`, `rate`, `used_qty`, `mechanic_note`) VALUES ('18', '12347759', '30', '25000', '2', '2 quantity ');
UPDATE `job` SET `recommendation` = 'HP Laptop 101 2 quantity'
WHERE `job_id` = '18';
UPDATE `job_details` SET `end_datetime` = '2019-08-29 00:00', `spent_time` = '37'
WHERE `job_type_id` = '2'
AND `job_id` = '18';
UPDATE `job_details` SET `end_datetime` = '0000-00-00 00:00:00', `spent_time` = ' '
WHERE `job_type_id` = '36'
AND `job_id` = '18';
DELETE FROM `job_details`
WHERE `job_id` = '23';
INSERT INTO `job_details` (`job_id`, `job_type_id`, `rate`, `assign_to`, `start_datetime`, `mechanic_notes`, `status`) VALUES ('23', '3', '140', 'XDG8P8VIGRE4FWF', '2019-08-29 09:00:00', 'a', 3);
INSERT INTO `job_details` (`job_id`, `job_type_id`, `rate`, `assign_to`, `start_datetime`, `mechanic_notes`, `status`) VALUES ('23', '24', '85', 'JX9SPDLO4UM7KRB', '2019-08-29 10:00:00', 'b', 3);
DELETE FROM `job_details`
WHERE `job_id` = '23';
INSERT INTO `job_details` (`job_id`, `job_type_id`, `rate`, `assign_to`, `start_datetime`, `mechanic_notes`, `status`) VALUES ('23', '3', '140', 'XDG8P8VIGRE4FWF', '2019-08-29 09:00:00', 'a', 3);
INSERT INTO `job_details` (`job_id`, `job_type_id`, `rate`, `assign_to`, `start_datetime`, `mechanic_notes`, `status`) VALUES ('23', '24', '85', 'JX9SPDLO4UM7KRB', '2019-08-29 10:00:00', 'b', 3);
UPDATE `job` SET `recommendation` = 'recommendation note one'
WHERE `job_id` = '23';
UPDATE `job_details` SET `end_datetime` = '2019-08-30 11:29', `spent_time` = '26'
WHERE `job_type_id` = '3'
AND `job_id` = '23';
UPDATE `job_details` SET `end_datetime` = '2019-08-30 00:00', `spent_time` = '14'
WHERE `job_type_id` = '24'
AND `job_id` = '23';
INSERT INTO `customer_ledger` (`transaction_id`, `customer_id`, `invoice_no`, `date`, `amount`, `description`, `status`, `d_c`) VALUES ('FGATGGHAWXGUA8N', 'FX4FTN9158ZORBW', '1468927912', '2019-08-29', '3596.25', 'Purchase by customer', 1, 'd');
INSERT INTO `customer_ledger` (`transaction_id`, `customer_id`, `receipt_no`, `date`, `amount`, `payment_type`, `invoice_no`, `description`, `status`, `d_c`) VALUES ('FGATGGHAWXGUA8N', 'FX4FTN9158ZORBW', 'OHYN9UCIRT', '2019-08-29', 0, 1, '1468927912', 'Paid by customer', 1, 'c');
INSERT INTO `transection` (`transaction_id`, `relation_id`, `transection_type`, `date_of_transection`, `transection_category`, `amount`, `transection_mood`, `is_transaction`, `description`) VALUES ('FGATGGHAWXGUA8N', 'FX4FTN9158ZORBW', 2, '2019-08-29', 2, 0, 1, 0, 'Paid by customer');
INSERT INTO `acc_transaction` (`VNo`, `Vtype`, `VDate`, `COAID`, `Narration`, `Debit`, `Credit`, `IsPosted`, `CreateBy`, `CreateDate`, `IsAppove`) VALUES ('1468927912', 'INV', '2019-08-29 13:15:08', 10107, 'Inventory credit For Invoice No1468927912', 0, '', 1, '1', '2019-08-29 13:15:08', 1);
INSERT INTO `acc_transaction` (`VNo`, `Vtype`, `VDate`, `COAID`, `Narration`, `Debit`, `Credit`, `IsPosted`, `CreateBy`, `CreateDate`, `IsAppove`) VALUES ('1468927912', 'INV', '2019-08-29 13:15:08', '102030150', 'Customer debit For Invoice No1468927912', '3596.25', 0, 1, '1', '2019-08-29 13:15:08', 1);
INSERT INTO `invoice` (`job_id`, `invoice_id`, `customer_id`, `date`, `total_amount`, `labour_cost`, `total_tax`, `invoice`, `invoice_details`, `invoice_discount`, `total_discount`, `prevous_due`, `shipping_cost`, `sales_by`, `status`) VALUES ('23', '1468927912', 'FX4FTN9158ZORBW', '2019-08-29', '3596.25', '80.00', '5', 1005, '', '', '', '', '', '1', 1);
INSERT INTO `invoice_details` (`invoice_details_id`, `invoice_id`, `product_id`, `spent_time`, `quantity`, `rate`, `discount`, `description`, `discount_per`, `tax`, `paid_amount`, `due_amount`, `supplier_rate`, `total_price`, `status`) VALUES ('847931717449298', '1468927912', '3', '26', '1', '140', '', '', '', '', 0, 0, '', '140.00', 1);
INSERT INTO `customer_ledger` (`transaction_id`, `customer_id`, `invoice_no`, `date`, `amount`, `description`, `status`, `d_c`) VALUES ('NFG33LWCPOHMSS2', 'FX4FTN9158ZORBW', '1934359478', '2019-08-29', '3596.25', 'Purchase by customer', 1, 'd');
INSERT INTO `customer_ledger` (`transaction_id`, `customer_id`, `receipt_no`, `date`, `amount`, `payment_type`, `invoice_no`, `description`, `status`, `d_c`) VALUES ('NFG33LWCPOHMSS2', 'FX4FTN9158ZORBW', 'FV9B8T1BT2', '2019-08-29', 0, 1, '1934359478', 'Paid by customer', 1, 'c');
INSERT INTO `transection` (`transaction_id`, `relation_id`, `transection_type`, `date_of_transection`, `transection_category`, `amount`, `transection_mood`, `is_transaction`, `description`) VALUES ('NFG33LWCPOHMSS2', 'FX4FTN9158ZORBW', 2, '2019-08-29', 2, 0, 1, 0, 'Paid by customer');
INSERT INTO `acc_transaction` (`VNo`, `Vtype`, `VDate`, `COAID`, `Narration`, `Debit`, `Credit`, `IsPosted`, `CreateBy`, `CreateDate`, `IsAppove`) VALUES ('1934359478', 'INV', '2019-08-29 13:16:29', 10107, 'Inventory credit For Invoice No1934359478', 0, '', 1, '1', '2019-08-29 13:16:29', 1);
INSERT INTO `acc_transaction` (`VNo`, `Vtype`, `VDate`, `COAID`, `Narration`, `Debit`, `Credit`, `IsPosted`, `CreateBy`, `CreateDate`, `IsAppove`) VALUES ('1934359478', 'INV', '2019-08-29 13:16:29', '102030150', 'Customer debit For Invoice No1934359478', '3596.25', 0, 1, '1', '2019-08-29 13:16:29', 1);
INSERT INTO `invoice` (`job_id`, `invoice_id`, `customer_id`, `date`, `total_amount`, `labour_cost`, `total_tax`, `invoice`, `invoice_details`, `invoice_discount`, `total_discount`, `prevous_due`, `shipping_cost`, `sales_by`, `status`) VALUES ('23', '1934359478', 'FX4FTN9158ZORBW', '2019-08-29', '3596.25', '80.00', '5', 1006, '', '', '', '', '', '1', 1);
INSERT INTO `invoice_details` (`invoice_details_id`, `invoice_id`, `product_id`, `spent_time`, `quantity`, `rate`, `discount`, `description`, `discount_per`, `tax`, `paid_amount`, `due_amount`, `supplier_rate`, `total_price`, `status`) VALUES ('623194537658667', '1934359478', '3', '26', '1', '140', '', '', '', '', 0, 0, '', '140.00', 1);
INSERT INTO `invoice_details` (`invoice_details_id`, `invoice_id`, `product_id`, `spent_time`, `quantity`, `rate`, `discount`, `description`, `discount_per`, `tax`, `paid_amount`, `due_amount`, `supplier_rate`, `total_price`, `status`) VALUES ('984276796652681', '1934359478', '24', '14', '1', '85', '', '', '', '', 0, 0, '', '85.00', 1);
UPDATE `job` SET `is_invoice` = 1
WHERE `job_id` = '23';
INSERT INTO `job` (`customer_id`, `work_order_no`, `vehicle_id`, `schedule_date_time`, `delivery_date_time`, `customer_ref`, `job_description`, `alert_via`, `create_by`, `create_date`, `status`) VALUES ('DTRN1PQXF5E1M3M', '5-1567079664', '5', '2019-08-29 12:00', '2019-08-31 11:00', '', 'asdf', 'sms', '1', '2019-08-29 13:55:05', 0);
INSERT INTO `job_details` (`job_id`, `job_type_id`, `assign_to`, `rate`, `client_notes`, `status`) VALUES (24, '16', 'XDG8P8VIGRE4FWF', '40', 'asdf', 0);
INSERT INTO `job_details` (`job_id`, `job_type_id`, `assign_to`, `rate`, `client_notes`, `status`) VALUES (24, '16', 'XDG8P8VIGRE4FWF', '40', 'qwert', 0);
UPDATE `job` SET `odometer` = 'asd', `hubo_meter` = '', `hour_meter` = '', `cof_wof_date` = '', `registration_date` = '', `fuel_burn` = '', `status` = '1', `show_hide_status` = '1', `schedule_date_time` = '2019-08-29 12:00:00', `delivery_date_time` = '2019-08-31 11:00:00', `alert_via` = 'sms'
WHERE `job_id` = '24';
DELETE FROM `job_details`
WHERE `job_id` = '24';
INSERT INTO `job_details` (`job_id`, `job_type_id`, `rate`, `assign_to`, `start_datetime`, `mechanic_notes`, `status`) VALUES ('24', '16', '40', 'XDG8P8VIGRE4FWF', '2019-08-29 10:00', 'w', 3);
INSERT INTO `job_details` (`job_id`, `job_type_id`, `rate`, `assign_to`, `start_datetime`, `mechanic_notes`, `status`) VALUES ('24', '16', '40', 'XDG8P8VIGRE4FWF', '2019-08-29 14:00', 's', 3);
INSERT INTO `job_products_used` (`job_id`, `product_id`, `available_qty`, `rate`, `used_qty`, `mechanic_note`) VALUES ('24', '97342595', '30.00', '10000', '2', 'qq');
UPDATE `job` SET `recommendation` = 'aaa'
WHERE `job_id` = '24';
UPDATE `job_details` SET `end_datetime` = '2019-08-30 06:00', `spent_time` = '20'
WHERE `job_type_id` = '16'
AND `job_id` = '24';
UPDATE `job_details` SET `end_datetime` = '2019-08-30 04:09', `spent_time` = '14'
WHERE `job_type_id` = '16'
AND `job_id` = '24';
UPDATE `job` SET `odometer` = 'asd', `hubo_meter` = '', `hour_meter` = '', `cof_wof_date` = '0000-00-00', `registration_date` = '0000-00-00', `fuel_burn` = '', `status` = '3', `show_hide_status` = '1', `schedule_date_time` = '2019-08-29 12:00:00', `delivery_date_time` = '2019-08-31 11:00:00', `alert_via` = 'sms'
WHERE `job_id` = '24';
INSERT INTO `customer_ledger` (`transaction_id`, `customer_id`, `invoice_no`, `date`, `amount`, `description`, `status`, `d_c`) VALUES ('Z6KUVWWQTCZA5IR', 'DTRN1PQXF5E1M3M', '1412831532', '2019-08-29', '23436', 'Purchase by customer', 1, 'd');
INSERT INTO `customer_ledger` (`transaction_id`, `customer_id`, `receipt_no`, `date`, `amount`, `payment_type`, `invoice_no`, `description`, `status`, `d_c`) VALUES ('Z6KUVWWQTCZA5IR', 'DTRN1PQXF5E1M3M', 'J8YOYN7MF2', '2019-08-29', 0, 1, '1412831532', 'Paid by customer', 1, 'c');
INSERT INTO `transection` (`transaction_id`, `relation_id`, `transection_type`, `date_of_transection`, `transection_category`, `amount`, `transection_mood`, `is_transaction`, `description`) VALUES ('Z6KUVWWQTCZA5IR', 'DTRN1PQXF5E1M3M', 2, '2019-08-29', 2, 0, 1, 0, 'Paid by customer');
INSERT INTO `acc_transaction` (`VNo`, `Vtype`, `VDate`, `COAID`, `Narration`, `Debit`, `Credit`, `IsPosted`, `CreateBy`, `CreateDate`, `IsAppove`) VALUES ('1412831532', 'INV', '2019-08-29 13:58:13', 10107, 'Inventory credit For Invoice No1412831532', 0, '', 1, '1', '2019-08-29 13:58:13', 1);
INSERT INTO `acc_transaction` (`VNo`, `Vtype`, `VDate`, `COAID`, `Narration`, `Debit`, `Credit`, `IsPosted`, `CreateBy`, `CreateDate`, `IsAppove`) VALUES ('1412831532', 'INV', '2019-08-29 13:58:13', '102030148', 'Customer debit For Invoice No1412831532', '23436', 0, 1, '1', '2019-08-29 13:58:13', 1);
INSERT INTO `invoice` (`job_id`, `invoice_id`, `customer_id`, `date`, `total_amount`, `labour_cost`, `total_tax`, `invoice`, `invoice_details`, `invoice_discount`, `total_discount`, `prevous_due`, `shipping_cost`, `sales_by`, `status`) VALUES ('24', '1412831532', 'DTRN1PQXF5E1M3M', '2019-08-29', '23436', '80.00', '5', 1007, '', '', '', '', '', '1', 1);
INSERT INTO `invoice_details` (`invoice_details_id`, `invoice_id`, `product_id`, `spent_time`, `quantity`, `rate`, `discount`, `description`, `discount_per`, `tax`, `paid_amount`, `due_amount`, `supplier_rate`, `total_price`, `status`) VALUES ('499938795444478', '1412831532', '16', '14', '1', '40', '', '', '', '', 0, 0, '', '40.00', 1);
INSERT INTO `invoice_details` (`invoice_details_id`, `invoice_id`, `product_id`, `spent_time`, `quantity`, `rate`, `discount`, `description`, `discount_per`, `tax`, `paid_amount`, `due_amount`, `supplier_rate`, `total_price`, `status`) VALUES ('814225238194737', '1412831532', '16', '14', '1', '40', '', '', '', '', 0, 0, '', '40.00', 1);
INSERT INTO `invoice_details` (`invoice_details_id`, `invoice_id`, `product_id`, `spent_time`, `quantity`, `rate`, `discount`, `description`, `discount_per`, `tax`, `paid_amount`, `due_amount`, `supplier_rate`, `total_price`, `status`) VALUES ('537838146585746', '1412831532', '97342595', '', '2', '10000', '', '', '', '', 0, 0, '', '20,000.00', 1);
UPDATE `job` SET `is_invoice` = 1
WHERE `job_id` = '24';
INSERT INTO `job` (`customer_id`, `work_order_no`, `vehicle_id`, `schedule_date_time`, `delivery_date_time`, `customer_ref`, `job_description`, `alert_via`, `create_by`, `create_date`, `status`) VALUES ('WY96Q26D9W3FORW', '7-1567226594', '7', '2019-08-31 07:30', '2019-08-31 17:50', '', 'sdfg', 'sms', '1', '2019-08-31 06:43:56', 0);
INSERT INTO `job_details` (`job_id`, `job_type_id`, `assign_to`, `rate`, `client_notes`, `status`) VALUES (25, '30', 'V3KOLUZ64G5BC4Q', '90', 'dd', 0);
INSERT INTO `job_details` (`job_id`, `job_type_id`, `assign_to`, `rate`, `client_notes`, `status`) VALUES (25, '24', 'XDG8P8VIGRE4FWF', '85', 's', 0);
UPDATE `job` SET `odometer` = '', `hubo_meter` = '', `hour_meter` = '', `cof_wof_date` = '', `registration_date` = '', `fuel_burn` = '', `status` = '3', `show_hide_status` = '1', `schedule_date_time` = '2019-08-31 07:30:00', `delivery_date_time` = '2019-08-31 17:50:00', `alert_via` = 'sms'
WHERE `job_id` = '25';
DELETE FROM `job_details`
WHERE `job_id` = '25';
INSERT INTO `job_details` (`job_id`, `job_type_id`, `rate`, `assign_to`, `start_datetime`, `mechanic_notes`, `status`) VALUES ('25', '30', '90', 'V3KOLUZ64G5BC4Q', '2019-08-31 10:00', 'asdf', 3);
INSERT INTO `job_details` (`job_id`, `job_type_id`, `rate`, `assign_to`, `start_datetime`, `mechanic_notes`, `status`) VALUES ('25', '24', '85', 'XDG8P8VIGRE4FWF', '2019-08-31 10:00', 'qwert', 3);
UPDATE `job` SET `recommendation` = 'note'
WHERE `job_id` = '25';
UPDATE `job_details` SET `end_datetime` = '2019-09-01 08:00', `spent_time` = '22'
WHERE `job_type_id` = '30'
AND `job_id` = '25';
UPDATE `job_details` SET `end_datetime` = '2019-09-01 11:00', `spent_time` = '25'
WHERE `job_type_id` = '24'
AND `job_id` = '25';
UPDATE `job` SET `odometer` = '', `hubo_meter` = '', `hour_meter` = '', `cof_wof_date` = '0000-00-00', `registration_date` = '0000-00-00', `fuel_burn` = '', `status` = '1', `show_hide_status` = '1', `schedule_date_time` = '2019-08-31 07:30:00', `delivery_date_time` = '2019-08-31 17:50:00', `alert_via` = 'sms'
WHERE `job_id` = '25';
INSERT INTO `customer_ledger` (`transaction_id`, `customer_id`, `invoice_no`, `date`, `amount`, `description`, `status`, `d_c`) VALUES ('RJZ7Z63GHAHBU7G', 'WY96Q26D9W3FORW', '3936779459', '2019-08-31', '4079.25', 'Purchase by customer', 1, 'd');
INSERT INTO `customer_ledger` (`transaction_id`, `customer_id`, `receipt_no`, `date`, `amount`, `payment_type`, `invoice_no`, `description`, `status`, `d_c`) VALUES ('RJZ7Z63GHAHBU7G', 'WY96Q26D9W3FORW', '8UKCL7E12O', '2019-08-31', 0, 1, '3936779459', 'Paid by customer', 1, 'c');
INSERT INTO `transection` (`transaction_id`, `relation_id`, `transection_type`, `date_of_transection`, `transection_category`, `amount`, `transection_mood`, `is_transaction`, `description`) VALUES ('RJZ7Z63GHAHBU7G', 'WY96Q26D9W3FORW', 2, '2019-08-31', 2, 0, 1, 0, 'Paid by customer');
INSERT INTO `acc_transaction` (`VNo`, `Vtype`, `VDate`, `COAID`, `Narration`, `Debit`, `Credit`, `IsPosted`, `CreateBy`, `CreateDate`, `IsAppove`) VALUES ('3936779459', 'INV', '2019-08-31 07:29:17', 10107, 'Inventory credit For Invoice No3936779459', 0, '', 1, '1', '2019-08-31 07:29:17', 1);
INSERT INTO `acc_transaction` (`VNo`, `Vtype`, `VDate`, `COAID`, `Narration`, `Debit`, `Credit`, `IsPosted`, `CreateBy`, `CreateDate`, `IsAppove`) VALUES ('3936779459', 'INV', '2019-08-31 07:29:17', '102030151', 'Customer debit For Invoice No3936779459', '4079.25', 0, 1, '1', '2019-08-31 07:29:17', 1);
INSERT INTO `invoice` (`job_id`, `invoice_id`, `customer_id`, `date`, `total_amount`, `labour_cost`, `total_tax`, `invoice`, `invoice_details`, `invoice_discount`, `total_discount`, `prevous_due`, `shipping_cost`, `sales_by`, `status`) VALUES ('25', '3936779459', 'WY96Q26D9W3FORW', '2019-08-31', '4079.25', '80.00', '5', 1008, '', '50', '', '', '', '1', 1);
INSERT INTO `invoice_details` (`invoice_details_id`, `invoice_id`, `product_id`, `spent_time`, `quantity`, `rate`, `discount`, `description`, `discount_per`, `tax`, `paid_amount`, `due_amount`, `supplier_rate`, `total_price`, `status`) VALUES ('588938457973799', '3936779459', '30', '22', '1', '90', '50', '', '', '', 0, 0, '', '90.00', 1);
INSERT INTO `invoice_details` (`invoice_details_id`, `invoice_id`, `product_id`, `spent_time`, `quantity`, `rate`, `discount`, `description`, `discount_per`, `tax`, `paid_amount`, `due_amount`, `supplier_rate`, `total_price`, `status`) VALUES ('971915111738569', '3936779459', '24', '25', '1', '85', '50', '', '', '', 0, 0, '', '85.00', 1);
UPDATE `job` SET `is_invoice` = 1
WHERE `job_id` = '25';
UPDATE `job` SET `odometer` = '', `hubo_meter` = '', `hour_meter` = '', `cof_wof_date` = '', `registration_date` = '', `fuel_burn` = '', `status` = '2', `show_hide_status` = '0', `schedule_date_time` = '2019-06-25 23:30:00', `delivery_date_time` = '2019-06-27 13:30:00', `alert_via` = NULL
WHERE `job_id` = '1';
INSERT INTO `job` (`customer_id`, `work_order_no`, `vehicle_id`, `schedule_date_time`, `delivery_date_time`, `customer_ref`, `job_description`, `alert_via`, `create_by`, `create_date`, `status`) VALUES ('DTRN1PQXF5E1M3M', '5-1567234144', '5', '2019-08-31 11:00', '2019-08-31 15:00', 'tanjil', 'demo', 'sms', '1', '2019-08-31 08:50:03', 0);
INSERT INTO `job_details` (`job_id`, `job_type_id`, `assign_to`, `rate`, `client_notes`, `status`) VALUES (26, '33', 'XDG8P8VIGRE4FWF', '500', '', 0);
INSERT INTO `job_details` (`job_id`, `job_type_id`, `assign_to`, `rate`, `client_notes`, `status`) VALUES (26, '24', 'XDG8P8VIGRE4FWF', '85', '', 0);
INSERT INTO `job_details` (`job_id`, `job_type_id`, `assign_to`, `rate`, `client_notes`, `status`) VALUES (26, '14', 'JX9SPDLO4UM7KRB', '80', '', 0);
DELETE FROM `job_details`
WHERE `job_id` = '25';
INSERT INTO `job_details` (`job_id`, `job_type_id`, `rate`, `assign_to`, `start_datetime`, `mechanic_notes`, `status`) VALUES ('25', '30', '90', 'V3KOLUZ64G5BC4Q', '2019-08-31 10:00:00', 'asdf', 3);
INSERT INTO `job_details` (`job_id`, `job_type_id`, `rate`, `assign_to`, `start_datetime`, `mechanic_notes`, `status`) VALUES ('25', '24', '85', 'XDG8P8VIGRE4FWF', '2019-08-31 10:00:00', 'qwert', 3);
UPDATE `job` SET `recommendation` = 'note c', `odometer` = 'aa', `hubo_meter` = 'bb', `hour_meter` = 'cc', `cof_wof_date` = '0000-00-00', `registration_date` = '0000-00-00', `fuel_burn` = 'dd'
WHERE `job_id` = '25';
UPDATE `job_details` SET `end_datetime` = '2019-09-01 08:00:00', `spent_time` = '22'
WHERE `job_type_id` = '30'
AND `job_id` = '25';
UPDATE `job_details` SET `end_datetime` = '2019-09-01 11:00:00', `spent_time` = '25'
WHERE `job_type_id` = '24'
AND `job_id` = '25';
DELETE FROM `job_details`
WHERE `job_id` = '26';
INSERT INTO `job_details` (`job_id`, `job_type_id`, `rate`, `assign_to`, `start_datetime`, `mechanic_notes`, `status`) VALUES ('26', '33', '500', 'XDG8P8VIGRE4FWF', ' ', '', 3);
INSERT INTO `job_details` (`job_id`, `job_type_id`, `rate`, `assign_to`, `start_datetime`, `mechanic_notes`, `status`) VALUES ('26', '24', '85', 'XDG8P8VIGRE4FWF', ' ', '', 3);
INSERT INTO `job_details` (`job_id`, `job_type_id`, `rate`, `assign_to`, `start_datetime`, `mechanic_notes`, `status`) VALUES ('26', '14', '80', 'JX9SPDLO4UM7KRB', ' ', '', 3);
UPDATE `job` SET `recommendation` = '', `odometer` = NULL, `hubo_meter` = NULL, `hour_meter` = NULL, `cof_wof_date` = NULL, `registration_date` = NULL, `fuel_burn` = NULL
WHERE `job_id` = '26';
UPDATE `job_details` SET `end_datetime` = ' ', `spent_time` = ''
WHERE `job_type_id` = '33'
AND `job_id` = '26';
UPDATE `job_details` SET `end_datetime` = ' ', `spent_time` = ''
WHERE `job_type_id` = '24'
AND `job_id` = '26';
UPDATE `job_details` SET `end_datetime` = ' ', `spent_time` = ''
WHERE `job_type_id` = '14'
AND `job_id` = '26';
DELETE FROM `job_details`
WHERE `job_id` = '26';
DELETE FROM `job`
WHERE `job_id` = '26';
DELETE FROM `ob_details`
WHERE `job_id` = '26';
DELETE FROM `job`
WHERE `job_id` = '26';
DELETE FROM `job_details`
WHERE `job_id` = '26';
DELETE FROM `job_products_used`
WHERE `job_id` = '26';
INSERT INTO `job` (`customer_id`, `work_order_no`, `vehicle_id`, `schedule_date_time`, `delivery_date_time`, `customer_ref`, `job_description`, `alert_via`, `create_by`, `create_date`, `status`) VALUES ('DTRN1PQXF5E1M3M', '5-1567246260', '5', '2019-08-31 08:00', '2019-08-31 13:00', '', 'asw', 'sms', '1', '2019-08-31 12:11:39', 0);
INSERT INTO `job_details` (`job_id`, `job_type_id`, `assign_to`, `rate`, `client_notes`, `status`) VALUES (27, '1', 'XDG8P8VIGRE4FWF', '250', '', 0);
INSERT INTO `job_details` (`job_id`, `job_type_id`, `assign_to`, `rate`, `client_notes`, `status`) VALUES (27, '24', 'XDG8P8VIGRE4FWF', '85', '', 0);
INSERT INTO `job_details` (`job_id`, `job_type_id`, `assign_to`, `rate`, `client_notes`, `status`) VALUES (27, '33', 'XDG8P8VIGRE4FWF', '500', '', 0);
DELETE FROM `job_details`
WHERE `job_id` = '27';
INSERT INTO `job_details` (`job_id`, `job_type_id`, `rate`, `assign_to`, `start_datetime`, `mechanic_notes`, `status`) VALUES ('27', '1', '250', 'XDG8P8VIGRE4FWF', '2019-08-31 18:00', '', 1);
INSERT INTO `job_details` (`job_id`, `job_type_id`, `rate`, `assign_to`, `start_datetime`, `mechanic_notes`, `status`) VALUES ('27', '24', '85', 'XDG8P8VIGRE4FWF', ' ', '', 0);
INSERT INTO `job_details` (`job_id`, `job_type_id`, `rate`, `assign_to`, `start_datetime`, `mechanic_notes`, `status`) VALUES ('27', '33', '500', 'XDG8P8VIGRE4FWF', ' ', '', 0);
UPDATE `job` SET `recommendation` = '', `odometer` = NULL, `hubo_meter` = NULL, `hour_meter` = NULL, `cof_wof_date` = NULL, `registration_date` = NULL, `fuel_burn` = NULL
WHERE `job_id` = '27';
UPDATE `job_details` SET `end_datetime` = ' ', `spent_time` = ''
WHERE `job_type_id` = '1'
AND `job_id` = '27';
UPDATE `job_details` SET `end_datetime` = ' ', `spent_time` = ''
WHERE `job_type_id` = '24'
AND `job_id` = '27';
UPDATE `job_details` SET `end_datetime` = ' ', `spent_time` = ''
WHERE `job_type_id` = '33'
AND `job_id` = '27';
INSERT INTO `sub_module` (`id`, `module`, `name`, `url`, `parent_menu`, `ordering`, `icon`, `description`, `image`, `directory`, `status`) VALUES (NULL, 'service', 'completed_service', 'Cservice/completed_service', '27', '', '', NULL, NULL, NULL, 1);
UPDATE `service_reminder_tbl` SET `occurrence_date` = '2019-03-18', `status` = 1
WHERE `id` = '3';
DELETE FROM `job_details`
WHERE `job_id` = '27';
INSERT INTO `job_details` (`job_id`, `job_type_id`, `rate`, `assign_to`, `start_datetime`, `mechanic_notes`, `status`) VALUES ('27', '1', '250', 'XDG8P8VIGRE4FWF', '2019-08-31 18:00:00', 'q', 3);
INSERT INTO `job_details` (`job_id`, `job_type_id`, `rate`, `assign_to`, `start_datetime`, `mechanic_notes`, `status`) VALUES ('27', '24', '85', 'XDG8P8VIGRE4FWF', ' ', '', 2);
INSERT INTO `job_details` (`job_id`, `job_type_id`, `rate`, `assign_to`, `start_datetime`, `mechanic_notes`, `status`) VALUES ('27', '33', '500', 'XDG8P8VIGRE4FWF', '2019-08-31 13:00', 'w', 3);
UPDATE `job` SET `recommendation` = '', `odometer` = NULL, `hubo_meter` = NULL, `hour_meter` = NULL, `cof_wof_date` = NULL, `registration_date` = NULL, `fuel_burn` = NULL
WHERE `job_id` = '27';
UPDATE `job_details` SET `end_datetime` = '2019-08-31 21:00', `spent_time` = '3'
WHERE `job_type_id` = '1'
AND `job_id` = '27';
UPDATE `job_details` SET `end_datetime` = ' ', `spent_time` = ''
WHERE `job_type_id` = '24'
AND `job_id` = '27';
UPDATE `job_details` SET `end_datetime` = '2019-08-31 19:00', `spent_time` = '6'
WHERE `job_type_id` = '33'
AND `job_id` = '27';
UPDATE `job` SET `status` = '3', `show_hide_status` = '0', `schedule_date_time` = '2019-08-31 08:00:00', `delivery_date_time` = '2019-08-31 13:00:00', `alert_via` = 'sms'
WHERE `job_id` = '27';
UPDATE `web_setting` SET `logo` = 'http://softest8.bdtask.com/garagemanagement/./my-assets/image/logo/8d6b2f6b33a60824118e6a79dca67e25.png', `invoice_logo` = 'http://localhost/bdtask/garegmanagement/./my-assets/image/logo/15a8648c1ed9de4be26d35140db73f13.png', `favicon` = 'http://softest8.bdtask.com/garagemanagement/my-assets/image/logo/703010c615dd612d7f5742e2eb8165fe.png', `currency` = '$', `currency_position` = '0', `labour_cost` = '80.00', `date_format` = '1', `footer_text` = 'Copyright 2018-2019 bdtask. All rights reserved.', `language` = 'english', `rtr` = '0', `timezone` = 'Asia/Dhaka', `captcha` = '0', `site_key` = '', `secret_key` = '', `discount_type` = '1'
WHERE `setting_id` = 1;
UPDATE `web_setting` SET `logo` = 'http://softest8.bdtask.com/garagemanagement/./my-assets/image/logo/8d6b2f6b33a60824118e6a79dca67e25.png', `invoice_logo` = 'http://localhost/bdtask/garegmanagement/./my-assets/image/logo/15a8648c1ed9de4be26d35140db73f13.png', `favicon` = 'http://softest8.bdtask.com/garagemanagement/my-assets/image/logo/703010c615dd612d7f5742e2eb8165fe.png', `currency` = '$', `currency_position` = '0', `labour_cost` = '80.00', `date_format` = '2', `footer_text` = 'Copyright 2018-2019 bdtask. All rights reserved.', `language` = 'english', `rtr` = '0', `timezone` = 'Asia/Dhaka', `captcha` = '0', `site_key` = '', `secret_key` = '', `discount_type` = '1'
WHERE `setting_id` = 1;
INSERT INTO `booking_tbl` (`booking_time`, `title`, `booking_by`, `customer_id`, `registration_no`, `status`) VALUES ('2019-09-02 15:01', 'a', '1', 'DTRN1PQXF5E1M3M', '5', 1);
INSERT INTO `booking_tbl` (`booking_time`, `title`, `booking_by`, `customer_id`, `registration_no`, `status`) VALUES ('2019-09-03 01:00', 'ee', '1', 'DTRN1PQXF5E1M3M', '5', 1);
UPDATE `job` SET `status` = '3', `show_hide_status` = '0', `schedule_date_time` = '2019-08-31 08:00:00', `delivery_date_time` = '2019-08-31 13:00:00', `alert_via` = 'sms'
WHERE `job_id` = '27';
UPDATE `job` SET `status` = '1', `show_hide_status` = 0, `schedule_date_time` = '2019-08-31 08:00:00', `delivery_date_time` = '2019-08-31 13:00:00', `alert_via` = 'sms'
WHERE `job_id` = '27';
UPDATE `job` SET `status` = '1', `show_hide_status` = 0, `schedule_date_time` = '2019-08-31 08:00:00', `delivery_date_time` = '2019-08-31 13:00:00', `alert_via` = 'sms'
WHERE `job_id` = '27';
UPDATE `job` SET `status` = '1', `show_hide_status` = 0, `schedule_date_time` = '2019-08-31 08:00:00', `delivery_date_time` = '2019-08-31 13:00:00', `alert_via` = 'sms'
WHERE `job_id` = '27';
UPDATE `job` SET `status` = '1', `show_hide_status` = 0, `schedule_date_time` = '2019-08-31 08:00:00', `delivery_date_time` = '2019-08-31 13:00:00', `alert_via` = 'sms'
WHERE `job_id` = '27';
UPDATE `job` SET `status` = '3', `show_hide_status` = 1, `schedule_date_time` = '2019-08-31 08:00:00', `delivery_date_time` = '2019-08-31 13:00:00', `alert_via` = 'email'
WHERE `job_id` = '27';
UPDATE `job` SET `status` = '3X', `show_hide_status` = 1, `schedule_date_time` = '2019-08-31 08:00:00', `delivery_date_time` = '2019-08-31 13:00:00', `alert_via` = 'email'
WHERE `job_id` = '27';
UPDATE `job` SET `status` = '3X', `show_hide_status` = '', `schedule_date_time` = '2019-08-31 08:00:00', `delivery_date_time` = '2019-08-31 13:00:00', `alert_via` = 'email'
WHERE `job_id` = '27';
UPDATE `job` SET `status` = '3X', `show_hide_status` = 1, `schedule_date_time` = '2019-08-31 08:00:00', `delivery_date_time` = '2019-08-31 13:00:00', `alert_via` = 'email'
WHERE `job_id` = '27';
UPDATE `job` SET `status` = '3', `show_hide_status` = 1, `schedule_date_time` = NULL, `delivery_date_time` = NULL, `alert_via` = NULL
WHERE `job_id` IS NULL;
UPDATE `job` SET `status` = '1', `show_hide_status` = 1, `schedule_date_time` = '2019-08-31 08:00:00', `delivery_date_time` = '2019-08-31 13:00:00', `alert_via` = 'email'
WHERE `job_id` = '27';
UPDATE `job` SET `status` = '1', `show_hide_status` = 1, `schedule_date_time` = '2019-08-31 08:00:00', `delivery_date_time` = '2019-08-31 13:00:00', `alert_via` = 'email'
WHERE `job_id` = '27';
UPDATE `job` SET `status` = '1', `show_hide_status` = 1, `schedule_date_time` = '2019-08-31 08:00:00', `delivery_date_time` = '2019-08-31 13:00:00', `alert_via` = 'email'
WHERE `job_id` = '27';
UPDATE `job` SET `status` = '3', `show_hide_status` = 1, `schedule_date_time` = '2019-08-31 08:00:00', `delivery_date_time` = '2019-08-31 13:00:00', `alert_via` = 'email'
WHERE `job_id` = '27';
INSERT INTO `customer_ledger` (`transaction_id`, `customer_id`, `invoice_no`, `date`, `amount`, `description`, `status`, `d_c`) VALUES ('LF27K6QJCVHVLHQ', 'DTRN1PQXF5E1M3M', '5888266819', '2019-09-01', '1543.5', 'Purchase by customer', 1, 'd');
INSERT INTO `customer_ledger` (`transaction_id`, `customer_id`, `receipt_no`, `date`, `amount`, `payment_type`, `invoice_no`, `description`, `status`, `d_c`) VALUES ('LF27K6QJCVHVLHQ', 'DTRN1PQXF5E1M3M', 'VGMISBURRB', '2019-09-01', 0, 1, '5888266819', 'Paid by customer', 1, 'c');
INSERT INTO `transection` (`transaction_id`, `relation_id`, `transection_type`, `date_of_transection`, `transection_category`, `amount`, `transection_mood`, `is_transaction`, `description`) VALUES ('LF27K6QJCVHVLHQ', 'DTRN1PQXF5E1M3M', 2, '2019-09-01', 2, 0, 1, 0, 'Paid by customer');
INSERT INTO `acc_transaction` (`VNo`, `Vtype`, `VDate`, `COAID`, `Narration`, `Debit`, `Credit`, `IsPosted`, `CreateBy`, `CreateDate`, `IsAppove`) VALUES ('5888266819', 'INV', '2019-09-01 13:56:17', 10107, 'Inventory credit For Invoice No5888266819', 0, '', 1, '1', '2019-09-01 13:56:17', 1);
INSERT INTO `acc_transaction` (`VNo`, `Vtype`, `VDate`, `COAID`, `Narration`, `Debit`, `Credit`, `IsPosted`, `CreateBy`, `CreateDate`, `IsAppove`) VALUES ('5888266819', 'INV', '2019-09-01 13:56:17', '102030148', 'Customer debit For Invoice No5888266819', '1543.5', 0, 1, '1', '2019-09-01 13:56:17', 1);
INSERT INTO `invoice` (`job_id`, `invoice_id`, `customer_id`, `date`, `total_amount`, `labour_cost`, `total_tax`, `invoice`, `invoice_details`, `invoice_discount`, `total_discount`, `prevous_due`, `shipping_cost`, `sales_by`, `status`) VALUES ('27', '5888266819', 'DTRN1PQXF5E1M3M', '2019-09-01', '1543.5', '80.00', '5', 1009, '', '', '', '', '', '1', 1);
INSERT INTO `invoice_details` (`invoice_details_id`, `invoice_id`, `product_id`, `spent_time`, `quantity`, `rate`, `discount`, `description`, `discount_per`, `tax`, `paid_amount`, `due_amount`, `supplier_rate`, `total_price`, `status`) VALUES ('437683333531253', '5888266819', '1', '3', '1', '250', '', '', '', '', 0, 0, '', '250.00', 1);
INSERT INTO `invoice_details` (`invoice_details_id`, `invoice_id`, `product_id`, `spent_time`, `quantity`, `rate`, `discount`, `description`, `discount_per`, `tax`, `paid_amount`, `due_amount`, `supplier_rate`, `total_price`, `status`) VALUES ('689639549346638', '5888266819', '33', '6', '1', '500', '', '', '', '', 0, 0, '', '500.00', 1);
UPDATE `job` SET `is_invoice` = 1
WHERE `job_id` = '27';
UPDATE `job` SET `status` = '1', `show_hide_status` = 1, `schedule_date_time` = '2019-08-31 08:00:00', `delivery_date_time` = '2019-08-31 13:00:00', `alert_via` = 'email'
WHERE `job_id` = '27';
UPDATE `job` SET `status` = '3', `show_hide_status` = 1, `schedule_date_time` = '2019-08-31 08:00:00', `delivery_date_time` = '2019-08-31 13:00:00', `alert_via` = 'email'
WHERE `job_id` = '27';
INSERT INTO `customer_ledger` (`transaction_id`, `customer_id`, `invoice_no`, `date`, `amount`, `description`, `status`, `d_c`) VALUES ('28KBZLYGGHU6L4C', 'DTRN1PQXF5E1M3M', '2941337152', '2019-09-01', '1543.5', 'Purchase by customer', 1, 'd');
INSERT INTO `customer_ledger` (`transaction_id`, `customer_id`, `receipt_no`, `date`, `amount`, `payment_type`, `invoice_no`, `description`, `status`, `d_c`) VALUES ('28KBZLYGGHU6L4C', 'DTRN1PQXF5E1M3M', '5AZJ1WKVK8', '2019-09-01', 0, 1, '2941337152', 'Paid by customer', 1, 'c');
INSERT INTO `transection` (`transaction_id`, `relation_id`, `transection_type`, `date_of_transection`, `transection_category`, `amount`, `transection_mood`, `is_transaction`, `description`) VALUES ('28KBZLYGGHU6L4C', 'DTRN1PQXF5E1M3M', 2, '2019-09-01', 2, 0, 1, 0, 'Paid by customer');
INSERT INTO `acc_transaction` (`VNo`, `Vtype`, `VDate`, `COAID`, `Narration`, `Debit`, `Credit`, `IsPosted`, `CreateBy`, `CreateDate`, `IsAppove`) VALUES ('2941337152', 'INV', '2019-09-01 13:58:15', 10107, 'Inventory credit For Invoice No2941337152', 0, '', 1, '1', '2019-09-01 13:58:15', 1);
INSERT INTO `acc_transaction` (`VNo`, `Vtype`, `VDate`, `COAID`, `Narration`, `Debit`, `Credit`, `IsPosted`, `CreateBy`, `CreateDate`, `IsAppove`) VALUES ('2941337152', 'INV', '2019-09-01 13:58:15', '102030148', 'Customer debit For Invoice No2941337152', '1543.5', 0, 1, '1', '2019-09-01 13:58:15', 1);
INSERT INTO `invoice` (`job_id`, `invoice_id`, `customer_id`, `date`, `total_amount`, `labour_cost`, `total_tax`, `invoice`, `invoice_details`, `invoice_discount`, `total_discount`, `prevous_due`, `shipping_cost`, `sales_by`, `status`) VALUES ('27', '2941337152', 'DTRN1PQXF5E1M3M', '2019-09-01', '1543.5', '80.00', '5', 1010, '', '', '', '', '', '1', 1);
INSERT INTO `invoice_details` (`invoice_details_id`, `invoice_id`, `product_id`, `spent_time`, `quantity`, `rate`, `discount`, `description`, `discount_per`, `tax`, `paid_amount`, `due_amount`, `supplier_rate`, `total_price`, `status`) VALUES ('965484588349751', '2941337152', '1', '3', '1', '250', '', '', '', '', 0, 0, '', '250.00', 1);
INSERT INTO `invoice_details` (`invoice_details_id`, `invoice_id`, `product_id`, `spent_time`, `quantity`, `rate`, `discount`, `description`, `discount_per`, `tax`, `paid_amount`, `due_amount`, `supplier_rate`, `total_price`, `status`) VALUES ('184718763713286', '2941337152', '33', '6', '1', '500', '', '', '', '', 0, 0, '', '500.00', 1);
UPDATE `job` SET `is_invoice` = 1
WHERE `job_id` = '27';
UPDATE `job` SET `status` = '3', `show_hide_status` = 1, `schedule_date_time` = '2019-08-31 08:00:00', `delivery_date_time` = '2019-08-31 13:00:00', `alert_via` = 'email'
WHERE `job_id` = '27';
INSERT INTO `customer_ledger` (`transaction_id`, `customer_id`, `invoice_no`, `date`, `amount`, `description`, `status`, `d_c`) VALUES ('WUC8E717GYG5ADK', 'DTRN1PQXF5E1M3M', '4111332337', '2019-09-01', '1543.5', 'Purchase by customer', 1, 'd');
INSERT INTO `customer_ledger` (`transaction_id`, `customer_id`, `receipt_no`, `date`, `amount`, `payment_type`, `invoice_no`, `description`, `status`, `d_c`) VALUES ('WUC8E717GYG5ADK', 'DTRN1PQXF5E1M3M', 'BP3U6OH7OC', '2019-09-01', 0, 1, '4111332337', 'Paid by customer', 1, 'c');
INSERT INTO `transection` (`transaction_id`, `relation_id`, `transection_type`, `date_of_transection`, `transection_category`, `amount`, `transection_mood`, `is_transaction`, `description`) VALUES ('WUC8E717GYG5ADK', 'DTRN1PQXF5E1M3M', 2, '2019-09-01', 2, 0, 1, 0, 'Paid by customer');
INSERT INTO `acc_transaction` (`VNo`, `Vtype`, `VDate`, `COAID`, `Narration`, `Debit`, `Credit`, `IsPosted`, `CreateBy`, `CreateDate`, `IsAppove`) VALUES ('4111332337', 'INV', '2019-09-01 14:05:07', 10107, 'Inventory credit For Invoice No4111332337', 0, '', 1, '1', '2019-09-01 14:05:07', 1);
INSERT INTO `acc_transaction` (`VNo`, `Vtype`, `VDate`, `COAID`, `Narration`, `Debit`, `Credit`, `IsPosted`, `CreateBy`, `CreateDate`, `IsAppove`) VALUES ('4111332337', 'INV', '2019-09-01 14:05:07', '102030148', 'Customer debit For Invoice No4111332337', '1543.5', 0, 1, '1', '2019-09-01 14:05:07', 1);
INSERT INTO `invoice` (`job_id`, `invoice_id`, `customer_id`, `date`, `total_amount`, `labour_cost`, `total_tax`, `invoice`, `invoice_details`, `invoice_discount`, `total_discount`, `prevous_due`, `shipping_cost`, `sales_by`, `status`) VALUES ('27', '4111332337', 'DTRN1PQXF5E1M3M', '2019-09-01', '1543.5', '80.00', '5', 1011, '', '', '', '', '', '1', 1);
INSERT INTO `invoice_details` (`invoice_details_id`, `invoice_id`, `product_id`, `spent_time`, `quantity`, `rate`, `discount`, `description`, `discount_per`, `tax`, `paid_amount`, `due_amount`, `supplier_rate`, `total_price`, `status`) VALUES ('125476118862775', '4111332337', '1', '3', '1', '250', '', '', '', '', 0, 0, '', '250.00', 1);
INSERT INTO `invoice_details` (`invoice_details_id`, `invoice_id`, `product_id`, `spent_time`, `quantity`, `rate`, `discount`, `description`, `discount_per`, `tax`, `paid_amount`, `due_amount`, `supplier_rate`, `total_price`, `status`) VALUES ('974623189496151', '4111332337', '33', '6', '1', '500', '', '', '', '', 0, 0, '', '500.00', 1);
UPDATE `job` SET `is_invoice` = 1
WHERE `job_id` = '27';
UPDATE `job` SET `status` = '3', `show_hide_status` = 1, `schedule_date_time` = '2019-08-31 08:00:00', `delivery_date_time` = '2019-08-31 13:00:00', `alert_via` = 'email'
WHERE `job_id` = '27';
UPDATE `job` SET `status` = '3', `show_hide_status` = 1, `schedule_date_time` = '2019-08-31 08:00:00', `delivery_date_time` = '2019-08-31 13:00:00', `alert_via` = 'email'
WHERE `job_id` = '27';
INSERT INTO `customer_ledger` (`transaction_id`, `customer_id`, `invoice_no`, `date`, `amount`, `description`, `status`, `d_c`) VALUES ('LBYF5JSDJV3K3II', 'DTRN1PQXF5E1M3M', '6141113443', '2019-09-01', '1543.5', 'Purchase by customer', 1, 'd');
INSERT INTO `customer_ledger` (`transaction_id`, `customer_id`, `receipt_no`, `date`, `amount`, `payment_type`, `invoice_no`, `description`, `status`, `d_c`) VALUES ('LBYF5JSDJV3K3II', 'DTRN1PQXF5E1M3M', '3P25I5H4SY', '2019-09-01', 0, 1, '6141113443', 'Paid by customer', 1, 'c');
INSERT INTO `transection` (`transaction_id`, `relation_id`, `transection_type`, `date_of_transection`, `transection_category`, `amount`, `transection_mood`, `is_transaction`, `description`) VALUES ('LBYF5JSDJV3K3II', 'DTRN1PQXF5E1M3M', 2, '2019-09-01', 2, 0, 1, 0, 'Paid by customer');
INSERT INTO `acc_transaction` (`VNo`, `Vtype`, `VDate`, `COAID`, `Narration`, `Debit`, `Credit`, `IsPosted`, `CreateBy`, `CreateDate`, `IsAppove`) VALUES ('6141113443', 'INV', '2019-09-01 14:08:23', 10107, 'Inventory credit For Invoice No6141113443', 0, '', 1, '1', '2019-09-01 14:08:23', 1);
INSERT INTO `acc_transaction` (`VNo`, `Vtype`, `VDate`, `COAID`, `Narration`, `Debit`, `Credit`, `IsPosted`, `CreateBy`, `CreateDate`, `IsAppove`) VALUES ('6141113443', 'INV', '2019-09-01 14:08:23', '102030148', 'Customer debit For Invoice No6141113443', '1543.5', 0, 1, '1', '2019-09-01 14:08:23', 1);
INSERT INTO `invoice` (`job_id`, `invoice_id`, `customer_id`, `date`, `total_amount`, `labour_cost`, `total_tax`, `invoice`, `invoice_details`, `invoice_discount`, `total_discount`, `prevous_due`, `shipping_cost`, `sales_by`, `status`) VALUES ('27', '6141113443', 'DTRN1PQXF5E1M3M', '2019-09-01', '1543.5', '80.00', '5', 1012, '', '', '', '', '', '1', 1);
INSERT INTO `invoice_details` (`invoice_details_id`, `invoice_id`, `product_id`, `spent_time`, `quantity`, `rate`, `discount`, `description`, `discount_per`, `tax`, `paid_amount`, `due_amount`, `supplier_rate`, `total_price`, `status`) VALUES ('834478298936989', '6141113443', '1', '3', '1', '250', '', '', '', '', 0, 0, '', '250.00', 1);
INSERT INTO `invoice_details` (`invoice_details_id`, `invoice_id`, `product_id`, `spent_time`, `quantity`, `rate`, `discount`, `description`, `discount_per`, `tax`, `paid_amount`, `due_amount`, `supplier_rate`, `total_price`, `status`) VALUES ('913316916271346', '6141113443', '33', '6', '1', '500', '', '', '', '', 0, 0, '', '500.00', 1);
UPDATE `job` SET `is_invoice` = 1
WHERE `job_id` = '27';
UPDATE `job` SET `status` = '3', `show_hide_status` = 1, `schedule_date_time` = '2019-08-31 08:00:00', `delivery_date_time` = '2019-08-31 13:00:00', `alert_via` = 'email'
WHERE `job_id` = '27';
INSERT INTO `customer_ledger` (`transaction_id`, `customer_id`, `invoice_no`, `date`, `amount`, `description`, `status`, `d_c`) VALUES ('BW4CRG4AJEANZTV', 'DTRN1PQXF5E1M3M', '1844435552', '2019-09-01', '1543.5', 'Purchase by customer', 1, 'd');
INSERT INTO `customer_ledger` (`transaction_id`, `customer_id`, `receipt_no`, `date`, `amount`, `payment_type`, `invoice_no`, `description`, `status`, `d_c`) VALUES ('BW4CRG4AJEANZTV', 'DTRN1PQXF5E1M3M', 'KV3FHICLYO', '2019-09-01', 0, 1, '1844435552', 'Paid by customer', 1, 'c');
INSERT INTO `transection` (`transaction_id`, `relation_id`, `transection_type`, `date_of_transection`, `transection_category`, `amount`, `transection_mood`, `is_transaction`, `description`) VALUES ('BW4CRG4AJEANZTV', 'DTRN1PQXF5E1M3M', 2, '2019-09-01', 2, 0, 1, 0, 'Paid by customer');
INSERT INTO `acc_transaction` (`VNo`, `Vtype`, `VDate`, `COAID`, `Narration`, `Debit`, `Credit`, `IsPosted`, `CreateBy`, `CreateDate`, `IsAppove`) VALUES ('1844435552', 'INV', '2019-09-01 14:12:24', 10107, 'Inventory credit For Invoice No1844435552', 0, '', 1, '1', '2019-09-01 14:12:24', 1);
INSERT INTO `acc_transaction` (`VNo`, `Vtype`, `VDate`, `COAID`, `Narration`, `Debit`, `Credit`, `IsPosted`, `CreateBy`, `CreateDate`, `IsAppove`) VALUES ('1844435552', 'INV', '2019-09-01 14:12:24', '102030148', 'Customer debit For Invoice No1844435552', '1543.5', 0, 1, '1', '2019-09-01 14:12:24', 1);
INSERT INTO `invoice` (`job_id`, `invoice_id`, `customer_id`, `date`, `total_amount`, `labour_cost`, `total_tax`, `invoice`, `invoice_details`, `invoice_discount`, `total_discount`, `prevous_due`, `shipping_cost`, `sales_by`, `status`) VALUES ('27', '1844435552', 'DTRN1PQXF5E1M3M', '2019-09-01', '1543.5', '80.00', '5', 1013, '', '', '', '', '', '1', 1);
INSERT INTO `invoice_details` (`invoice_details_id`, `invoice_id`, `product_id`, `spent_time`, `quantity`, `rate`, `discount`, `description`, `discount_per`, `tax`, `paid_amount`, `due_amount`, `supplier_rate`, `total_price`, `status`) VALUES ('998888314998783', '1844435552', '1', '3', '1', '250', '', '', '', '', 0, 0, '', '250.00', 1);
INSERT INTO `invoice_details` (`invoice_details_id`, `invoice_id`, `product_id`, `spent_time`, `quantity`, `rate`, `discount`, `description`, `discount_per`, `tax`, `paid_amount`, `due_amount`, `supplier_rate`, `total_price`, `status`) VALUES ('459849761926646', '1844435552', '33', '6', '1', '500', '', '', '', '', 0, 0, '', '500.00', 1);
UPDATE `job` SET `is_invoice` = 1
WHERE `job_id` = '27';
UPDATE `customer_information` SET `customer_name` = 'Md. Shahab uddin', `customer_phone` = '13543543543', `customer_mobile` = '345454313212', `customer_email` = 'shahabuddinp91@gmail.com', `customer_skype` = 'md.shahab.uddin', `customer_address` = 'Dhaka', `company_name` = 'spfoundationbd', `company_number` = '453431321', `vat_number` = '9', `company_type` = '', `postal_address` = '', `physical_address` = '', `website` = '', `director_name` = 'MDSU', `director_mobile` = '', `director_phone` = '', `director_address` = '', `trade_reference_1` = '', `trade_reference_2` = '', `trade_reference_3` = '', `status` = '', `notes` = '', `notifications` = 'sms,post', `payment_period` = '10', `payment_method` = 'cash', `sales_discount_status` = 'none', `markup_discount` = NULL, `role_id` = '3'
WHERE `customer_id` = 'DTRN1PQXF5E1M3M';
UPDATE `acc_coa` SET `HeadName` = 'DTRN1PQXF5E1M3M-Md. Shahab uddin'
WHERE `HeadName` = 'DTRN1PQXF5E1M3M-Md. Shahab uddin';
UPDATE `user_login` SET `username` = 'shahabuddinp91@gmail.com', `password` = 'aa1fc6f8a4572e625e2181f8793eac10', `user_type` = '3', `status` = '1'
WHERE `user_id` = 'DTRN1PQXF5E1M3M';
UPDATE `users` SET `first_name` = 'Md. Shahab uddin', `last_name` = '', `gender` = '', `date_of_birth` = '', `logo` = '', `status` = '1'
WHERE `user_id` = 'DTRN1PQXF5E1M3M';
UPDATE `sec_userrole` SET `roleid` = '3', `createby` = '1', `createdate` = '2019-09-01 15:05:45'
WHERE `user_id` = 'DTRN1PQXF5E1M3M';
DELETE FROM `job_details`
WHERE `job_id` = '24';
INSERT INTO `job_details` (`job_id`, `job_type_id`, `rate`, `assign_to`, `start_datetime`, `mechanic_notes`, `status`) VALUES ('24', '16', '40', 'XDG8P8VIGRE4FWF', '2019-08-29 10:00:00', 'w', 3);
INSERT INTO `job_details` (`job_id`, `job_type_id`, `rate`, `assign_to`, `start_datetime`, `mechanic_notes`, `status`) VALUES ('24', '16', '40', 'XDG8P8VIGRE4FWF', '2019-08-29 14:00:00', 's', 3);
DELETE FROM `job_products_used`
WHERE `job_id` = '24';
INSERT INTO `job_products_used` (`job_id`, `product_id`, `available_qty`, `rate`, `used_qty`, `mechanic_note`) VALUES ('24', '97342595', '30', '10000', '2', 'qq');
UPDATE `job` SET `recommendation` = 'aaa', `odometer` = '100', `hubo_meter` = '200', `hour_meter` = '300', `cof_wof_date` = '2019-09-02', `registration_date` = '2019-09-03', `fuel_burn` = '400'
WHERE `job_id` = '24';
UPDATE `job_details` SET `end_datetime` = '2019-08-30 04:09:00', `spent_time` = '14'
WHERE `job_type_id` = '16'
AND `job_id` = '24';
UPDATE `job_details` SET `end_datetime` = '2019-08-30 04:09:00', `spent_time` = '14'
WHERE `job_type_id` = '16'
AND `job_id` = '24';
UPDATE `sub_module` SET `status` = 0
WHERE `id` = '38';
UPDATE `sub_module` SET `status` = 0
WHERE `id` = '37';
UPDATE `sub_module` SET `status` = 0
WHERE `id` = '35';
DELETE FROM `job_details`
WHERE `job_id` = '9';
INSERT INTO `job_details` (`job_id`, `job_type_id`, `rate`, `assign_to`, `start_datetime`, `mechanic_notes`, `status`) VALUES ('9', '2', '150', 'V3KOLUZ64G5BC4Q', '2019-08-31 00:00', 'a', 3);
INSERT INTO `job_details` (`job_id`, `job_type_id`, `rate`, `assign_to`, `start_datetime`, `mechanic_notes`, `status`) VALUES ('9', '12', '30', 'M6S1SCRL22A1T3Y', '2019-08-31 10:00', 's', 3);
UPDATE `job` SET `recommendation` = 'aaaaaaaaaaaaaaaa', `odometer` = '10', `hubo_meter` = '20', `hour_meter` = '30', `cof_wof_date` = '2019-09-03', `registration_date` = '2019-09-04', `fuel_burn` = '40'
WHERE `job_id` = '9';
UPDATE `job_details` SET `end_datetime` = '2019-09-01 00:00', `spent_time` = '24'
WHERE `job_type_id` = '2'
AND `job_id` = '9';
UPDATE `job_details` SET `end_datetime` = '2019-09-03 08:00', `spent_time` = '70'
WHERE `job_type_id` = '12'
AND `job_id` = '9';
DELETE FROM `job_details`
WHERE `job_id` = '9';
INSERT INTO `job_details` (`job_id`, `job_type_id`, `rate`, `assign_to`, `start_datetime`, `mechanic_notes`, `status`) VALUES ('9', '2', '150', 'V3KOLUZ64G5BC4Q', '2019-08-31 00:00:00', 'a', 3);
INSERT INTO `job_details` (`job_id`, `job_type_id`, `rate`, `assign_to`, `start_datetime`, `mechanic_notes`, `status`) VALUES ('9', '12', '30', 'M6S1SCRL22A1T3Y', '2019-08-31 10:00:00', 's', 3);
INSERT INTO `job_details` (`job_id`, `job_type_id`, `rate`, `assign_to`, `start_datetime`, `mechanic_notes`, `status`) VALUES ('9', '', '', '', '2019-09-03 00:00', 'w', 1);
INSERT INTO `job_products_used` (`job_id`, `product_id`, `available_qty`, `rate`, `used_qty`, `mechanic_note`) VALUES ('9', 'GP1566452235', '', '3500', '1', '77');
UPDATE `job` SET `recommendation` = 'aaaaaaaaaaaaaaaa', `odometer` = '10', `hubo_meter` = '20', `hour_meter` = '30', `cof_wof_date` = '2019-09-03', `registration_date` = '2019-09-04', `fuel_burn` = '40'
WHERE `job_id` = '9';
UPDATE `job_details` SET `end_datetime` = '2019-09-01 00:00:00', `spent_time` = '24'
WHERE `job_type_id` = '2'
AND `job_id` = '9';
UPDATE `job_details` SET `end_datetime` = '2019-09-03 08:00:00', `spent_time` = '70'
WHERE `job_type_id` = '12'
AND `job_id` = '9';
DELETE FROM `job_details`
WHERE `job_id` = '9';
INSERT INTO `job_details` (`job_id`, `job_type_id`, `rate`, `assign_to`, `start_datetime`, `mechanic_notes`, `status`) VALUES ('9', '2', '150', 'V3KOLUZ64G5BC4Q', '2019-08-31 00:00:00', 'a', 3);
INSERT INTO `job_details` (`job_id`, `job_type_id`, `rate`, `assign_to`, `start_datetime`, `mechanic_notes`, `status`) VALUES ('9', '12', '30', 'M6S1SCRL22A1T3Y', '2019-08-31 10:00:00', 's', 3);
INSERT INTO `job_details` (`job_id`, `job_type_id`, `rate`, `assign_to`, `start_datetime`, `mechanic_notes`, `status`) VALUES ('9', '18', '60', 'XDG8P8VIGRE4FWF', '2019-09-03 00:00:00', 'w', 1);
INSERT INTO `job_details` (`job_id`, `job_type_id`, `rate`, `assign_to`, `start_datetime`, `mechanic_notes`, `status`) VALUES ('9', '13', '0', 'JX9SPDLO4UM7KRB', '', '', 0);
DELETE FROM `job_products_used`
WHERE `job_id` = '9';
INSERT INTO `job_products_used` (`job_id`, `product_id`, `available_qty`, `rate`, `used_qty`, `mechanic_note`) VALUES ('9', 'GP1566452235', '0', '3500', '1', '77');
UPDATE `job` SET `recommendation` = 'aaaaaaaaaaaaaaaa', `odometer` = '10', `hubo_meter` = '20', `hour_meter` = '30', `cof_wof_date` = '2019-09-03', `registration_date` = '2019-09-04', `fuel_burn` = '40'
WHERE `job_id` = '9';
UPDATE `job_details` SET `end_datetime` = '2019-09-01 00:00:00', `spent_time` = '24'
WHERE `job_type_id` = '2'
AND `job_id` = '9';
UPDATE `job_details` SET `end_datetime` = '2019-09-03 08:00:00', `spent_time` = '70'
WHERE `job_type_id` = '12'
AND `job_id` = '9';
UPDATE `job_details` SET `end_datetime` = ' ', `spent_time` = ''
WHERE `job_type_id` = ''
AND `job_id` = '9';
DELETE FROM `job_details`
WHERE `job_id` = '9';
INSERT INTO `job_details` (`job_id`, `job_type_id`, `rate`, `assign_to`, `start_datetime`, `mechanic_notes`, `status`) VALUES ('9', '2', '150', 'V3KOLUZ64G5BC4Q', '2019-08-31 00:00:00', 'a', 3);
INSERT INTO `job_details` (`job_id`, `job_type_id`, `rate`, `assign_to`, `start_datetime`, `mechanic_notes`, `status`) VALUES ('9', '12', '30', 'M6S1SCRL22A1T3Y', '2019-08-31 10:00:00', 's', 3);
INSERT INTO `job_details` (`job_id`, `job_type_id`, `rate`, `assign_to`, `start_datetime`, `mechanic_notes`, `status`) VALUES ('9', '18', '60', 'XDG8P8VIGRE4FWF', '2019-09-03 00:00:00', 'w', 3);
INSERT INTO `job_details` (`job_id`, `job_type_id`, `rate`, `assign_to`, `start_datetime`, `mechanic_notes`, `status`) VALUES ('9', '13', '0', 'JX9SPDLO4UM7KRB', ' ', '', 0);
DELETE FROM `job_products_used`
WHERE `job_id` = '9';
INSERT INTO `job_products_used` (`job_id`, `product_id`, `available_qty`, `rate`, `used_qty`, `mechanic_note`) VALUES ('9', 'GP1566452235', '0', '3500', '1', '77');
UPDATE `job` SET `recommendation` = 'aaaaaaaaaaaaaaaa', `odometer` = '10', `hubo_meter` = '20', `hour_meter` = '30', `cof_wof_date` = '2019-09-03', `registration_date` = '2019-09-04', `fuel_burn` = '40'
WHERE `job_id` = '9';
DELETE FROM `job_details`
WHERE `job_id` = '9';
INSERT INTO `job_details` (`job_id`, `job_type_id`, `rate`, `assign_to`, `start_datetime`, `end_datetime`, `spent_time`, `mechanic_notes`, `status`) VALUES ('9', '2', '150', 'V3KOLUZ64G5BC4Q', '2019-08-31 00:00:00', '2019-09-01 06:00', '30', 'a', 3);
INSERT INTO `job_details` (`job_id`, `job_type_id`, `rate`, `assign_to`, `start_datetime`, `end_datetime`, `spent_time`, `mechanic_notes`, `status`) VALUES ('9', '12', '30', 'M6S1SCRL22A1T3Y', '2019-08-31 10:00:00', '2019-09-02 05:00', '43', 's', 3);
INSERT INTO `job_details` (`job_id`, `job_type_id`, `rate`, `assign_to`, `start_datetime`, `end_datetime`, `spent_time`, `mechanic_notes`, `status`) VALUES ('9', '18', '60', 'XDG8P8VIGRE4FWF', '2019-09-03 00:00:00', ' ', '', 'w', 1);
INSERT INTO `job_details` (`job_id`, `job_type_id`, `rate`, `assign_to`, `start_datetime`, `end_datetime`, `spent_time`, `mechanic_notes`, `status`) VALUES ('9', '13', '0', 'JX9SPDLO4UM7KRB', ' ', ' ', '', '', 0);
DELETE FROM `job_products_used`
WHERE `job_id` = '9';
INSERT INTO `job_products_used` (`job_id`, `product_id`, `available_qty`, `rate`, `used_qty`, `mechanic_note`) VALUES ('9', 'GP1566452235', '0', '3500', '1', '77');
UPDATE `job` SET `recommendation` = 'aaaaaaaaaaaaaaaa', `odometer` = '10', `hubo_meter` = '20', `hour_meter` = '30', `cof_wof_date` = '2019-09-03', `registration_date` = '2019-09-04', `fuel_burn` = '40'
WHERE `job_id` = '9';
UPDATE `job_type` SET `job_category_id` = '2', `job_type_name` = 'Fuel Lines Tank & Mounting', `job_type_rate` = '60', `standard_timing` = '09:30', `update_by` = '1', `update_date` = '2019-09-03', `status` = 1
WHERE `job_type_id` = '42';
UPDATE `job` SET `is_recurring` = 1, `recurring_time` = '1 week'
WHERE `job_id` = '27';
DELETE FROM `job_details`
WHERE `job_id` = '27';
INSERT INTO `job_details` (`job_id`, `job_type_id`, `rate`, `assign_to`, `start_datetime`, `end_datetime`, `spent_time`, `mechanic_notes`, `status`) VALUES ('27', '1', '250', 'XDG8P8VIGRE4FWF', '2019-08-31 18:00:00', '2019-08-31 21:00:00', '3', 'q', 3);
INSERT INTO `job_details` (`job_id`, `job_type_id`, `rate`, `assign_to`, `start_datetime`, `end_datetime`, `spent_time`, `mechanic_notes`, `status`) VALUES ('27', '24', '85', 'XDG8P8VIGRE4FWF', ' ', ' ', '', '', 2);
INSERT INTO `job_details` (`job_id`, `job_type_id`, `rate`, `assign_to`, `start_datetime`, `end_datetime`, `spent_time`, `mechanic_notes`, `status`) VALUES ('27', '33', '500', 'XDG8P8VIGRE4FWF', '2019-08-31 13:00:00', '2019-08-31 19:00:00', '6', 'w', 3);
INSERT INTO `job_products_used` (`job_id`, `product_id`, `available_qty`, `rate`, `used_qty`, `mechanic_note`) VALUES ('27', '97342595', '30.00', '10000', '2', '');
UPDATE `job` SET `recommendation` = 'asw', `odometer` = '101', `hubo_meter` = '201', `hour_meter` = '301', `cof_wof_date` = '2019-09-04', `registration_date` = '2019-09-04', `fuel_burn` = '401'
WHERE `job_id` = '27';
UPDATE `invoice` SET `is_recurring` = 1, `recurring_time` = '1 week'
WHERE `invoice_id` = '1844435552';
INSERT INTO `invoice_details` (`invoice_details_id`, `invoice_id`, `product_id`, `spent_time`, `quantity`, `rate`, `discount`, `description`, `discount_per`, `tax`, `paid_amount`, `due_amount`, `supplier_rate`, `total_price`, `status`) VALUES ('695474993219963', '4384274128', '3', NULL, NULL, NULL, '0.00', '', '', '', 0, 0, '', NULL, 1);
INSERT INTO `customer_ledger` (`transaction_id`, `customer_id`, `invoice_no`, `date`, `amount`, `description`, `status`, `d_c`) VALUES ('KP3KQI7BNP5C6H7', 'DTRN1PQXF5E1M3M', '9236455974', '2019-09-05', '1543.50', 'Purchase by customer', 1, 'd');
INSERT INTO `customer_ledger` (`transaction_id`, `customer_id`, `receipt_no`, `date`, `amount`, `payment_type`, `invoice_no`, `description`, `status`, `d_c`) VALUES ('KP3KQI7BNP5C6H7', 'DTRN1PQXF5E1M3M', 'PDO4ZNXF6H', '2019-09-05', 0, 1, '9236455974', 'Paid by customer', 1, 'c');
INSERT INTO `transection` (`transaction_id`, `relation_id`, `transection_type`, `date_of_transection`, `transection_category`, `amount`, `transection_mood`, `is_transaction`, `description`) VALUES ('KP3KQI7BNP5C6H7', 'DTRN1PQXF5E1M3M', 2, '2019-09-05', 2, 0, 1, 0, 'Paid by customer');
INSERT INTO `acc_transaction` (`VNo`, `Vtype`, `VDate`, `COAID`, `Narration`, `Debit`, `Credit`, `IsPosted`, `CreateBy`, `CreateDate`, `IsAppove`) VALUES ('9236455974', 'INV', '2019-09-05 08:02:27', 10107, 'Inventory credit For Invoice No9236455974', 0, '', 1, 1, '2019-09-05 08:02:27', 1);
INSERT INTO `acc_transaction` (`VNo`, `Vtype`, `VDate`, `COAID`, `Narration`, `Debit`, `Credit`, `IsPosted`, `CreateBy`, `CreateDate`, `IsAppove`) VALUES ('9236455974', 'INV', '2019-09-05 08:02:27', '102030148', 'Customer debit For Invoice No9236455974', '1543.50', 0, 1, 1, '2019-09-05 08:02:27', 1);
INSERT INTO `invoice` (`job_id`, `invoice_id`, `customer_id`, `date`, `total_amount`, `labour_cost`, `create_date`, `total_tax`, `invoice`, `invoice_details`, `invoice_discount`, `total_discount`, `prevous_due`, `shipping_cost`, `sales_by`, `status`) VALUES ('27', '9236455974', 'DTRN1PQXF5E1M3M', '2019-09-05', '1543.50', '80.00', '2019-09-05', '5.00', 1014, '', '0.00', '', '', '', 1, 1);
INSERT INTO `invoice_details` (`invoice_details_id`, `invoice_id`, `product_id`, `spent_time`, `quantity`, `rate`, `discount`, `description`, `discount_per`, `tax`, `paid_amount`, `due_amount`, `supplier_rate`, `total_price`, `status`) VALUES ('147978582344916', '9236455974', '1', '3', '1.00', '250.00', '0.00', '', '', '0.00', '0', '0.00', '0', '250.00', 1);
INSERT INTO `invoice_details` (`invoice_details_id`, `invoice_id`, `product_id`, `spent_time`, `quantity`, `rate`, `discount`, `description`, `discount_per`, `tax`, `paid_amount`, `due_amount`, `supplier_rate`, `total_price`, `status`) VALUES ('874224823833277', '9236455974', '33', '6', '1.00', '500.00', '0.00', '', '', '0.00', '0', '0.00', '0', '500.00', 1);
UPDATE `job` SET `is_invoice` = 1
WHERE `job_id` = '27';
INSERT INTO `customer_ledger` (`transaction_id`, `customer_id`, `invoice_no`, `date`, `amount`, `description`, `status`, `d_c`) VALUES ('94JMTJTMZ28G8DN', 'DTRN1PQXF5E1M3M', '5373115525', '2019-09-05', '1543.50', 'Purchase by customer', 1, 'd');
INSERT INTO `customer_ledger` (`transaction_id`, `customer_id`, `receipt_no`, `date`, `amount`, `payment_type`, `invoice_no`, `description`, `status`, `d_c`) VALUES ('94JMTJTMZ28G8DN', 'DTRN1PQXF5E1M3M', 'V2AVG6AAS2', '2019-09-05', 0, 1, '5373115525', 'Paid by customer', 1, 'c');
INSERT INTO `transection` (`transaction_id`, `relation_id`, `transection_type`, `date_of_transection`, `transection_category`, `amount`, `transection_mood`, `is_transaction`, `description`) VALUES ('94JMTJTMZ28G8DN', 'DTRN1PQXF5E1M3M', 2, '2019-09-05', 2, 0, 1, 0, 'Paid by customer');
INSERT INTO `acc_transaction` (`VNo`, `Vtype`, `VDate`, `COAID`, `Narration`, `Debit`, `Credit`, `IsPosted`, `CreateBy`, `CreateDate`, `IsAppove`) VALUES ('5373115525', 'INV', '2019-09-05 11:42:46', 10107, 'Inventory credit For Invoice No5373115525', 0, '', 1, 1, '2019-09-05 11:42:46', 1);
INSERT INTO `acc_transaction` (`VNo`, `Vtype`, `VDate`, `COAID`, `Narration`, `Debit`, `Credit`, `IsPosted`, `CreateBy`, `CreateDate`, `IsAppove`) VALUES ('5373115525', 'INV', '2019-09-05 11:42:46', '102030148', 'Customer debit For Invoice No5373115525', '1543.50', 0, 1, 1, '2019-09-05 11:42:46', 1);
INSERT INTO `invoice` (`job_id`, `invoice_id`, `customer_id`, `date`, `total_amount`, `labour_cost`, `create_date`, `total_tax`, `invoice`, `invoice_details`, `invoice_discount`, `total_discount`, `prevous_due`, `shipping_cost`, `sales_by`, `status`) VALUES ('27', '5373115525', 'DTRN1PQXF5E1M3M', '2019-09-05', '1543.50', '80.00', '2019-09-05', '5.00', 1015, '', '0.00', '', '', '', 1, 1);
INSERT INTO `invoice_details` (`invoice_details_id`, `invoice_id`, `product_id`, `spent_time`, `quantity`, `rate`, `discount`, `description`, `discount_per`, `tax`, `paid_amount`, `due_amount`, `supplier_rate`, `total_price`, `status`) VALUES ('262555322172743', '5373115525', '1', '3', '1.00', '250.00', '0.00', '', '', '0.00', '0', '0.00', '0', '250.00', 1);
INSERT INTO `invoice_details` (`invoice_details_id`, `invoice_id`, `product_id`, `spent_time`, `quantity`, `rate`, `discount`, `description`, `discount_per`, `tax`, `paid_amount`, `due_amount`, `supplier_rate`, `total_price`, `status`) VALUES ('787122535886983', '5373115525', '33', '6', '1.00', '500.00', '0.00', '', '', '0.00', '0', '0.00', '0', '500.00', 1);
UPDATE `job` SET `is_invoice` = 1
WHERE `job_id` = '27';
UPDATE `invoice` SET `recurring_date` = '2019-09-05'
WHERE `create_date` = '2019-09-05';
UPDATE `invoice` SET `create_date` = '2019-09-05'
WHERE `create_date` = '2019-09-05';
INSERT INTO `customer_ledger` (`transaction_id`, `customer_id`, `invoice_no`, `date`, `amount`, `description`, `status`, `d_c`) VALUES ('ABNBUVX4ZPVLCLQ', 'DTRN1PQXF5E1M3M', '5445718316', '2019-09-05', '1543.50', 'Purchase by customer', 1, 'd');
INSERT INTO `customer_ledger` (`transaction_id`, `customer_id`, `receipt_no`, `date`, `amount`, `payment_type`, `invoice_no`, `description`, `status`, `d_c`) VALUES ('ABNBUVX4ZPVLCLQ', 'DTRN1PQXF5E1M3M', 'JBBAJ1HSOF', '2019-09-05', 0, 1, '5445718316', 'Paid by customer', 1, 'c');
INSERT INTO `transection` (`transaction_id`, `relation_id`, `transection_type`, `date_of_transection`, `transection_category`, `amount`, `transection_mood`, `is_transaction`, `description`) VALUES ('ABNBUVX4ZPVLCLQ', 'DTRN1PQXF5E1M3M', 2, '2019-09-05', 2, 0, 1, 0, 'Paid by customer');
INSERT INTO `acc_transaction` (`VNo`, `Vtype`, `VDate`, `COAID`, `Narration`, `Debit`, `Credit`, `IsPosted`, `CreateBy`, `CreateDate`, `IsAppove`) VALUES ('5445718316', 'INV', '2019-09-05 14:49:19', 10107, 'Inventory credit For Invoice No5445718316', 0, '', 1, 1, '2019-09-05 14:49:19', 1);
INSERT INTO `acc_transaction` (`VNo`, `Vtype`, `VDate`, `COAID`, `Narration`, `Debit`, `Credit`, `IsPosted`, `CreateBy`, `CreateDate`, `IsAppove`) VALUES ('5445718316', 'INV', '2019-09-05 14:49:19', '102030148', 'Customer debit For Invoice No5445718316', '1543.50', 0, 1, 1, '2019-09-05 14:49:19', 1);
INSERT INTO `invoice` (`job_id`, `invoice_id`, `customer_id`, `date`, `total_amount`, `labour_cost`, `is_recurring`, `recurring_time`, `create_date`, `total_tax`, `invoice`, `invoice_details`, `invoice_discount`, `total_discount`, `prevous_due`, `shipping_cost`, `sales_by`, `status`) VALUES ('27', '5445718316', 'DTRN1PQXF5E1M3M', '2019-09-05', '1543.50', '80.00', '1', '1 week', '2019-09-05', '5.00', 1016, '', '0.00', '', '', '', 1, 1);
INSERT INTO `invoice_details` (`invoice_details_id`, `invoice_id`, `product_id`, `spent_time`, `quantity`, `rate`, `discount`, `description`, `discount_per`, `tax`, `paid_amount`, `due_amount`, `supplier_rate`, `total_price`, `status`) VALUES ('383571987923531', '5445718316', '1', '3', '1.00', '250.00', '0.00', '', '', '0.00', '0', '0.00', '0', '250.00', 1);
INSERT INTO `invoice_details` (`invoice_details_id`, `invoice_id`, `product_id`, `spent_time`, `quantity`, `rate`, `discount`, `description`, `discount_per`, `tax`, `paid_amount`, `due_amount`, `supplier_rate`, `total_price`, `status`) VALUES ('823927712284412', '5445718316', '33', '6', '1.00', '500.00', '0.00', '', '', '0.00', '0', '0.00', '0', '500.00', 1);
UPDATE `job` SET `is_invoice` = 1
WHERE `job_id` = '27';
UPDATE `invoice` SET `is_recurring` = 0
WHERE `create_date` = '2019-09-05';
INSERT INTO `customer_ledger` (`transaction_id`, `customer_id`, `invoice_no`, `date`, `amount`, `description`, `status`, `d_c`) VALUES ('161EQEZT518PGK9', 'DTRN1PQXF5E1M3M', '3967575562', '2019-09-05', '1543.50', 'Purchase by customer', 1, 'd');
INSERT INTO `customer_ledger` (`transaction_id`, `customer_id`, `receipt_no`, `date`, `amount`, `payment_type`, `invoice_no`, `description`, `status`, `d_c`) VALUES ('161EQEZT518PGK9', 'DTRN1PQXF5E1M3M', '7HRJ983OI6', '2019-09-05', 0, 1, '3967575562', 'Paid by customer', 1, 'c');
INSERT INTO `transection` (`transaction_id`, `relation_id`, `transection_type`, `date_of_transection`, `transection_category`, `amount`, `transection_mood`, `is_transaction`, `description`) VALUES ('161EQEZT518PGK9', 'DTRN1PQXF5E1M3M', 2, '2019-09-05', 2, 0, 1, 0, 'Paid by customer');
INSERT INTO `acc_transaction` (`VNo`, `Vtype`, `VDate`, `COAID`, `Narration`, `Debit`, `Credit`, `IsPosted`, `CreateBy`, `CreateDate`, `IsAppove`) VALUES ('3967575562', 'INV', '2019-09-05 14:51:44', 10107, 'Inventory credit For Invoice No3967575562', 0, '', 1, 1, '2019-09-05 14:51:44', 1);
INSERT INTO `acc_transaction` (`VNo`, `Vtype`, `VDate`, `COAID`, `Narration`, `Debit`, `Credit`, `IsPosted`, `CreateBy`, `CreateDate`, `IsAppove`) VALUES ('3967575562', 'INV', '2019-09-05 14:51:44', '102030148', 'Customer debit For Invoice No3967575562', '1543.50', 0, 1, 1, '2019-09-05 14:51:44', 1);
INSERT INTO `invoice` (`job_id`, `invoice_id`, `customer_id`, `date`, `total_amount`, `labour_cost`, `is_recurring`, `recurring_time`, `create_date`, `total_tax`, `invoice`, `invoice_details`, `invoice_discount`, `total_discount`, `prevous_due`, `shipping_cost`, `sales_by`, `status`) VALUES ('27', '3967575562', 'DTRN1PQXF5E1M3M', '2019-09-05', '1543.50', '80.00', '1', '1 week', '2019-09-05', '5.00', 1017, '', '0.00', '', '', '', 1, 1);
INSERT INTO `invoice_details` (`invoice_details_id`, `invoice_id`, `product_id`, `spent_time`, `quantity`, `rate`, `discount`, `description`, `discount_per`, `tax`, `paid_amount`, `due_amount`, `supplier_rate`, `total_price`, `status`) VALUES ('927372461965952', '3967575562', '1', '3', '1.00', '250.00', '0.00', '', '', '0.00', '0', '0.00', '0', '250.00', 1);
INSERT INTO `invoice_details` (`invoice_details_id`, `invoice_id`, `product_id`, `spent_time`, `quantity`, `rate`, `discount`, `description`, `discount_per`, `tax`, `paid_amount`, `due_amount`, `supplier_rate`, `total_price`, `status`) VALUES ('312521671559921', '3967575562', '33', '6', '1.00', '500.00', '0.00', '', '', '0.00', '0', '0.00', '0', '500.00', 1);
UPDATE `job` SET `is_invoice` = 1
WHERE `job_id` = '27';
UPDATE `users` AS `a`,`user_login` AS `b` SET `a`.`first_name` = 'Admin', `a`.`last_name` = 'User', `b`.`username` = 'admin@example.com',`a`.`logo` = 'http://localhost/bdtask/garegmanagement/assets/dist/img/profile_picture/10808df609b072b2ec60bf174df6ef37.png' WHERE `a`.`user_id` = '1' AND `a`.`user_id` = `b`.`user_id`;
DELETE FROM `quotation`
WHERE `quotation_id` = 'XVDVNIGJXWDYGQD';
DELETE FROM `quot_products_used`
WHERE `quot_id` = 'XVDVNIGJXWDYGQD';
DELETE FROM `quot_labour_used`
WHERE `quot_id` = 'XVDVNIGJXWDYGQD';
INSERT INTO `custom_mail_tbl` (`email_to`, `message`, `attach`) VALUES ('shahabuddinp91@gmail.com', '<p>testing mail send</p>\r\n', '5de174b3894f74e87beee9751e9759c8.png');
DELETE FROM `courtesy_booking`
WHERE `id` = '2';
UPDATE `invoice` SET `is_recurring` = 0
WHERE `create_date` = '2019-09-01';
INSERT INTO `customer_ledger` (`transaction_id`, `customer_id`, `invoice_no`, `date`, `amount`, `description`, `status`, `d_c`) VALUES ('VQ78R68CW3PGQV1', 'DTRN1PQXF5E1M3M', '8865611971', '2019-09-08', '1543.50', 'Purchase by customer', 1, 'd');
INSERT INTO `customer_ledger` (`transaction_id`, `customer_id`, `receipt_no`, `date`, `amount`, `payment_type`, `invoice_no`, `description`, `status`, `d_c`) VALUES ('VQ78R68CW3PGQV1', 'DTRN1PQXF5E1M3M', 'EG38NMG7JQ', '2019-09-08', 0, 1, '8865611971', 'Paid by customer', 1, 'c');
INSERT INTO `transection` (`transaction_id`, `relation_id`, `transection_type`, `date_of_transection`, `transection_category`, `amount`, `transection_mood`, `is_transaction`, `description`) VALUES ('VQ78R68CW3PGQV1', 'DTRN1PQXF5E1M3M', 2, '2019-09-08', 2, 0, 1, 0, 'Paid by customer');
INSERT INTO `acc_transaction` (`VNo`, `Vtype`, `VDate`, `COAID`, `Narration`, `Debit`, `Credit`, `IsPosted`, `CreateBy`, `CreateDate`, `IsAppove`) VALUES ('8865611971', 'INV', '2019-09-08 07:26:43', 10107, 'Inventory credit For Invoice No8865611971', 0, '', 1, 1, '2019-09-08 07:26:43', 1);
INSERT INTO `acc_transaction` (`VNo`, `Vtype`, `VDate`, `COAID`, `Narration`, `Debit`, `Credit`, `IsPosted`, `CreateBy`, `CreateDate`, `IsAppove`) VALUES ('8865611971', 'INV', '2019-09-08 07:26:43', '102030148', 'Customer debit For Invoice No8865611971', '1543.50', 0, 1, 1, '2019-09-08 07:26:43', 1);
INSERT INTO `invoice` (`job_id`, `invoice_id`, `customer_id`, `date`, `total_amount`, `labour_cost`, `is_recurring`, `recurring_time`, `create_date`, `total_tax`, `invoice`, `invoice_details`, `invoice_discount`, `total_discount`, `prevous_due`, `shipping_cost`, `sales_by`, `status`) VALUES ('27', '8865611971', 'DTRN1PQXF5E1M3M', '2019-09-08', '1543.50', '80.00', '1', '1 week', '2019-09-08', '5.00', 1018, '', '0.00', '', '', '', 1, 1);
INSERT INTO `invoice_details` (`invoice_details_id`, `invoice_id`, `product_id`, `spent_time`, `quantity`, `rate`, `discount`, `description`, `discount_per`, `tax`, `paid_amount`, `due_amount`, `supplier_rate`, `total_price`, `status`) VALUES ('115115963492768', '8865611971', '1', '3', '1.00', '250.00', '0.00', '', '', '0.00', '0', '0.00', '0', '250.00', 1);
INSERT INTO `invoice_details` (`invoice_details_id`, `invoice_id`, `product_id`, `spent_time`, `quantity`, `rate`, `discount`, `description`, `discount_per`, `tax`, `paid_amount`, `due_amount`, `supplier_rate`, `total_price`, `status`) VALUES ('239875764711221', '8865611971', '33', '6', '1.00', '500.00', '0.00', '', '', '0.00', '0', '0.00', '0', '500.00', 1);
UPDATE `job` SET `is_invoice` = 1
WHERE `job_id` = '27';
INSERT INTO `sub_module` (`id`, `module`, `name`, `url`, `parent_menu`, `ordering`, `icon`, `description`, `image`, `directory`, `status`) VALUES (NULL, 'customer', 'customer_archive ', 'Ccustomer/customer_archive ', '1', '', '', NULL, NULL, NULL, 1);
UPDATE `customer_information` SET `status` = '1'
WHERE `customer_id` = 'DTRN1PQXF5E1M3M';
UPDATE `customer_information` SET `status` = '1'
WHERE `customer_id` = 'FX4FTN9158ZORBW';
UPDATE `customer_information` SET `status` = '2'
WHERE `customer_id` = 'FX4FTN9158ZORBW';
UPDATE `customer_information` SET `status` = '1'
WHERE `customer_id` = 'FX4FTN9158ZORBW';
UPDATE `customer_information` SET `status` = '2'
WHERE `customer_id` = 'FX4FTN9158ZORBW';
UPDATE `customer_information` SET `status` = '1'
WHERE `customer_id` = 'FX4FTN9158ZORBW';
UPDATE `customer_information` SET `status` = '2'
WHERE `customer_id` = 'DTRN1PQXF5E1M3M';
UPDATE `customer_information` SET `status` = '2'
WHERE `customer_id` = 'MF1C8KI7MO7Q2P2';
UPDATE `customer_information` SET `status` = '1'
WHERE `customer_id` = 'MF1C8KI7MO7Q2P2';
UPDATE `customer_information` SET `status` = '2'
WHERE `customer_id` = 'MF1C8KI7MO7Q2P2';
INSERT INTO `booking_tbl` (`booking_time`, `title`, `booking_by`, `customer_id`, `registration_no`, `status`) VALUES ('2019-09-04 14:05', 'MDSU', '1', 'DTRN1PQXF5E1M3M', '5', 1);
INSERT INTO `booking_tbl` (`booking_time`, `title`, `booking_by`, `customer_id`, `registration_no`, `status`) VALUES ('2019-09-04 14:05', 'MDSU', '1', 'DTRN1PQXF5E1M3M', '5', 1);
INSERT INTO `booking_tbl` (`booking_time`, `title`, `booking_by`, `customer_id`, `registration_no`, `status`) VALUES ('2019-09-04 14:05', 'MDSU', '1', 'DTRN1PQXF5E1M3M', '5', 1);
DELETE FROM `booking_tbl`
WHERE `id` = '6';
DELETE FROM `booking_tbl`
WHERE `id` = '7';
INSERT INTO `booking_tbl` (`booking_time`, `title`, `booking_by`, `customer_id`, `registration_no`, `status`) VALUES ('2019-09-05 14:10', 'Tuhin', '1', 'WY96Q26D9W3FORW', '7', 1);
INSERT INTO `booking_tbl` (`booking_time`, `title`, `booking_by`, `customer_id`, `registration_no`, `status`) VALUES ('2019-09-06 17:30', 'checking', '1', 'FUX5762RRL2TQQX', '4', 1);
INSERT INTO `booking_tbl` (`booking_time`, `title`, `booking_by`, `customer_id`, `registration_no`, `status`) VALUES ('2019-09-09 11:00', 'aaa', '1', 'FUX5762RRL2TQQX', '4', 1);
INSERT INTO `quotation` (`quotation_id`, `customer_id`, `vehicle_reg`, `quotdate`, `totalamount`, `quot_no`, `create_by`, `quot_description`, `status`, `terms`, `cust_show`, `dis_per`, `total_discount`) VALUES ('I8XMHVXCLROXCM2', 'PBYX89KNGFCAUPP', '8', '2019-09-11', '18112.50', '1008', '1', '', 2, 'qqqqqqqqqqqqqqqqqqqqq', 1, '10', '2012.50');
INSERT INTO `quot_labour_used` (`quot_id`, `job_type_id`, `rate`, `note`) VALUES ('I8XMHVXCLROXCM2', '30', '90', 'aqw');
INSERT INTO `quot_labour_used` (`quot_id`, `job_type_id`, `rate`, `note`) VALUES ('I8XMHVXCLROXCM2', '25', '35', 'qwert');
INSERT INTO `quot_products_used` (`quot_id`, `product_id`, `rate`, `used_qty`) VALUES ('I8XMHVXCLROXCM2', '97342595', '10000', '2');
UPDATE `quotation` SET `status` = '3'
WHERE `quotation_id` = 'I8XMHVXCLROXCM2';
INSERT INTO `job` (`customer_id`, `work_order_no`, `vehicle_id`, `create_by`, `create_date`, `status`) VALUES ('PBYX89KNGFCAUPP', '9-1568208535', '8', 'PBYX89KNGFCAUPP', '2019-09-11 15:28:55', 0);
INSERT INTO `job_details` (`job_id`, `job_type_id`, `assign_to`, `rate`, `client_notes`, `status`) VALUES (28, '30', '', '30', 'rate', 0);
INSERT INTO `job_details` (`job_id`, `job_type_id`, `assign_to`, `rate`, `client_notes`, `status`) VALUES (28, '25', '', '25', 'rate', 0);
INSERT INTO `job_products_used` (`job_id`, `product_id`, `rate`, `used_qty`, `mechanic_note`) VALUES (28, '97342595', '10000.00', '2', '');
UPDATE `job` SET `status` = '1', `show_hide_status` = 1, `schedule_date_time` = '2019-09-11 07:00', `delivery_date_time` = '2019-09-20 07:00', `alert_via` = 'sms'
WHERE `job_id` = '28';
INSERT INTO `quotation` (`quotation_id`, `customer_id`, `vehicle_reg`, `quotdate`, `totalamount`, `quot_no`, `create_by`, `quot_description`, `status`, `terms`, `cust_show`, `dis_per`, `total_discount`) VALUES ('UHB8QW2JBNO5W7T', 'WY96Q26D9W3FORW', '7', '2019-09-11', '50040.00', '1009', '1', 'aaaaaaaaaaaaaaaaa', 1, 'wwwwwwwwwwwwwww', 0, '', '0.00');
INSERT INTO `quot_labour_used` (`quot_id`, `job_type_id`, `rate`, `note`) VALUES ('UHB8QW2JBNO5W7T', '16', '40', 'eeeeeeeeeeeeeee');
INSERT INTO `quot_products_used` (`quot_id`, `product_id`, `rate`, `used_qty`) VALUES ('UHB8QW2JBNO5W7T', '12347759', '25000', '2');
UPDATE `quotation` SET `status` = '4'
WHERE `quotation_id` = 'I8XMHVXCLROXCM2';
INSERT INTO `job` (`customer_id`, `work_order_no`, `vehicle_id`, `job_description`, `create_by`, `create_date`, `status`) VALUES ('PBYX89KNGFCAUPP', '9-1568209189', '8', 'xxxx', 'PBYX89KNGFCAUPP', '2019-09-11 15:39:49', 0);
UPDATE `quotation` SET `status` = '3'
WHERE `quotation_id` = 'I8XMHVXCLROXCM2';
INSERT INTO `job` (`customer_id`, `work_order_no`, `vehicle_id`, `job_description`, `create_by`, `create_date`, `status`) VALUES ('PBYX89KNGFCAUPP', '9-1568209192', '8', 'xxxx', 'PBYX89KNGFCAUPP', '2019-09-11 15:39:52', 0);
INSERT INTO `job_details` (`job_id`, `job_type_id`, `assign_to`, `rate`, `client_notes`, `status`) VALUES (30, '30', '', '30', 'rate', 0);
INSERT INTO `job_details` (`job_id`, `job_type_id`, `assign_to`, `rate`, `client_notes`, `status`) VALUES (30, '25', '', '25', 'rate', 0);
INSERT INTO `job_products_used` (`job_id`, `product_id`, `rate`, `used_qty`, `mechanic_note`) VALUES (30, '97342595', '10000.00', '2', '');
UPDATE `job` SET `status` = '1', `show_hide_status` = 0, `schedule_date_time` = '2019-09-12 09:00', `delivery_date_time` = '2019-09-28 12:00', `alert_via` = 'email'
WHERE `job_id` = '29';
DELETE FROM `job`
WHERE `job_id` = '29';
DELETE FROM `job_details`
WHERE `job_id` = '29';
DELETE FROM `job_products_used`
WHERE `job_id` = '29';
DELETE FROM `job`
WHERE `job_id` = '30';
DELETE FROM `job_details`
WHERE `job_id` = '30';
DELETE FROM `job_products_used`
WHERE `job_id` = '30';
DELETE FROM `job_details`
WHERE `job_id` = '28';
INSERT INTO `job_details` (`job_id`, `job_type_id`, `rate`, `assign_to`, `start_datetime`, `end_datetime`, `spent_time`, `mechanic_notes`, `status`) VALUES ('28', '30', '30', 'SZNMNAJKMB5EWT9', '2019-09-12 10:00', '2019-09-14 10:00', '48', '', 3);
INSERT INTO `job_details` (`job_id`, `job_type_id`, `rate`, `assign_to`, `start_datetime`, `end_datetime`, `spent_time`, `mechanic_notes`, `status`) VALUES ('28', '25', '25', 'XDG8P8VIGRE4FWF', '2019-09-13 13:00', '2019-09-14 04:00', '15', '', 3);
DELETE FROM `job_products_used`
WHERE `job_id` = '28';
INSERT INTO `job_products_used` (`job_id`, `product_id`, `available_qty`, `rate`, `used_qty`, `mechanic_note`) VALUES ('28', '97342595', '', '10000', '2', 'f');
UPDATE `job` SET `recommendation` = 'asdf', `odometer` = '10', `hubo_meter` = '25', `hour_meter` = '20', `cof_wof_date` = '2019-09-13', `registration_date` = '2019-09-13', `fuel_burn` = '30'
WHERE `job_id` = '28';
UPDATE `booking_tbl` SET `status` = 0
WHERE `id` = '11';
UPDATE `job` SET `status` = '1', `show_hide_status` = 1, `schedule_date_time` = '2019-09-11 07:00:00', `delivery_date_time` = '2019-09-20 07:00:00', `alert_via` = 'email'
WHERE `job_id` = '28';
UPDATE `job` SET `status` = '2', `show_hide_status` = 1, `schedule_date_time` = '2019-09-11 07:00:00', `delivery_date_time` = '2019-09-20 07:00:00', `alert_via` = 'email'
WHERE `job_id` = '28';
UPDATE `job` SET `status` = '2', `show_hide_status` = 1, `schedule_date_time` = '2019-09-11 07:00:00', `delivery_date_time` = '2019-09-20 07:00:00', `alert_via` = 'email'
WHERE `job_id` = '28';
UPDATE `job` SET `status` = '2', `show_hide_status` = 1, `schedule_date_time` = '2019-09-11 07:00:00', `delivery_date_time` = '2019-09-20 07:00:00', `alert_via` = 'email'
WHERE `job_id` = '28';
UPDATE `job` SET `status` = '2', `show_hide_status` = 1, `schedule_date_time` = '2019-09-11 07:00:00', `delivery_date_time` = '2019-09-20 07:00:00', `alert_via` = 'email'
WHERE `job_id` = '28';
UPDATE `job` SET `status` = '1', `show_hide_status` = 1, `schedule_date_time` = '2019-09-11 07:00:00', `delivery_date_time` = '2019-09-20 07:00:00', `alert_via` = 'email'
WHERE `job_id` = '28';
UPDATE `job` SET `status` = '1', `show_hide_status` = 1, `schedule_date_time` = '2019-09-11 07:00:00', `delivery_date_time` = '2019-09-20 07:00:00', `alert_via` = 'email'
WHERE `job_id` = '28';
UPDATE `job` SET `status` = '1', `show_hide_status` = 1, `schedule_date_time` = '2019-09-11 07:00:00', `delivery_date_time` = '2019-09-20 07:00:00', `alert_via` = 'email'
WHERE `job_id` = '28';
UPDATE `job` SET `status` = '1', `show_hide_status` = 1, `schedule_date_time` = '2019-09-11 07:00:00', `delivery_date_time` = '2019-09-20 07:00:00', `alert_via` = 'email'
WHERE `job_id` = '28';
UPDATE `job` SET `status` = '1', `show_hide_status` = 1, `schedule_date_time` = '2019-09-11 07:00:00', `delivery_date_time` = '2019-09-20 07:00:00', `alert_via` = 'email'
WHERE `job_id` = '28';
UPDATE `job` SET `status` = '1', `show_hide_status` = 1, `schedule_date_time` = '2019-09-11 07:00:00', `delivery_date_time` = '2019-09-20 07:00:00', `alert_via` = 'email'
WHERE `job_id` = '28';
INSERT INTO `courtesy_booking` (`vehicle_reg`, `customer_id`, `start_date`, `end_date`, `title`, `booking_by`, `status`) VALUES ('21431234523', 'DTRN1PQXF5E1M3M', '2019-09-12', '2019-09-13', 'demo', '1', 1);
UPDATE `sms_gateway` SET `provider_name` = 'NEXMO', `user` = '8a980366', `password` = 'ZYGqzDp07oUeMUWQ', `phone` = '8801703136868', `authentication` = 'Md. Shahab udin'
WHERE `gateway_id` = 1;
UPDATE `sms_gateway` SET `provider_name` = 'NEXMO', `user` = '8a980366', `password` = 'ZYGqzDp07oUeMUWQ', `phone` = '8801703136868', `authentication` = 'Md. Shahab udin'
WHERE `gateway_id` = 1;
INSERT INTO `custom_sms_tbl` (`gateway`, `from`, `to`, `message`, `created_date`, `created_by`) VALUES ('NEXMO', 'Md. Shahab udin', '8801684964913', 'Hi, ', '2019-09-14 02:33:29', '1');
INSERT INTO `custom_sms_tbl` (`gateway`, `from`, `to`, `message`, `created_date`, `created_by`) VALUES ('NEXMO', 'Md. Shahab udin', '8801684964913', 'Hi, Everybody.', '2019-09-14 02:38:02', '1');
INSERT INTO `custom_sms_tbl` (`gateway`, `from`, `to`, `message`, `created_date`, `created_by`) VALUES ('NEXMO', 'Md. Shahab udin', '8801684964913', 'Demo ', '2019-09-14 02:44:36', '1');
INSERT INTO `custom_sms_tbl` (`gateway`, `from`, `to`, `message`, `created_date`, `created_by`) VALUES ('NEXMO', 'Md. Shahab udin', '8801773041558', 'itvb.wymm?pam.', '2019-09-14 03:01:43', '1');
UPDATE `job` SET `status` = '1', `show_hide_status` = 1, `schedule_date_time` = '2019-08-31 08:00:00', `delivery_date_time` = '2019-08-31 13:00:00', `alert_via` = 'email'
WHERE `job_id` = '27';
UPDATE `job` SET `status` = '1', `show_hide_status` = 1, `schedule_date_time` = '2019-08-31 08:00:00', `delivery_date_time` = '2019-08-31 13:00:00', `alert_via` = 'sms'
WHERE `job_id` = '27';
UPDATE `job` SET `status` = '1', `show_hide_status` = 1, `schedule_date_time` = '2019-08-31 08:00:00', `delivery_date_time` = '2019-08-31 13:00:00', `alert_via` = 'sms'
WHERE `job_id` = '27';
UPDATE `job` SET `status` = '1', `show_hide_status` = 1, `schedule_date_time` = '2019-08-31 08:00:00', `delivery_date_time` = '2019-08-31 13:00:00', `alert_via` = 'sms'
WHERE `job_id` = '27';
UPDATE `job` SET `status` = '1', `show_hide_status` = 1, `schedule_date_time` = '2019-08-31 08:00:00', `delivery_date_time` = '2019-08-31 13:00:00', `alert_via` = 'sms'
WHERE `job_id` = '27';
UPDATE `job` SET `status` = '1', `show_hide_status` = 1, `schedule_date_time` = '2019-08-31 08:00:00', `delivery_date_time` = '2019-08-31 13:00:00', `alert_via` = 'sms'
WHERE `job_id` = '27';
UPDATE `job` SET `status` = '1', `show_hide_status` = 1, `schedule_date_time` = '2019-08-31 08:00:00', `delivery_date_time` = '2019-08-31 13:00:00', `alert_via` = 'sms'
WHERE `job_id` = '27';
UPDATE `job` SET `status` = '1', `show_hide_status` = 1, `schedule_date_time` = '2019-08-31 08:00:00', `delivery_date_time` = '2019-08-31 13:00:00', `alert_via` = 'sms'
WHERE `job_id` = '27';
INSERT INTO `custom_sms_tbl` (`gateway`, `from`, `to`, `message`, `created_date`, `created_by`) VALUES ('NEXMO', 'Md. Shahab udin', '8801684964913', 'Dear <strong>Md. Shahab uddin</strong> ,\n Now, your order is <strong>Accept</strong>!', '2019-09-15 07:52:01', '1');
UPDATE `job` SET `status` = '1', `show_hide_status` = 1, `schedule_date_time` = '2019-08-31 08:00:00', `delivery_date_time` = '2019-08-31 13:00:00', `alert_via` = 'sms'
WHERE `job_id` = '27';
UPDATE `job` SET `status` = '1', `show_hide_status` = 1, `schedule_date_time` = '2019-08-31 08:00:00', `delivery_date_time` = '2019-08-31 13:00:00', `alert_via` = 'sms'
WHERE `job_id` = '27';
UPDATE `job` SET `status` = '1', `show_hide_status` = 1, `schedule_date_time` = '2019-08-31 08:00:00', `delivery_date_time` = '2019-08-31 13:00:00', `alert_via` = 'sms'
WHERE `job_id` = '27';
INSERT INTO `custom_sms_tbl` (`gateway`, `from`, `to`, `message`, `created_date`, `created_by`) VALUES ('NEXMO', 'Md. Shahab udin', '8801684964913', 'Dear <strong>Md. Shahab uddin</strong> ,\n Now, your order is <strong>Accept</strong>!', '2019-09-15 07:55:44', '1');
UPDATE `job` SET `status` = '2', `show_hide_status` = 1, `schedule_date_time` = '2019-08-31 08:00:00', `delivery_date_time` = '2019-08-31 13:00:00', `alert_via` = 'sms'
WHERE `job_id` = '27';
INSERT INTO `custom_sms_tbl` (`gateway`, `from`, `to`, `message`, `created_date`, `created_by`) VALUES ('NEXMO', 'Md. Shahab udin', '8801684964913', 'Dear Md. Shahab uddin, Now your order is Declined!', '2019-09-15 07:57:09', '1');
UPDATE `job` SET `status` = '3', `show_hide_status` = 1, `schedule_date_time` = '2019-08-31 08:00:00', `delivery_date_time` = '2019-08-31 13:00:00', `alert_via` = 'email'
WHERE `job_id` = '27';
INSERT INTO `customer_ledger` (`transaction_id`, `customer_id`, `invoice_no`, `date`, `amount`, `description`, `status`, `d_c`) VALUES ('U3YW38B75EZ2IXW', 'DTRN1PQXF5E1M3M', '8422273145', '2019-09-15', '22543.5', 'Purchase by customer', 1, 'd');
INSERT INTO `customer_ledger` (`transaction_id`, `customer_id`, `receipt_no`, `date`, `amount`, `payment_type`, `invoice_no`, `description`, `status`, `d_c`) VALUES ('U3YW38B75EZ2IXW', 'DTRN1PQXF5E1M3M', 'OCO7LHFQTH', '2019-09-15', 0, 1, '8422273145', 'Paid by customer', 1, 'c');
INSERT INTO `transection` (`transaction_id`, `relation_id`, `transection_type`, `date_of_transection`, `transection_category`, `amount`, `transection_mood`, `is_transaction`, `description`) VALUES ('U3YW38B75EZ2IXW', 'DTRN1PQXF5E1M3M', 2, '2019-09-15', 2, 0, 1, 0, 'Paid by customer');
INSERT INTO `acc_transaction` (`VNo`, `Vtype`, `VDate`, `COAID`, `Narration`, `Debit`, `Credit`, `IsPosted`, `CreateBy`, `CreateDate`, `IsAppove`) VALUES ('8422273145', 'INV', '2019-09-15 08:29:59', 10107, 'Inventory credit For Invoice No8422273145', 0, '', 1, '1', '2019-09-15 08:29:59', 1);
INSERT INTO `acc_transaction` (`VNo`, `Vtype`, `VDate`, `COAID`, `Narration`, `Debit`, `Credit`, `IsPosted`, `CreateBy`, `CreateDate`, `IsAppove`) VALUES ('8422273145', 'INV', '2019-09-15 08:29:59', '102030148', 'Customer debit For Invoice No8422273145', '22543.5', 0, 1, '1', '2019-09-15 08:29:59', 1);
INSERT INTO `invoice` (`job_id`, `invoice_id`, `customer_id`, `date`, `total_amount`, `labour_cost`, `create_date`, `total_tax`, `invoice`, `invoice_details`, `invoice_discount`, `total_discount`, `prevous_due`, `shipping_cost`, `sales_by`, `status`) VALUES ('27', '8422273145', 'DTRN1PQXF5E1M3M', '2019-09-15', '22543.5', '80.00', '2019-09-15', '5', 1019, '', '', '', '', '', '1', 1);
INSERT INTO `invoice_details` (`invoice_details_id`, `invoice_id`, `product_id`, `spent_time`, `quantity`, `rate`, `discount`, `description`, `discount_per`, `tax`, `paid_amount`, `due_amount`, `supplier_rate`, `total_price`, `status`) VALUES ('784965475741127', '8422273145', '1', '3', '1', '250', '', '', '', '', 0, 0, '', '250.00', 1);
INSERT INTO `invoice_details` (`invoice_details_id`, `invoice_id`, `product_id`, `spent_time`, `quantity`, `rate`, `discount`, `description`, `discount_per`, `tax`, `paid_amount`, `due_amount`, `supplier_rate`, `total_price`, `status`) VALUES ('856899757345464', '8422273145', '33', '6', '1', '500', '', '', '', '', 0, 0, '', '500.00', 1);
INSERT INTO `invoice_details` (`invoice_details_id`, `invoice_id`, `product_id`, `spent_time`, `quantity`, `rate`, `discount`, `description`, `discount_per`, `tax`, `paid_amount`, `due_amount`, `supplier_rate`, `total_price`, `status`) VALUES ('293336968595512', '8422273145', '97342595', '', '2', '10000', '', '', '', '', 0, 0, '', '20,000.00', 1);
UPDATE `job` SET `is_invoice` = 1
WHERE `job_id` = '27';
UPDATE `job` SET `status` = '3', `show_hide_status` = 1, `schedule_date_time` = '2019-08-31 08:00:00', `delivery_date_time` = '2019-08-31 13:00:00', `alert_via` = 'sms'
WHERE `job_id` = '27';
INSERT INTO `customer_ledger` (`transaction_id`, `customer_id`, `invoice_no`, `date`, `amount`, `description`, `status`, `d_c`) VALUES ('U4Z533P6YOPHS51', 'DTRN1PQXF5E1M3M', '9719385315', '2019-09-15', '22543.5', 'Purchase by customer', 1, 'd');
INSERT INTO `customer_ledger` (`transaction_id`, `customer_id`, `receipt_no`, `date`, `amount`, `payment_type`, `invoice_no`, `description`, `status`, `d_c`) VALUES ('U4Z533P6YOPHS51', 'DTRN1PQXF5E1M3M', 'CQGTZ7JGQI', '2019-09-15', 0, 1, '9719385315', 'Paid by customer', 1, 'c');
INSERT INTO `transection` (`transaction_id`, `relation_id`, `transection_type`, `date_of_transection`, `transection_category`, `amount`, `transection_mood`, `is_transaction`, `description`) VALUES ('U4Z533P6YOPHS51', 'DTRN1PQXF5E1M3M', 2, '2019-09-15', 2, 0, 1, 0, 'Paid by customer');
INSERT INTO `acc_transaction` (`VNo`, `Vtype`, `VDate`, `COAID`, `Narration`, `Debit`, `Credit`, `IsPosted`, `CreateBy`, `CreateDate`, `IsAppove`) VALUES ('9719385315', 'INV', '2019-09-15 08:30:28', 10107, 'Inventory credit For Invoice No9719385315', 0, '', 1, '1', '2019-09-15 08:30:28', 1);
INSERT INTO `acc_transaction` (`VNo`, `Vtype`, `VDate`, `COAID`, `Narration`, `Debit`, `Credit`, `IsPosted`, `CreateBy`, `CreateDate`, `IsAppove`) VALUES ('9719385315', 'INV', '2019-09-15 08:30:28', '102030148', 'Customer debit For Invoice No9719385315', '22543.5', 0, 1, '1', '2019-09-15 08:30:28', 1);
INSERT INTO `invoice` (`job_id`, `invoice_id`, `customer_id`, `date`, `total_amount`, `labour_cost`, `create_date`, `total_tax`, `invoice`, `invoice_details`, `invoice_discount`, `total_discount`, `prevous_due`, `shipping_cost`, `sales_by`, `status`) VALUES ('27', '9719385315', 'DTRN1PQXF5E1M3M', '2019-09-15', '22543.5', '80.00', '2019-09-15', '5', 1020, '', '', '', '', '', '1', 1);
INSERT INTO `invoice_details` (`invoice_details_id`, `invoice_id`, `product_id`, `spent_time`, `quantity`, `rate`, `discount`, `description`, `discount_per`, `tax`, `paid_amount`, `due_amount`, `supplier_rate`, `total_price`, `status`) VALUES ('828518111758555', '9719385315', '1', '3', '1', '250', '', '', '', '', 0, 0, '', '250.00', 1);
INSERT INTO `invoice_details` (`invoice_details_id`, `invoice_id`, `product_id`, `spent_time`, `quantity`, `rate`, `discount`, `description`, `discount_per`, `tax`, `paid_amount`, `due_amount`, `supplier_rate`, `total_price`, `status`) VALUES ('617337814976231', '9719385315', '33', '6', '1', '500', '', '', '', '', 0, 0, '', '500.00', 1);
INSERT INTO `invoice_details` (`invoice_details_id`, `invoice_id`, `product_id`, `spent_time`, `quantity`, `rate`, `discount`, `description`, `discount_per`, `tax`, `paid_amount`, `due_amount`, `supplier_rate`, `total_price`, `status`) VALUES ('888395568847453', '9719385315', '97342595', '', '2', '10000', '', '', '', '', 0, 0, '', '20,000.00', 1);
UPDATE `job` SET `is_invoice` = 1
WHERE `job_id` = '27';
INSERT INTO `custom_sms_tbl` (`gateway`, `from`, `to`, `message`, `created_date`, `created_by`) VALUES ('NEXMO', 'Md. Shahab udin', '8801684964913', 'Dear Md. Shahab uddin, Now your order is Completed!', '2019-09-15 08:30:29', '1');
UPDATE `sub_module` SET `status` = 0
WHERE `id` = '6';
INSERT INTO `customer_information` (`customer_id`, `customer_name`, `customer_phone`, `customer_mobile`, `customer_email`, `customer_skype`, `customer_address`, `company_name`, `company_number`, `vat_number`, `company_type`, `postal_address`, `physical_address`, `website`, `director_name`, `director_mobile`, `director_phone`, `director_address`, `trade_reference_1`, `trade_reference_2`, `trade_reference_3`, `status`, `notes`, `notifications`, `payment_method`, `payment_period`, `sales_discount_status`, `markup_discount`, `role_id`, `is_outside`) VALUES ('YRG4JEBEYFZNCZA', '', '', '', '', '', '', '', '', '', '', '', '', '', '', '', '', '', '', '', '', '1', '', 'sms,email,post', NULL, '', '', NULL, '3', 0);
INSERT INTO `user_login` (`user_id`, `username`, `password`, `user_type`, `status`) VALUES ('YRG4JEBEYFZNCZA', 'a', 'a624bdd842ca91ad7e26a9a59979362c', '3', '1');
INSERT INTO `users` (`user_id`, `first_name`, `last_name`, `gender`, `date_of_birth`, `logo`, `status`) VALUES ('YRG4JEBEYFZNCZA', '', '', '', '', '', '1');
INSERT INTO `sec_userrole` (`user_id`, `roleid`, `createby`, `createdate`) VALUES ('YRG4JEBEYFZNCZA', '3', '1', '2019-10-01 10:36:25');
INSERT INTO `acc_coa` (`HeadCode`, `HeadName`, `PHeadName`, `HeadLevel`, `IsActive`, `IsTransaction`, `IsGL`, `HeadType`, `IsBudget`, `IsDepreciation`, `DepreciationRate`, `CreateBy`, `CreateDate`) VALUES ('1020301-6', 'YRG4JEBEYFZNCZA-', 'Customer Receivable', '4', '1', '1', '0', 'A', '0', '0', '0', '1', '2019-10-01 10:36:25');
INSERT INTO `customer_ledger` (`transaction_id`, `customer_id`, `invoice_no`, `receipt_no`, `amount`, `description`, `payment_type`, `cheque_no`, `date`, `status`, `d_c`) VALUES ('V22SBNF8GD', 'YRG4JEBEYFZNCZA', 'NA', NULL, NULL, 'Previous adjustment with software', 'NA', 'NA', '2019-10-01', 1, 'd');
UPDATE `customer_information` SET `customer_name` = '', `customer_phone` = '', `customer_mobile` = '', `customer_email` = '', `customer_skype` = '', `customer_address` = '', `company_name` = '', `company_number` = '', `vat_number` = '', `company_type` = '', `postal_address` = '', `physical_address` = '', `website` = '', `director_name` = '', `director_mobile` = '', `director_phone` = '', `director_address` = '', `trade_reference_1` = '', `trade_reference_2` = '', `trade_reference_3` = '', `status` = '1', `notes` = '', `notifications` = 'sms,email,post', `payment_period` = '', `payment_method` = NULL, `sales_discount_status` = '', `markup_discount` = NULL, `role_id` = '3'
WHERE `customer_id` = 'YRG4JEBEYFZNCZA';
UPDATE `acc_coa` SET `HeadName` = 'YRG4JEBEYFZNCZA-'
WHERE `HeadName` = 'YRG4JEBEYFZNCZA-';
UPDATE `user_login` SET `username` = 'a', `password` = 'a624bdd842ca91ad7e26a9a59979362c', `user_type` = '3', `status` = '1'
WHERE `user_id` = 'YRG4JEBEYFZNCZA';
UPDATE `users` SET `first_name` = '', `last_name` = '', `gender` = '', `date_of_birth` = '', `logo` = '', `status` = '1'
WHERE `user_id` = 'YRG4JEBEYFZNCZA';
UPDATE `sec_userrole` SET `roleid` = '3', `createby` = '1', `createdate` = '2019-10-01 10:43:00'
WHERE `user_id` = 'YRG4JEBEYFZNCZA';
INSERT INTO `user_login` (`user_id`, `username`, `password`, `user_type`, `status`) VALUES ('ES28C6EM3L99FAV', 'a', '6997b8a9bb1d63b5570f7a49714c6bf3', '3', '1');
INSERT INTO `users` (`user_id`, `first_name`, `last_name`, `gender`, `date_of_birth`, `logo`, `status`) VALUES ('ES28C6EM3L99FAV', '', '', '', '', '', '1');
INSERT INTO `sec_userrole` (`user_id`, `roleid`, `createby`, `createdate`) VALUES ('ES28C6EM3L99FAV', '5', '1', '2019-10-01 10:43:19');
UPDATE `customer_information` SET `customer_name` = '', `customer_phone` = '', `customer_mobile` = '', `customer_email` = '', `customer_skype` = '', `customer_address` = '', `company_name` = '', `company_number` = '', `vat_number` = '', `company_type` = '', `postal_address` = '', `physical_address` = '', `website` = '', `director_name` = '', `director_mobile` = '', `director_phone` = '', `director_address` = '', `trade_reference_1` = '', `trade_reference_2` = '', `trade_reference_3` = '', `status` = '1', `notes` = '', `notifications` = 'sms,email,post', `payment_period` = '', `payment_method` = NULL, `sales_discount_status` = '', `markup_discount` = NULL, `role_id` = '3'
WHERE `customer_id` = 'YRG4JEBEYFZNCZA';
UPDATE `acc_coa` SET `HeadName` = 'YRG4JEBEYFZNCZA-'
WHERE `HeadName` = 'YRG4JEBEYFZNCZA-';
UPDATE `user_login` SET `username` = 'a', `password` = 'a624bdd842ca91ad7e26a9a59979362c', `user_type` = '3', `status` = '1'
WHERE `user_id` = 'YRG4JEBEYFZNCZA';
UPDATE `users` SET `first_name` = '', `last_name` = '', `gender` = '', `date_of_birth` = '', `logo` = '', `status` = '1'
WHERE `user_id` = 'YRG4JEBEYFZNCZA';
UPDATE `sec_userrole` SET `roleid` = '3', `createby` = '1', `createdate` = '2019-10-01 11:02:10'
WHERE `user_id` = 'YRG4JEBEYFZNCZA';
UPDATE `customer_information` SET `customer_name` = '', `customer_phone` = '', `customer_mobile` = '', `customer_email` = '', `customer_skype` = '', `customer_address` = '', `company_name` = '', `company_number` = '', `vat_number` = '', `company_type` = '', `postal_address` = '', `physical_address` = '', `website` = '', `director_name` = '', `director_mobile` = '', `director_phone` = '', `director_address` = '', `trade_reference_1` = '', `trade_reference_2` = '', `trade_reference_3` = '', `status` = '1', `notes` = '', `notifications` = 'sms,email,post', `payment_period` = '', `payment_method` = NULL, `sales_discount_status` = '', `markup_discount` = NULL, `role_id` = '3'
WHERE `customer_id` = 'YRG4JEBEYFZNCZA';
UPDATE `acc_coa` SET `HeadName` = 'YRG4JEBEYFZNCZA-'
WHERE `HeadName` = 'YRG4JEBEYFZNCZA-';
UPDATE `user_login` SET `username` = 'a', `password` = 'a624bdd842ca91ad7e26a9a59979362c', `user_type` = '3', `status` = '1'
WHERE `user_id` = 'YRG4JEBEYFZNCZA';
UPDATE `users` SET `first_name` = '', `last_name` = '', `gender` = '', `date_of_birth` = '', `logo` = '', `status` = '1'
WHERE `user_id` = 'YRG4JEBEYFZNCZA';
UPDATE `sec_userrole` SET `roleid` = '3', `createby` = '1', `createdate` = '2019-10-01 11:02:22'
WHERE `user_id` = 'YRG4JEBEYFZNCZA';
UPDATE `customer_information` SET `customer_name` = '', `customer_phone` = '', `customer_mobile` = '', `customer_email` = '', `customer_skype` = '', `customer_address` = '', `company_name` = '', `company_number` = '', `vat_number` = '', `company_type` = '', `postal_address` = '', `physical_address` = '', `website` = '', `director_name` = '', `director_mobile` = '', `director_phone` = '', `director_address` = '', `trade_reference_1` = '', `trade_reference_2` = '', `trade_reference_3` = '', `status` = '1', `notes` = '', `notifications` = 'sms,email,post', `payment_period` = '', `payment_method` = NULL, `sales_discount_status` = '', `markup_discount` = NULL, `role_id` = '3'
WHERE `customer_id` = 'YRG4JEBEYFZNCZA';
UPDATE `acc_coa` SET `HeadName` = 'YRG4JEBEYFZNCZA-'
WHERE `HeadName` = 'YRG4JEBEYFZNCZA-';
UPDATE `user_login` SET `username` = 'a', `password` = 'a624bdd842ca91ad7e26a9a59979362c', `user_type` = '3', `status` = '1'
WHERE `user_id` = 'YRG4JEBEYFZNCZA';
UPDATE `users` SET `first_name` = '', `last_name` = '', `gender` = '', `date_of_birth` = '', `logo` = '', `status` = '1'
WHERE `user_id` = 'YRG4JEBEYFZNCZA';
UPDATE `sec_userrole` SET `roleid` = '3', `createby` = '1', `createdate` = '2019-10-01 11:03:39'
WHERE `user_id` = 'YRG4JEBEYFZNCZA';
INSERT INTO `customer_information` (`customer_id`, `customer_name`, `customer_phone`, `customer_mobile`, `customer_email`, `customer_skype`, `customer_address`, `company_name`, `company_number`, `vat_number`, `company_type`, `postal_address`, `physical_address`, `website`, `director_name`, `director_mobile`, `director_phone`, `director_address`, `trade_reference_1`, `trade_reference_2`, `trade_reference_3`, `status`, `notes`, `notifications`, `payment_method`, `payment_period`, `sales_discount_status`, `markup_discount`, `role_id`, `is_outside`) VALUES ('1TTG3H4BUIKG96J', 'Md. Ovi', '231646464', '26546546', 'ovi@gmail.com', '', '', 'spfoundationbd', '546456', '', '', '', '', '', '', '', '', '', '', '', '', '1', '', '', NULL, '', '', NULL, '3', 0);
INSERT INTO `user_login` (`user_id`, `username`, `password`, `user_type`, `status`) VALUES ('1TTG3H4BUIKG96J', 'ovi@gmail.com', '41d99b369894eb1ec3f461135132d8bb', '3', '1');
INSERT INTO `users` (`user_id`, `first_name`, `last_name`, `gender`, `date_of_birth`, `logo`, `status`) VALUES ('1TTG3H4BUIKG96J', 'Md. Ovi', '', '', '', '', '1');
INSERT INTO `sec_userrole` (`user_id`, `roleid`, `createby`, `createdate`) VALUES ('1TTG3H4BUIKG96J', '3', '1', '2019-10-01 11:11:10');
INSERT INTO `acc_coa` (`HeadCode`, `HeadName`, `PHeadName`, `HeadLevel`, `IsActive`, `IsTransaction`, `IsGL`, `HeadType`, `IsBudget`, `IsDepreciation`, `DepreciationRate`, `CreateBy`, `CreateDate`) VALUES ('1020301-7', '1TTG3H4BUIKG96J-Md. Ovi', 'Customer Receivable', '4', '1', '1', '0', 'A', '0', '0', '0', '1', '2019-10-01 11:11:10');
INSERT INTO `customer_ledger` (`transaction_id`, `customer_id`, `invoice_no`, `receipt_no`, `amount`, `description`, `payment_type`, `cheque_no`, `date`, `status`, `d_c`) VALUES ('U9RWETW27U', '1TTG3H4BUIKG96J', 'NA', NULL, NULL, 'Previous adjustment with software', 'NA', 'NA', '2019-10-01', 1, 'd');
UPDATE `customer_information` SET `customer_name` = 'outside customer', `customer_phone` = '32131435435', `customer_mobile` = '122425254', `customer_email` = 'outside@gmail.com', `customer_skype` = 'outside', `customer_address` = '', `company_name` = 'bdtask', `company_number` = '', `vat_number` = '', `company_type` = '', `postal_address` = '', `physical_address` = '', `website` = '', `director_name` = '', `director_mobile` = '', `director_phone` = '', `director_address` = '', `trade_reference_1` = '', `trade_reference_2` = '', `trade_reference_3` = '', `status` = '2', `notes` = '', `notifications` = 'sms', `payment_period` = '', `payment_method` = 'cash', `sales_discount_status` = 'trade markup', `markup_discount` = '20', `role_id` = ''
WHERE `customer_id` = 'MF1C8KI7MO7Q2P2';
UPDATE `acc_coa` SET `HeadName` = 'MF1C8KI7MO7Q2P2-outside customer'
WHERE `HeadName` = 'MF1C8KI7MO7Q2P2-outside customer';
UPDATE `user_login` SET `username` = 'outside@gmail.com', `password` = '41d99b369894eb1ec3f461135132d8bb', `user_type` = '3', `status` = '1'
WHERE `user_id` = 'MF1C8KI7MO7Q2P2';
UPDATE `users` SET `first_name` = 'outside customer', `last_name` = '', `gender` = '', `date_of_birth` = '', `logo` = '', `status` = '1'
WHERE `user_id` = 'MF1C8KI7MO7Q2P2';
INSERT INTO `sec_userrole` (`user_id`, `roleid`, `createby`, `createdate`) VALUES ('MF1C8KI7MO7Q2P2', '', '1', '2019-10-01 11:27:35');
UPDATE `customer_information` SET `status` = '2'
WHERE `customer_id` = '1TTG3H4BUIKG96J';
UPDATE `customer_information` SET `status` = '2'
WHERE `customer_id` = 'DTRN1PQXF5E1M3M';
UPDATE `customer_information` SET `status` = ''
WHERE `customer_id` = 'FUX5762RRL2TQQX';
UPDATE `customer_information` SET `customer_name` = 'Joy paul', `customer_phone` = '13465465465', `customer_mobile` = '45646587', `customer_email` = 'shahabuddinp91@gmail.com', `customer_skype` = 'joypaul.gmail.com', `customer_address` = 'london', `company_name` = 'Britaniya Company', `company_number` = '5721545', `vat_number` = '159632', `company_type` = '', `postal_address` = '', `physical_address` = '', `website` = '', `director_name` = 'Joy Paul', `director_mobile` = '', `director_phone` = '', `director_address` = '', `trade_reference_1` = '', `trade_reference_2` = '', `trade_reference_3` = '', `status` = '1', `notes` = '', `notifications` = 'sms,email', `payment_period` = '15', `payment_method` = 'cash', `sales_discount_status` = 'trade markup', `markup_discount` = '15', `role_id` = ''
WHERE `customer_id` = 'WY96Q26D9W3FORW';
UPDATE `acc_coa` SET `HeadName` = 'WY96Q26D9W3FORW-Joy paul'
WHERE `HeadName` = 'WY96Q26D9W3FORW-Joy paul';
UPDATE `user_login` SET `username` = 'shahabuddinp91@gmail.com', `password` = '2c4ba6f30db13ed68a77f56c5658f795', `user_type` = '3', `status` = '1'
WHERE `user_id` = 'WY96Q26D9W3FORW';
UPDATE `users` SET `first_name` = 'Joy paul', `last_name` = '', `gender` = '', `date_of_birth` = '', `logo` = '', `status` = '1'
WHERE `user_id` = 'WY96Q26D9W3FORW';
UPDATE `sec_userrole` SET `roleid` = '', `createby` = '1', `createdate` = '2019-10-01 12:24:35'
WHERE `user_id` = 'WY96Q26D9W3FORW';
INSERT INTO `booking_tbl` (`booking_time`, `title`, `booking_by`, `customer_id`, `registration_no`, `status`) VALUES ('2019-10-01 04:00', 's', '1', 'FUX5762RRL2TQQX', '4', 1);
INSERT INTO `booking_tbl` (`booking_time`, `title`, `booking_by`, `customer_id`, `registration_no`, `status`) VALUES ('2019-10-02 05:00', '', '1', 'FUX5762RRL2TQQX', '4', 1);
INSERT INTO `booking_tbl` (`booking_time`, `title`, `booking_by`, `customer_id`, `registration_no`, `status`) VALUES ('2019-10-03 10:00', 'e', '1', 'DTRN1PQXF5E1M3M', '5', 1);
INSERT INTO `booking_tbl` (`booking_time`, `title`, `booking_by`, `customer_id`, `registration_no`, `status`) VALUES ('2019-10-03 10:00', 'e', '1', 'DTRN1PQXF5E1M3M', '5', 1);
INSERT INTO `booking_tbl` (`booking_time`, `title`, `booking_by`, `customer_id`, `registration_no`, `status`) VALUES ('2019-09-30 11:00', 'd', '1', 'FUX5762RRL2TQQX', '4', 1);
INSERT INTO `booking_tbl` (`booking_time`, `title`, `booking_by`, `customer_id`, `registration_no`, `status`) VALUES ('2019-10-04 06:00', 'test', 'PBYX89KNGFCAUPP', NULL, '8', 1);
INSERT INTO `booking_tbl` (`booking_time`, `title`, `booking_by`, `customer_id`, `registration_no`, `status`) VALUES ('2019-10-07 05:00', 'ddddddddddddd', 'PBYX89KNGFCAUPP', NULL, '8', 1);
INSERT INTO `booking_tbl` (`booking_time`, `title`, `booking_by`, `customer_id`, `registration_no`, `status`) VALUES ('2019-10-07 06:00', 'ax', 'PBYX89KNGFCAUPP', 'PBYX89KNGFCAUPP', '8', 1);
UPDATE `booking_tbl` SET `id` = '16', `booking_time` = '2019-09-30 11:00:00', `title` = 'd', `customer_id` = NULL, `registration_no` = '2'
WHERE `id` = '16';
UPDATE `booking_tbl` SET `id` = '17', `booking_time` = '2019-10-07 06:00:00', `title` = 'ax', `customer_id` = NULL, `registration_no` = '7'
WHERE `id` = '17';
UPDATE `booking_tbl` SET `id` = '17', `booking_time` = '2019-10-07 06:00:00', `title` = 'ax', `customer_id` = 'FUX5762RRL2TQQX', `registration_no` = '4'
WHERE `id` = '17';
UPDATE `booking_tbl` SET `id` = '17', `booking_time` = '2019-10-07 06:00:00', `title` = 'ax', `customer_id` = 'DTRN1PQXF5E1M3M', `registration_no` = '5'
WHERE `id` = '17';
UPDATE `booking_tbl` SET `id` = '17', `booking_time` = '2019-10-07 06:00:00', `title` = 'ax', `customer_id` = 'FUX5762RRL2TQQX', `registration_no` = '4'
WHERE `id` = '17';
INSERT INTO `booking_tbl` (`booking_time`, `title`, `booking_by`, `customer_id`, `registration_no`, `status`) VALUES ('2019-10-08 07:00', 'qqq', '1', 'FX4FTN9158ZORBW', '2', 1);
INSERT INTO `quotation` (`quotation_id`, `customer_id`, `vehicle_reg`, `quotdate`, `totalamount`, `quot_no`, `create_by`, `quot_description`, `status`, `terms`, `cust_show`, `dis_per`, `total_discount`) VALUES ('3CU253RPCZPOCPG', 'WY96Q26D9W3FORW', '7', '2019-10-01', '550.00', '1010', '1', 'aaaaaaaaaaaaaaaaaaaaa', 2, 'xxxxxxxxxxxxxx', 1, '', '0.00');
INSERT INTO `quot_labour_used` (`quot_id`, `job_type_id`, `rate`, `note`) VALUES ('3CU253RPCZPOCPG', '1', '250', '3');
INSERT INTO `quot_products_used` (`quot_id`, `product_id`, `rate`, `used_qty`) VALUES ('3CU253RPCZPOCPG', '83475478', '100', '3');
UPDATE `customer_information` SET `customer_name` = 'Joy paul', `customer_phone` = '13465465465', `customer_mobile` = '45646587', `customer_email` = 'shahabuddinp91@gmail.com', `customer_skype` = 'joypaul.gmail.com', `customer_address` = 'london', `company_name` = 'Britaniya Company', `company_number` = '5721545', `vat_number` = '159632', `company_type` = '', `postal_address` = '', `physical_address` = '', `website` = '', `director_name` = 'Joy Paul', `director_mobile` = '', `director_phone` = '', `director_address` = '', `trade_reference_1` = '', `trade_reference_2` = '', `trade_reference_3` = '', `status` = '1', `notes` = '', `notifications` = 'sms,email', `payment_period` = '15', `payment_method` = 'cash', `sales_discount_status` = 'trade markup', `markup_discount` = '15', `role_id` = '3'
WHERE `customer_id` = 'WY96Q26D9W3FORW';
UPDATE `acc_coa` SET `HeadName` = 'WY96Q26D9W3FORW-Joy paul'
WHERE `HeadName` = 'WY96Q26D9W3FORW-Joy paul';
UPDATE `user_login` SET `username` = 'shahabuddinp91@gmail.com', `password` = '41d99b369894eb1ec3f461135132d8bb', `user_type` = '3', `status` = '1'
WHERE `user_id` = 'WY96Q26D9W3FORW';
UPDATE `users` SET `first_name` = 'Joy paul', `last_name` = '', `gender` = '', `date_of_birth` = '', `logo` = '', `status` = '1'
WHERE `user_id` = 'WY96Q26D9W3FORW';
UPDATE `sec_userrole` SET `roleid` = '3', `createby` = '1', `createdate` = '2019-10-01 15:29:01'
WHERE `user_id` = 'WY96Q26D9W3FORW';
UPDATE `quotation` SET `status` = '3'
WHERE `quotation_id` = '3CU253RPCZPOCPG';
INSERT INTO `job` (`customer_id`, `work_order_no`, `vehicle_id`, `job_description`, `alert_via`, `create_by`, `create_date`, `status`) VALUES ('WY96Q26D9W3FORW', '11-1569936595', '7', 'aaaaaaaaaaaaaaaaaaaaa', 'email', 'WY96Q26D9W3FORW', '2019-10-01 15:29:55', 0);
INSERT INTO `job_details` (`job_id`, `job_type_id`, `assign_to`, `rate`, `client_notes`, `status`) VALUES (29, '1', '', '1', 'rate', 0);
INSERT INTO `job_products_used` (`job_id`, `product_id`, `rate`, `used_qty`, `mechanic_note`) VALUES (29, '83475478', '100.00', '3', '');
INSERT INTO `courtesy_booking` (`customer_id`, `vehicle_reg`, `start_date`, `end_date`, `title`, `status`) VALUES ('DTRN1PQXF5E1M3M', '21431234523', '2019-10-02', '2019-10-03', 'aww', 1);
INSERT INTO `courtesy_booking` (`customer_id`, `vehicle_reg`, `start_date`, `end_date`, `title`, `status`) VALUES ('KV9SJO95VKZTT13', '21431234523', '2019-10-02', '2019-10-03', 'qqq', 1);
INSERT INTO `courtesy_booking` (`customer_id`, `vehicle_reg`, `start_date`, `end_date`, `title`, `status`) VALUES ('KV9SJO95VKZTT13', '21431234523', '2019-10-03', '2019-10-04', 'tttt', 1);
INSERT INTO `courtesy_booking` (`customer_id`, `vehicle_reg`, `start_date`, `end_date`, `title`, `status`) VALUES ('KV9SJO95VKZTT13', '21431234523', '2019-10-03', '2019-10-04', 'tttt', 1);
INSERT INTO `courtesy_booking` (`customer_id`, `vehicle_reg`, `start_date`, `end_date`, `title`, `status`) VALUES ('KV9SJO95VKZTT13', '21431234523', '2019-10-03', '2019-10-04', 'tttt', 1);
INSERT INTO `courtesy_booking` (`customer_id`, `vehicle_reg`, `start_date`, `end_date`, `title`, `status`) VALUES ('FUX5762RRL2TQQX', '21431234523', '2019-10-04', '2019-10-05', 'qqqwwww', 1);
UPDATE `inspection` SET `inspection_name` = 'tes', `job_type_rate` = '500', `standard_timing` = '14:21', `update_by` = '1', `update_date` = '2019-10-02'
WHERE `inspection_id` = '1';
DELETE FROM `inspection_list`
WHERE `inspection_id` = '1';
INSERT INTO `inspection_list` (`inspection_id`, `category_id`, `job_type_id`) VALUES ('1', '2', '1');
INSERT INTO `inspection_list` (`inspection_id`, `category_id`, `job_type_id`) VALUES ('1', '2', '3');
INSERT INTO `inspection_list` (`inspection_id`, `category_id`, `job_type_id`) VALUES ('1', '2', '4');
INSERT INTO `inspection_list` (`inspection_id`, `category_id`, `job_type_id`) VALUES ('1', '2', '5');
INSERT INTO `inspection_list` (`inspection_id`, `category_id`, `job_type_id`) VALUES ('1', '2', '6');
INSERT INTO `inspection_list` (`inspection_id`, `category_id`, `job_type_id`) VALUES ('1', '2', '7');
INSERT INTO `inspection_list` (`inspection_id`, `category_id`, `job_type_id`) VALUES ('1', '2', '8');
INSERT INTO `inspection_list` (`inspection_id`, `category_id`, `job_type_id`) VALUES ('1', '2', '9');
INSERT INTO `inspection_list` (`inspection_id`, `category_id`, `job_type_id`) VALUES ('1', '2', '10');
INSERT INTO `inspection_list` (`inspection_id`, `category_id`, `job_type_id`) VALUES ('1', '3', '11');
INSERT INTO `inspection_list` (`inspection_id`, `category_id`, `job_type_id`) VALUES ('1', '3', '12');
INSERT INTO `inspection_list` (`inspection_id`, `category_id`, `job_type_id`) VALUES ('1', '3', '13');
INSERT INTO `inspection_list` (`inspection_id`, `category_id`, `job_type_id`) VALUES ('1', '3', '14');
INSERT INTO `inspection_list` (`inspection_id`, `category_id`, `job_type_id`) VALUES ('1', '3', '15');
INSERT INTO `inspection_list` (`inspection_id`, `category_id`, `job_type_id`) VALUES ('1', '5', '16');
INSERT INTO `inspection_list` (`inspection_id`, `category_id`, `job_type_id`) VALUES ('1', '5', '17');
INSERT INTO `inspection_list` (`inspection_id`, `category_id`, `job_type_id`) VALUES ('1', '5', '18');
INSERT INTO `inspection_list` (`inspection_id`, `category_id`, `job_type_id`) VALUES ('1', '5', '19');
INSERT INTO `inspection_list` (`inspection_id`, `category_id`, `job_type_id`) VALUES ('1', '5', '20');
INSERT INTO `inspection_list` (`inspection_id`, `category_id`, `job_type_id`) VALUES ('1', '5', '21');
INSERT INTO `inspection_list` (`inspection_id`, `category_id`, `job_type_id`) VALUES ('1', '5', '22');
INSERT INTO `inspection_list` (`inspection_id`, `category_id`, `job_type_id`) VALUES ('1', '5', '23');
INSERT INTO `inspection_list` (`inspection_id`, `category_id`, `job_type_id`) VALUES ('1', '6', '24');
INSERT INTO `inspection_list` (`inspection_id`, `category_id`, `job_type_id`) VALUES ('1', '6', '25');
INSERT INTO `inspection_list` (`inspection_id`, `category_id`, `job_type_id`) VALUES ('1', '6', '26');
INSERT INTO `inspection_list` (`inspection_id`, `category_id`, `job_type_id`) VALUES ('1', '6', '27');
INSERT INTO `inspection_list` (`inspection_id`, `category_id`, `job_type_id`) VALUES ('1', '6', '28');
INSERT INTO `inspection_list` (`inspection_id`, `category_id`, `job_type_id`) VALUES ('1', '7', '30');
INSERT INTO `inspection_list` (`inspection_id`, `category_id`, `job_type_id`) VALUES ('1', '7', '31');
INSERT INTO `inspection_list` (`inspection_id`, `category_id`, `job_type_id`) VALUES ('1', '7', '32');
DELETE FROM `job_category`
WHERE `job_category_id` IS NULL;
DELETE FROM `job_category`
WHERE `job_category_id` IS NULL;
DELETE FROM `job_category`
WHERE `job_category_id` = '12';
DELETE FROM `product_information`
WHERE `product_id` = 'GP1566394693';
DELETE FROM `group_pricing_tbl`
WHERE `group_price_id` = 'GP1566394693';
DELETE FROM `group_pricing_details`
WHERE `group_price_id` = 'GP1566394693';
select * from sec_role;
UPDATE `booking_tbl` SET `id` = '18', `booking_time` = '2019-10-08 07:00:00', `title` = 'qqq', `customer_id` = 'FX4FTN9158ZORBW', `registration_no` = '2'
WHERE `id` = '18';
INSERT INTO `supplier_information` (`supplier_id`, `supplier_name`, `address`, `phone`, `mobile`, `email`, `website`, `notification`, `payment_method`, `order_by`, `status`) VALUES ('YKFL4SVZ8IT9KRV1EYB8', '', '', '', '', '', '', '', NULL, NULL, 1);
INSERT INTO `supplier_information` (`supplier_id`, `supplier_name`, `address`, `phone`, `mobile`, `email`, `website`, `notification`, `payment_method`, `order_by`, `status`) VALUES ('GNFPZYEJTAULU4RLUYFR', 'bdtask ltd', '', '4165465465', '4668468', 'bdtask@gmail.com', '', 'sms', 'cash', 'mobile', 1);
INSERT INTO `acc_coa` (`HeadCode`, `HeadName`, `PHeadName`, `HeadLevel`, `IsActive`, `IsTransaction`, `IsGL`, `HeadType`, `IsBudget`, `IsDepreciation`, `DepreciationRate`, `CreateBy`, `CreateDate`) VALUES ('5020200001', 'GNFPZYEJTAULU4RLUYFR-bdtask ltd', 'Account Payable', '3', '1', '1', '0', 'L', '0', '0', '0', '1', '2019-10-02 15:41:11');
INSERT INTO `supplier_ledger` (`transaction_id`, `supplier_id`, `chalan_no`, `deposit_no`, `amount`, `description`, `payment_type`, `cheque_no`, `date`, `status`, `d_c`) VALUES ('CTBCH3UU4C', 'GNFPZYEJTAULU4RLUYFR', 'Adjustment ', NULL, 0, 'Previous adjustment with software', 'NA', 'NA', '2019-10-02', 1, 'c');
UPDATE `company_information` SET `company_id` = '1', `company_name` = 'Toner Brands Ltd T/A Toner', `email` = 'info@tonerdirect.co.nz', `address` = 'Albany, Auckland 0752', `mobile` = '0800 855 966', `website` = 'http://garagemanagement.com', `status` = 1
WHERE `company_id` = '1';
INSERT INTO `custom_sms_tbl` (`gateway`, `from`, `to`, `message`, `created_date`, `created_by`) VALUES ('NEXMO', 'Md. Shahab udin', '8801684964913', 'Dear Md. Shahab uddin, Now your order is Completed!', '2019-10-03 12:13:39', '1');
INSERT INTO `custom_sms_tbl` (`gateway`, `from`, `to`, `message`, `created_date`, `created_by`) VALUES ('NEXMO', 'Md. Shahab udin', '8801684964913', 'Dear Md. Shahab uddin, Now your order is Completed!', '2019-10-03 12:14:54', '1');
INSERT INTO `custom_sms_tbl` (`gateway`, `from`, `to`, `message`, `created_date`, `created_by`) VALUES ('NEXMO', 'Md. Shahab udin', '8801684964913', 'Dear Md. Shahab uddin, Now your order is Completed!', '2019-10-03 12:16:33', '1');
INSERT INTO `credit_note_tbl` (`credit_note_no`, `date`, `supplier_id`, `chalan_no`, `purchase_id`, `amount`, `created_by`, `created_date`) VALUES ('15965236', '2019-10-17', 'CSBNKKVDQK8DJ77ALHJI', '20190804093206', '20190804093206', '13940', '1', '2019-10-17 13:30:21');
INSERT INTO `supplier_ledger` (`transaction_id`, `chalan_no`, `supplier_id`, `amount`, `date`, `description`, `status`, `d_c`) VALUES ('20190804093206', '20190804093206', 'CSBNKKVDQK8DJ77ALHJI', '13940', '2019-10-17', 'Supplier Credit Note', 1, 'd');
INSERT INTO `acc_transaction` (`VNo`, `Vtype`, `VDate`, `COAID`, `Narration`, `Debit`, `Credit`, `IsPosted`, `CreateBy`, `CreateDate`, `IsAppove`) VALUES ('20190804093206', 'Supplier Credit Note', '2019-10-17', '5020200011', 'Supplier Credit For Voucher no 20190804093206 For CSBNKKVDQK8DJ77ALHJI-BMW', '13940', 0, 1, '1', '2019-10-17 13:30:21', 1);
INSERT INTO `sub_module` (`id`, `module`, `name`, `url`, `parent_menu`, `ordering`, `icon`, `description`, `image`, `directory`, `status`) VALUES (NULL, 'supplier', 'credit_note_list', 'Csupplier/credit_note_list', '40', '', '', NULL, NULL, NULL, 1);
INSERT INTO `quotation` (`quotation_id`, `customer_id`, `vehicle_reg`, `quotdate`, `totalamount`, `quot_no`, `create_by`, `quot_description`, `status`, `terms`, `cust_show`, `dis_per`, `total_discount`) VALUES ('AJZN9FAAMJDY99O', 'PBYX89KNGFCAUPP', '8', '2019-10-17', '50090.00', '1011', '1', '', 2, 'demo test', 1, '', '0.00');
INSERT INTO `quot_labour_used` (`quot_id`, `job_type_id`, `rate`, `note`) VALUES ('AJZN9FAAMJDY99O', '30', '90', 'asdf');
INSERT INTO `quot_products_used` (`quot_id`, `product_id`, `rate`, `used_qty`) VALUES ('AJZN9FAAMJDY99O', '12347759', '25000', '2');
UPDATE `quotation` SET `quotation_id` = 'AJZN9FAAMJDY99O', `customer_id` = 'PBYX89KNGFCAUPP', `vehicle_reg` = '8', `quotdate` = '2019-10-17', `totalamount` = '50090.00', `quot_no` = '1011', `create_by` = '1', `quot_description` = '', `status` = 1, `terms` = 'demo test demo', `cust_show` = 0, `dis_per` = '0', `total_discount` = '0'
WHERE `quotation_id` = 'AJZN9FAAMJDY99O';
DELETE FROM `quot_products_used`
WHERE `quot_id` = 'AJZN9FAAMJDY99O';
DELETE FROM `quot_labour_used`
WHERE `quot_id` = 'AJZN9FAAMJDY99O';
INSERT INTO `quot_labour_used` (`quot_id`, `job_type_id`, `rate`, `note`) VALUES ('AJZN9FAAMJDY99O', '30', '90.00', 'asdf');
INSERT INTO `quot_products_used` (`quot_id`, `product_id`, `rate`, `used_qty`) VALUES ('AJZN9FAAMJDY99O', '12347759', '25000.00', '2');
UPDATE `quotation` SET `quotation_id` = 'AJZN9FAAMJDY99O', `customer_id` = 'PBYX89KNGFCAUPP', `vehicle_reg` = '8', `quotdate` = '2019-10-17', `totalamount` = '50090.00', `quot_no` = '1011', `create_by` = '1', `quot_description` = '', `status` = 2, `terms` = 'demo test demo', `cust_show` = 1, `dis_per` = '0', `total_discount` = '0'
WHERE `quotation_id` = 'AJZN9FAAMJDY99O';
DELETE FROM `quot_products_used`
WHERE `quot_id` = 'AJZN9FAAMJDY99O';
DELETE FROM `quot_labour_used`
WHERE `quot_id` = 'AJZN9FAAMJDY99O';
INSERT INTO `quot_labour_used` (`quot_id`, `job_type_id`, `rate`, `note`) VALUES ('AJZN9FAAMJDY99O', '30', '90.00', 'asdf');
INSERT INTO `quot_products_used` (`quot_id`, `product_id`, `rate`, `used_qty`) VALUES ('AJZN9FAAMJDY99O', '12347759', '25000.00', '2');
UPDATE `quotation` SET `status` = '3'
WHERE `quotation_id` = 'AJZN9FAAMJDY99O';
INSERT INTO `job` (`customer_id`, `work_order_no`, `vehicle_id`, `job_description`, `alert_via`, `create_by`, `create_date`, `status`) VALUES ('PBYX89KNGFCAUPP', '12-1571460947', '8', '', 'email', 'PBYX89KNGFCAUPP', '2019-10-19 06:55:47', 0);
INSERT INTO `job_details` (`job_id`, `job_type_id`, `assign_to`, `rate`, `client_notes`, `status`) VALUES (30, '30', '', '30', 'rate', 0);
INSERT INTO `job_products_used` (`job_id`, `product_id`, `rate`, `used_qty`, `mechanic_note`) VALUES (30, '12347759', '25000.00', '2', '');
UPDATE `quotation` SET `status` = '4'
WHERE `quotation_id` = 'AJZN9FAAMJDY99O';
UPDATE `quotation` SET `status` = '3'
WHERE `quotation_id` = 'AJZN9FAAMJDY99O';
INSERT INTO `job` (`customer_id`, `quotation_id`, `is_quotation`, `work_order_no`, `vehicle_id`, `job_description`, `alert_via`, `create_by`, `create_date`, `status`) VALUES ('PBYX89KNGFCAUPP', 'AJZN9FAAMJDY99O', 1, '12-1571462398', '8', '', 'email', 'PBYX89KNGFCAUPP', '2019-10-19 07:19:58', 0);
INSERT INTO `job_details` (`job_id`, `job_type_id`, `assign_to`, `rate`, `client_notes`, `status`) VALUES (31, '30', '', '30', 'rate', 0);
INSERT INTO `job_products_used` (`job_id`, `product_id`, `rate`, `used_qty`, `mechanic_note`) VALUES (31, '12347759', '25000.00', '2', '');
DELETE FROM `job_details`
WHERE `job_id` = '31';
INSERT INTO `job_details` (`job_id`, `job_type_id`, `rate`, `assign_to`, `start_datetime`, `end_datetime`, `spent_time`, `mechanic_notes`, `status`) VALUES ('31', '30', '30', 'XDG8P8VIGRE4FWF', '2019-10-19 03:00', '2019-10-19 08:00', '5', '', 3);
DELETE FROM `job_products_used`
WHERE `job_id` = '31';
INSERT INTO `job_products_used` (`job_id`, `product_id`, `available_qty`, `rate`, `used_qty`, `mechanic_note`) VALUES ('31', '56496831', '20', '250', '2', '');
UPDATE `job` SET `recommendation` = 'asd', `odometer` = NULL, `hubo_meter` = NULL, `hour_meter` = NULL, `cof_wof_date` = NULL, `registration_date` = NULL, `fuel_burn` = NULL
WHERE `job_id` = '31';
UPDATE `job` SET `status` = '1', `show_hide_status` = 1, `schedule_date_time` = '2019-10-19 06:00', `delivery_date_time` = '2019-10-19 10:00', `alert_via` = 'email'
WHERE `job_id` = '31';
UPDATE `job` SET `status` = '3', `show_hide_status` = 1, `schedule_date_time` = '2019-10-19 06:00:00', `delivery_date_time` = '2019-10-19 10:00:00', `alert_via` = 'email'
WHERE `job_id` = '31';
INSERT INTO `customer_ledger` (`transaction_id`, `customer_id`, `invoice_no`, `date`, `amount`, `description`, `status`, `d_c`) VALUES ('WJKIVN745WHNJLO', 'PBYX89KNGFCAUPP', '5111244684', '2019-10-19', '871.5', 'Purchase by customer', 1, 'd');
INSERT INTO `customer_ledger` (`transaction_id`, `customer_id`, `receipt_no`, `date`, `amount`, `payment_type`, `invoice_no`, `description`, `status`, `d_c`) VALUES ('WJKIVN745WHNJLO', 'PBYX89KNGFCAUPP', 'X93WN1FQXE', '2019-10-19', 0, 1, '5111244684', 'Paid by customer', 1, 'c');
INSERT INTO `transection` (`transaction_id`, `relation_id`, `transection_type`, `date_of_transection`, `transection_category`, `amount`, `transection_mood`, `is_transaction`, `description`) VALUES ('WJKIVN745WHNJLO', 'PBYX89KNGFCAUPP', 2, '2019-10-19', 2, 0, 1, 0, 'Paid by customer');
INSERT INTO `acc_transaction` (`VNo`, `Vtype`, `VDate`, `COAID`, `Narration`, `Debit`, `Credit`, `IsPosted`, `CreateBy`, `CreateDate`, `IsAppove`) VALUES ('5111244684', 'INV', '2019-10-19 07:59:35', 10107, 'Inventory credit For Invoice No5111244684', 0, '', 1, '1', '2019-10-19 07:59:35', 1);
INSERT INTO `acc_transaction` (`VNo`, `Vtype`, `VDate`, `COAID`, `Narration`, `Debit`, `Credit`, `IsPosted`, `CreateBy`, `CreateDate`, `IsAppove`) VALUES ('5111244684', 'INV', '2019-10-19 07:59:35', '1020301-1', 'Customer debit For Invoice No5111244684', '871.5', 0, 1, '1', '2019-10-19 07:59:35', 1);
INSERT INTO `invoice` (`job_id`, `invoice_id`, `customer_id`, `date`, `total_amount`, `labour_cost`, `create_date`, `total_tax`, `invoice`, `invoice_details`, `invoice_discount`, `total_discount`, `prevous_due`, `shipping_cost`, `sales_by`, `status`) VALUES ('31', '5111244684', 'PBYX89KNGFCAUPP', '2019-10-19', '871.5', '80.00', '2019-10-19', '5', 1021, '', '100', '', '', '', '1', 1);
INSERT INTO `invoice_details` (`invoice_details_id`, `invoice_id`, `product_id`, `spent_time`, `quantity`, `rate`, `discount`, `description`, `discount_per`, `tax`, `paid_amount`, `due_amount`, `supplier_rate`, `total_price`, `status`) VALUES ('382768498343325', '5111244684', '30', '5', '1', '30', '100', '', '', '', 0, 0, '', '30.00', 1);
INSERT INTO `invoice_details` (`invoice_details_id`, `invoice_id`, `product_id`, `spent_time`, `quantity`, `rate`, `discount`, `description`, `discount_per`, `tax`, `paid_amount`, `due_amount`, `supplier_rate`, `total_price`, `status`) VALUES ('298811139226592', '5111244684', '56496831', '', '2', '250', '100', '', '', '', 0, 0, '', '500.00', 1);
UPDATE `job` SET `is_invoice` = 1
WHERE `job_id` = '31';
UPDATE `booking_tbl` SET `status` = 0
WHERE `id` = '18';
UPDATE `customer_information` SET `status` = '1'
WHERE `customer_id` = '1TTG3H4BUIKG96J';
UPDATE `customer_information` SET `status` = '1'
WHERE `customer_id` = 'MF1C8KI7MO7Q2P2';
UPDATE `customer_information` SET `status` = '1'
WHERE `customer_id` = 'DTRN1PQXF5E1M3M';
UPDATE `customer_information` SET `status` = '2'
WHERE `customer_id` = 'MF1C8KI7MO7Q2P2';
UPDATE `customer_information` SET `status` = '2'
WHERE `customer_id` = 'DTRN1PQXF5E1M3M';
UPDATE `customer_information` SET `status` = '2'
WHERE `customer_id` = '1TTG3H4BUIKG96J';
UPDATE `product_purchase` SET `purchase_id` = '20190827065323', `chalan_no` = 'P1025', `supplier_id` = 'EVVNGWNBJCUGI5BXYOXW', `grand_total_amount` = '660000.00', `total_discount` = NULL, `purchase_date` = '2019-08-27', `purchase_details` = ''
WHERE `purchase_id` = '20190827065323';
DELETE FROM `acc_transaction`
WHERE `VNo` = '20190827065323';
INSERT INTO `acc_transaction` (`VNo`, `Vtype`, `VDate`, `COAID`, `Narration`, `Debit`, `Credit`, `IsPosted`, `CreateBy`, `CreateDate`, `IsAppove`) VALUES ('20190827065323', 'Purchase', '2019-08-27', '5020200012', 'Purchases No.20190827065323', 0, '660000.00', 1, '1', '2019-10-19', 1);
INSERT INTO `acc_transaction` (`VNo`, `Vtype`, `VDate`, `COAID`, `Narration`, `Debit`, `Credit`, `IsPosted`, `CreateBy`, `CreateDate`, `IsAppove`) VALUES ('20190827065323', 'Purchase', '2019-08-27', 10107, 'Inventory Devit For Purchase No20190827065323', '660000.00', 0, 1, '1', '2019-10-19 09:29:16', 1);
UPDATE `supplier_ledger` SET `transaction_id` = '20190827065323', `chalan_no` = 'P1025', `supplier_id` = 'EVVNGWNBJCUGI5BXYOXW', `amount` = '660000.00', `date` = '2019-08-27', `description` = '', `status` = 1, `d_c` = 'c'
WHERE `transaction_id` = '20190827065323';
DELETE FROM `product_purchase_details`
WHERE `purchase_id` = '20190827065323';
INSERT INTO `product_purchase_details` (`purchase_detail_id`, `purchase_id`, `product_id`, `quantity`, `rate`, `total_amount`, `discount`) VALUES ('yxhhihEo2AbW2WJ', '20190827065323', '12347759', '30.00', '22000.00', '660000.00', NULL);
INSERT INTO `product_purchase_details` (`purchase_detail_id`, `purchase_id`, `product_id`, `quantity`, `rate`, `total_amount`, `discount`) VALUES ('zUQs0Hd0rRsarfB', '20190827065323', '12347759', '-1.00', '22000.00', '-22000.00', NULL);
INSERT INTO `courtesy_booking` (`customer_id`, `vehicle_reg`, `start_date`, `end_date`, `title`, `status`) VALUES ('DTRN1PQXF5E1M3M', '123456', '2019-10-19', '2019-10-19', 'aaa ccc', 1);
INSERT INTO `booking_tbl` (`booking_time`, `title`, `booking_by`, `customer_id`, `registration_no`, `status`) VALUES ('2019-10-18 08:00', 'demo job booking', '1', 'DTRN1PQXF5E1M3M', '5', 1);
INSERT INTO `booking_tbl` (`booking_time`, `title`, `booking_by`, `customer_id`, `registration_no`, `status`) VALUES ('2019-10-17 18:15', 'demo job booking 2', '1', 'DTRN1PQXF5E1M3M', '5', 1);
INSERT INTO `courtesy_booking` (`customer_id`, `vehicle_reg`, `start_date`, `end_date`, `title`, `status`) VALUES ('FUX5762RRL2TQQX', '123456', '2019-10-21', '2019-10-21', 'courtesy vehicle 1', 1);
INSERT INTO `courtesy_booking` (`vehicle_reg`, `customer_id`, `start_date`, `end_date`, `title`, `booking_by`, `status`) VALUES ('5', 'DTRN1PQXF5E1M3M', '2019-10-20', '2019-10-20', 'aaaaaa qqqqqqqqqq', '1', 1);
INSERT INTO `courtesy_booking` (`vehicle_reg`, `customer_id`, `start_date`, `end_date`, `title`, `booking_by`, `status`) VALUES ('R-1001', 'DTRN1PQXF5E1M3M', '2019-10-22', '2019-10-22', 'aaaaaaaaas', '1', 1);
UPDATE `booking_tbl` SET `id` = '20', `booking_time` = '2019-10-17 18:15', `title` = 'demo job booking 2', `customer_id` = 'PBYX89KNGFCAUPP', `registration_no` = '8'
WHERE `id` = '20';
INSERT INTO `booking_tbl` (`booking_time`, `title`, `booking_by`, `status`) VALUES ('13:00', '23 Oct', '1', 0);
INSERT INTO `booking_tbl` (`booking_time`, `title`, `booking_by`, `customer_id`, `vehicle_reg`, `status`) VALUES ('05:00', 'ddddddddd', '1', 'DTRN1PQXF5E1M3M', 'R-1001', 0);
INSERT INTO `booking_tbl` (`booking_time`, `title`, `booking_by`, `customer_id`, `registration_no`, `status`) VALUES ('05:00', 'ddddddddd', '1', 'DTRN1PQXF5E1M3M', 'R-1001', 0);
INSERT INTO `booking_tbl` (`booking_time`, `title`, `booking_by`, `customer_id`, `registration_no`, `status`) VALUES ('2019-10-23 09:00', 'asdf', '1', 'DTRN1PQXF5E1M3M', 'R-1001', 0);
INSERT INTO `courtesy_booking` (`vehicle_reg`, `customer_id`, `start_date`, `end_date`, `title`, `booking_by`, `status`) VALUES ('R-1001', 'PBYX89KNGFCAUPP', '2019-10-24', '2019-10-24', 'test', '1', 1);
UPDATE `courtesy_booking` SET `id` = '12', `customer_id` = 'PBYX89KNGFCAUPP', `vehicle_reg` = 'R-1001', `start_date` = '2019-10-25', `end_date` = '2019-10-24', `title` = 'test'
WHERE `id` = '12';
INSERT INTO `booking_tbl` (`booking_time`, `title`, `booking_by`, `customer_id`, `registration_no`, `status`) VALUES ('2019-10-24 2019-10-24 11:00', 'test dm 1', '1', 'DTRN1PQXF5E1M3M', '5', 1);
INSERT INTO `booking_tbl` (`booking_time`, `title`, `booking_by`, `customer_id`, `registration_no`, `status`) VALUES ('2019-10-24 2019-10-24 11:00', 'test dm 1', '1', 'DTRN1PQXF5E1M3M', '5', 1);
INSERT INTO `booking_tbl` (`booking_time`, `title`, `booking_by`, `customer_id`, `registration_no`, `status`) VALUES ('2019-10-24 2019-10-24 05:16', 'deee', '1', 'DTRN1PQXF5E1M3M', '5', 1);
INSERT INTO `booking_tbl` (`booking_time`, `title`, `booking_by`, `customer_id`, `registration_no`, `status`) VALUES ('2019-10-26 2019-10-26 05:00', '26 october', '1', 'FUX5762RRL2TQQX', '45643562', 1);
INSERT INTO `courtesy_booking` (`customer_id`, `vehicle_reg`, `start_date`, `end_date`, `title`, `status`) VALUES ('DTRN1PQXF5E1M3M', 'R-2025', '2019-10-27', '2019-10-27', '27 oct', 1);
INSERT INTO `booking_tbl` (`booking_time`, `title`, `booking_by`, `customer_id`, `registration_no`, `status`) VALUES ('2019-10-24 04:00', '24 oct', '1', 'PBYX89KNGFCAUPP', 'JS-1010', 0);
INSERT INTO `booking_tbl` (`booking_time`, `title`, `booking_by`, `customer_id`, `registration_no`, `status`) VALUES ('2019-10-26 2019-10-26 11:00', 'new schedule', '1', 'PBYX89KNGFCAUPP', 'JS-1010', 1);
INSERT INTO `booking_tbl` (`booking_time`, `title`, `booking_by`, `customer_id`, `registration_no`, `status`) VALUES ('2019-10-28 05:00', 'solved', '1', 'PBYX89KNGFCAUPP', 'JS-1010', 1);
INSERT INTO `booking_tbl` (`booking_time`, `title`, `booking_by`, `customer_id`, `registration_no`, `status`) VALUES ('2019-10-28 05:00', 'solved', '1', 'PBYX89KNGFCAUPP', 'JS-1010', 1);
INSERT INTO `booking_tbl` (`booking_time`, `title`, `booking_by`, `customer_id`, `registration_no`, `status`) VALUES ('2019-10-29 04:00', 'test', '1', 'FX4FTN9158ZORBW', '123456', 1);
INSERT INTO `booking_tbl` (`booking_time`, `title`, `booking_by`, `customer_id`, `registration_no`, `status`) VALUES ('2019-10-30 14:00', 'Saifullah Schedule', '1', 'FX4FTN9158ZORBW', '123456', 1);
INSERT INTO `booking_tbl` (`booking_time`, `title`, `booking_by`, `customer_id`, `registration_no`, `status`) VALUES ('2019-10-31 09:00', 'Ahad', '1', 'FX4FTN9158ZORBW', '123456', 0);
UPDATE `booking_tbl` SET `status` = 1
WHERE `id` = '34';
UPDATE `booking_tbl` SET `status` = 0
WHERE `id` = '34';
UPDATE `service_reminder_tbl` SET `occurrence_date` = '2019-10-20', `status` = 1
WHERE `id` = '1';
INSERT INTO `quotation_chat` (`quotation_id`, `message`, `sent_by`) VALUES ('AJZN9FAAMJDY99O', '', '1');
INSERT INTO `quotation_chat` (`quotation_id`, `message`, `sent_by`) VALUES ('AJZN9FAAMJDY99O', '', '1');
INSERT INTO `acc_transaction` (`VNo`, `Vtype`, `VDate`, `COAID`, `Narration`, `Debit`, `Credit`, `IsPosted`, `CreateBy`, `CreateDate`, `IsAppove`) VALUES ('CR-6', 'CR', '2019-10-20', '1020301-1', 'test', 0, '2500', 1, '1', '2019-10-20 15:36:50', 1);
INSERT INTO `acc_transaction` (`VNo`, `Vtype`, `VDate`, `COAID`, `Narration`, `Debit`, `Credit`, `IsPosted`, `CreateBy`, `CreateDate`, `IsAppove`) VALUES ('CR-6', 'CR', '2019-10-20 15:36:50', 1020101, 'Cash in Hand For Voucher NoCR-6', '2500', 0, 1, '1', '2019-10-20 15:36:50', 1);
INSERT INTO `customer_ledger` (`transaction_id`, `customer_id`, `invoice_no`, `receipt_no`, `description`, `amount`, `payment_type`, `cheque_no`, `date`, `receipt_from`, `status`, `d_c`) VALUES ('CR-6', 'PBYX89KNGFCAUPP', NULL, 'CR-6', 'test', '2500', 1, '', '2019-10-20', 'receipt', 1, 'c');
INSERT INTO `vehicle_information` (`customer_id`, `vehicle_registration`, `year`, `make`, `model`, `color`, `second_color`, `sub_model`, `body_style`, `vin`, `plate`, `engine_no`, `vehicle_type`, `seat`, `cc_rating`, `fuel_type`, `assembly_type`, `country_of_origin`, `gross_vehicle_mass`, `tyre_weight`, `wheelbase`, `axle`, `front_axle_rating`, `rear_axle_rating`, `create_by`, `create_date`) VALUES ('PBYX89KNGFCAUPP', 'JJ25022', '2025', '', '', '', '', '', '', 'V8965', '', 'E2563', '', '', '', 'Diesel', '', '', '', '', '', '', '', '', 'PBYX89KNGFCAUPP', '2019-10-20');
DELETE FROM `vehicle_information`
WHERE `vehicle_id` = '9';
INSERT INTO `courtesy_booking` (`vehicle_reg`, `customer_id`, `start_date`, `end_date`, `title`, `booking_by`, `status`) VALUES ('R-1001', 'DTRN1PQXF5E1M3M', '2019-10-21', '2019-10-21', 'new 1', '1', 1);
INSERT INTO `courtesy_booking` (`customer_id`, `vehicle_reg`, `start_date`, `end_date`, `title`, `status`) VALUES ('DTRN1PQXF5E1M3M', '45643562', '2019-10-31', '2019-10-31', 'new 2', 1);
INSERT INTO `courtesy_booking` (`customer_id`, `vehicle_reg`, `start_date`, `end_date`, `booking_by`, `title`, `status`) VALUES ('WY96Q26D9W3FORW', 'R-2025', '2019-10-31', '2019-10-31', '1', 'new 3', 1);
UPDATE `web_setting` SET `logo` = 'http://softest8.bdtask.com/garagemanagement/my-assets/image/logo/8d6b2f6b33a60824118e6a79dca67e25.png', `invoice_logo` = 'http://localhost/bdtask/garegmanagement/./my-assets/image/logo/15a8648c1ed9de4be26d35140db73f13.png', `favicon` = 'http://softest8.bdtask.com/garagemanagement/my-assets/image/logo/703010c615dd612d7f5742e2eb8165fe.png', `currency` = '$', `currency_position` = '0', `labour_cost` = '80.00', `date_format` = '3', `footer_text` = 'Copyright 2018-2019 bdtask. All rights reserved.', `language` = 'english', `rtr` = '0', `timezone` = 'Asia/Dhaka', `captcha` = '0', `site_key` = '', `secret_key` = '', `discount_type` = '1'
WHERE `setting_id` = 1;
select * from sec_role;
select * from sec_role;
INSERT INTO `package_tbl` (`job_id`, `inspection_job_typeid`, `job_category_id`, `job_type_id`, `pass_fail`, `comment`, `created_by`, `created_date`, `status`) VALUES ('22', '33', '2', '1', '1', 'done', '1', '2019-10-21', 1);
INSERT INTO `package_tbl` (`job_id`, `inspection_job_typeid`, `job_category_id`, `job_type_id`, `pass_fail`, `comment`, `created_by`, `created_date`, `status`) VALUES ('22', '33', '2', '3', '0', 'done', '1', '2019-10-21', 1);
INSERT INTO `package_tbl` (`job_id`, `inspection_job_typeid`, `job_category_id`, `job_type_id`, `pass_fail`, `comment`, `created_by`, `created_date`, `status`) VALUES ('22', '33', '2', '4', '0', 'done', '1', '2019-10-21', 1);
INSERT INTO `package_tbl` (`job_id`, `inspection_job_typeid`, `job_category_id`, `job_type_id`, `pass_fail`, `comment`, `created_by`, `created_date`, `status`) VALUES ('22', '33', '2', '5', '0', 'done', '1', '2019-10-21', 1);
INSERT INTO `package_tbl` (`job_id`, `inspection_job_typeid`, `job_category_id`, `job_type_id`, `pass_fail`, `comment`, `created_by`, `created_date`, `status`) VALUES ('22', '33', '2', '6', NULL, 'done', '1', '2019-10-21', 1);
INSERT INTO `package_tbl` (`job_id`, `inspection_job_typeid`, `job_category_id`, `job_type_id`, `pass_fail`, `comment`, `created_by`, `created_date`, `status`) VALUES ('22', '33', '2', '7', NULL, 'done', '1', '2019-10-21', 1);
INSERT INTO `package_tbl` (`job_id`, `inspection_job_typeid`, `job_category_id`, `job_type_id`, `pass_fail`, `comment`, `created_by`, `created_date`, `status`) VALUES ('22', '33', '2', '8', '0', 'done', '1', '2019-10-21', 1);
INSERT INTO `package_tbl` (`job_id`, `inspection_job_typeid`, `job_category_id`, `job_type_id`, `pass_fail`, `comment`, `created_by`, `created_date`, `status`) VALUES ('22', '33', '2', '9', NULL, 'done', '1', '2019-10-21', 1);
INSERT INTO `package_tbl` (`job_id`, `inspection_job_typeid`, `job_category_id`, `job_type_id`, `pass_fail`, `comment`, `created_by`, `created_date`, `status`) VALUES ('22', '33', '2', '10', NULL, 'done', '1', '2019-10-21', 1);
INSERT INTO `package_tbl` (`job_id`, `inspection_job_typeid`, `job_category_id`, `job_type_id`, `pass_fail`, `comment`, `created_by`, `created_date`, `status`) VALUES ('22', '33', '3', '11', '1', 'done', '1', '2019-10-21', 1);
INSERT INTO `package_tbl` (`job_id`, `inspection_job_typeid`, `job_category_id`, `job_type_id`, `pass_fail`, `comment`, `created_by`, `created_date`, `status`) VALUES ('22', '33', '3', '12', '0', 'done', '1', '2019-10-21', 1);
INSERT INTO `package_tbl` (`job_id`, `inspection_job_typeid`, `job_category_id`, `job_type_id`, `pass_fail`, `comment`, `created_by`, `created_date`, `status`) VALUES ('22', '33', '3', '13', '0', 'done', '1', '2019-10-21', 1);
INSERT INTO `package_tbl` (`job_id`, `inspection_job_typeid`, `job_category_id`, `job_type_id`, `pass_fail`, `comment`, `created_by`, `created_date`, `status`) VALUES ('22', '33', '3', '14', '1', 'done', '1', '2019-10-21', 1);
INSERT INTO `package_tbl` (`job_id`, `inspection_job_typeid`, `job_category_id`, `job_type_id`, `pass_fail`, `comment`, `created_by`, `created_date`, `status`) VALUES ('22', '33', '3', '15', NULL, 'done', '1', '2019-10-21', 1);
INSERT INTO `package_tbl` (`job_id`, `inspection_job_typeid`, `job_category_id`, `job_type_id`, `pass_fail`, `comment`, `created_by`, `created_date`, `status`) VALUES ('22', '33', '5', '16', '1', 'done', '1', '2019-10-21', 1);
INSERT INTO `package_tbl` (`job_id`, `inspection_job_typeid`, `job_category_id`, `job_type_id`, `pass_fail`, `comment`, `created_by`, `created_date`, `status`) VALUES ('22', '33', '5', '17', NULL, 'done', '1', '2019-10-21', 1);
INSERT INTO `package_tbl` (`job_id`, `inspection_job_typeid`, `job_category_id`, `job_type_id`, `pass_fail`, `comment`, `created_by`, `created_date`, `status`) VALUES ('22', '33', '5', '18', '0', 'done', '1', '2019-10-21', 1);
INSERT INTO `package_tbl` (`job_id`, `inspection_job_typeid`, `job_category_id`, `job_type_id`, `pass_fail`, `comment`, `created_by`, `created_date`, `status`) VALUES ('22', '33', '5', '19', '1', 'done', '1', '2019-10-21', 1);
INSERT INTO `package_tbl` (`job_id`, `inspection_job_typeid`, `job_category_id`, `job_type_id`, `pass_fail`, `comment`, `created_by`, `created_date`, `status`) VALUES ('22', '33', '5', '20', '1', 'done', '1', '2019-10-21', 1);
INSERT INTO `package_tbl` (`job_id`, `inspection_job_typeid`, `job_category_id`, `job_type_id`, `pass_fail`, `comment`, `created_by`, `created_date`, `status`) VALUES ('22', '33', '5', '21', NULL, 'done', '1', '2019-10-21', 1);
INSERT INTO `package_tbl` (`job_id`, `inspection_job_typeid`, `job_category_id`, `job_type_id`, `pass_fail`, `comment`, `created_by`, `created_date`, `status`) VALUES ('22', '33', '5', '22', NULL, 'done', '1', '2019-10-21', 1);
INSERT INTO `package_tbl` (`job_id`, `inspection_job_typeid`, `job_category_id`, `job_type_id`, `pass_fail`, `comment`, `created_by`, `created_date`, `status`) VALUES ('22', '33', '5', '23', NULL, 'done', '1', '2019-10-21', 1);
INSERT INTO `package_tbl` (`job_id`, `inspection_job_typeid`, `job_category_id`, `job_type_id`, `pass_fail`, `comment`, `created_by`, `created_date`, `status`) VALUES ('22', '33', '6', '24', '1', 'done', '1', '2019-10-21', 1);
INSERT INTO `package_tbl` (`job_id`, `inspection_job_typeid`, `job_category_id`, `job_type_id`, `pass_fail`, `comment`, `created_by`, `created_date`, `status`) VALUES ('22', '33', '6', '25', NULL, 'done', '1', '2019-10-21', 1);
INSERT INTO `package_tbl` (`job_id`, `inspection_job_typeid`, `job_category_id`, `job_type_id`, `pass_fail`, `comment`, `created_by`, `created_date`, `status`) VALUES ('22', '33', '6', '26', '1', 'done', '1', '2019-10-21', 1);
INSERT INTO `package_tbl` (`job_id`, `inspection_job_typeid`, `job_category_id`, `job_type_id`, `pass_fail`, `comment`, `created_by`, `created_date`, `status`) VALUES ('22', '33', '6', '27', '1', 'done', '1', '2019-10-21', 1);
INSERT INTO `package_tbl` (`job_id`, `inspection_job_typeid`, `job_category_id`, `job_type_id`, `pass_fail`, `comment`, `created_by`, `created_date`, `status`) VALUES ('22', '33', '6', '28', NULL, 'done', '1', '2019-10-21', 1);
INSERT INTO `package_tbl` (`job_id`, `inspection_job_typeid`, `job_category_id`, `job_type_id`, `pass_fail`, `comment`, `created_by`, `created_date`, `status`) VALUES ('22', '33', '7', '30', '1', 'done', '1', '2019-10-21', 1);
INSERT INTO `package_tbl` (`job_id`, `inspection_job_typeid`, `job_category_id`, `job_type_id`, `pass_fail`, `comment`, `created_by`, `created_date`, `status`) VALUES ('22', '33', '7', '31', NULL, 'done', '1', '2019-10-21', 1);
INSERT INTO `package_tbl` (`job_id`, `inspection_job_typeid`, `job_category_id`, `job_type_id`, `pass_fail`, `comment`, `created_by`, `created_date`, `status`) VALUES ('22', '33', '7', '32', NULL, 'done', '1', '2019-10-21', 1);
UPDATE `job_type` SET `job_category_id` = '16', `job_type_name` = 'Fill Out Lube Sticker  SPEEDO km', `job_type_rate` = '75', `standard_timing` = '10:25', `update_by` = 'XDG8P8VIGRE4FWF', `update_date` = '2019-10-21', `status` = 1
WHERE `job_type_id` = '39';
INSERT INTO `job` (`customer_id`, `work_order_no`, `vehicle_id`, `schedule_date_time`, `delivery_date_time`, `customer_ref`, `job_description`, `alert_via`, `create_by`, `create_date`, `status`) VALUES ('PBYX89KNGFCAUPP', '8-1571741550', '8', '2019-10-22 04:00', '2019-10-22 12:00', '', '', 'sms', '1', '2019-10-22 12:53:05', 1);
INSERT INTO `job_details` (`job_id`, `job_type_id`, `assign_to`, `rate`, `client_notes`, `status`) VALUES (32, '33', 'XDG8P8VIGRE4FWF', '500', 'asdf', 0);
DELETE FROM `package_tbl`
WHERE `inspection_job_typeid` = '33'
AND `job_id` = '22';
INSERT INTO `package_tbl` (`job_id`, `inspection_job_typeid`, `job_category_id`, `job_type_id`, `pass_fail`, `comment`, `created_by`, `created_date`, `status`) VALUES ('22', '33', '2', '1', '1', 'its done', '1', '2019-10-22', 1);
INSERT INTO `package_tbl` (`job_id`, `inspection_job_typeid`, `job_category_id`, `job_type_id`, `pass_fail`, `comment`, `created_by`, `created_date`, `status`) VALUES ('22', '33', '2', '3', '1', 'its done', '1', '2019-10-22', 1);
INSERT INTO `package_tbl` (`job_id`, `inspection_job_typeid`, `job_category_id`, `job_type_id`, `pass_fail`, `comment`, `created_by`, `created_date`, `status`) VALUES ('22', '33', '2', '4', '1', 'its done', '1', '2019-10-22', 1);
INSERT INTO `package_tbl` (`job_id`, `inspection_job_typeid`, `job_category_id`, `job_type_id`, `pass_fail`, `comment`, `created_by`, `created_date`, `status`) VALUES ('22', '33', '2', '5', '0', 'its done', '1', '2019-10-22', 1);
INSERT INTO `package_tbl` (`job_id`, `inspection_job_typeid`, `job_category_id`, `job_type_id`, `pass_fail`, `comment`, `created_by`, `created_date`, `status`) VALUES ('22', '33', '2', '6', '0', 'its done', '1', '2019-10-22', 1);
INSERT INTO `package_tbl` (`job_id`, `inspection_job_typeid`, `job_category_id`, `job_type_id`, `pass_fail`, `comment`, `created_by`, `created_date`, `status`) VALUES ('22', '33', '2', '7', '0', 'its done', '1', '2019-10-22', 1);
INSERT INTO `package_tbl` (`job_id`, `inspection_job_typeid`, `job_category_id`, `job_type_id`, `pass_fail`, `comment`, `created_by`, `created_date`, `status`) VALUES ('22', '33', '2', '8', '0', 'its done', '1', '2019-10-22', 1);
INSERT INTO `package_tbl` (`job_id`, `inspection_job_typeid`, `job_category_id`, `job_type_id`, `pass_fail`, `comment`, `created_by`, `created_date`, `status`) VALUES ('22', '33', '2', '9', '0', 'its done', '1', '2019-10-22', 1);
INSERT INTO `package_tbl` (`job_id`, `inspection_job_typeid`, `job_category_id`, `job_type_id`, `pass_fail`, `comment`, `created_by`, `created_date`, `status`) VALUES ('22', '33', '2', '10', '0', 'its done', '1', '2019-10-22', 1);
INSERT INTO `package_tbl` (`job_id`, `inspection_job_typeid`, `job_category_id`, `job_type_id`, `pass_fail`, `comment`, `created_by`, `created_date`, `status`) VALUES ('22', '33', '3', '11', '0', 'its done', '1', '2019-10-22', 1);
INSERT INTO `package_tbl` (`job_id`, `inspection_job_typeid`, `job_category_id`, `job_type_id`, `pass_fail`, `comment`, `created_by`, `created_date`, `status`) VALUES ('22', '33', '3', '12', '0', 'its done', '1', '2019-10-22', 1);
INSERT INTO `package_tbl` (`job_id`, `inspection_job_typeid`, `job_category_id`, `job_type_id`, `pass_fail`, `comment`, `created_by`, `created_date`, `status`) VALUES ('22', '33', '3', '13', '0', 'its done', '1', '2019-10-22', 1);
INSERT INTO `package_tbl` (`job_id`, `inspection_job_typeid`, `job_category_id`, `job_type_id`, `pass_fail`, `comment`, `created_by`, `created_date`, `status`) VALUES ('22', '33', '3', '14', '1', 'its done', '1', '2019-10-22', 1);
INSERT INTO `package_tbl` (`job_id`, `inspection_job_typeid`, `job_category_id`, `job_type_id`, `pass_fail`, `comment`, `created_by`, `created_date`, `status`) VALUES ('22', '33', '3', '15', '0', 'its done', '1', '2019-10-22', 1);
INSERT INTO `package_tbl` (`job_id`, `inspection_job_typeid`, `job_category_id`, `job_type_id`, `pass_fail`, `comment`, `created_by`, `created_date`, `status`) VALUES ('22', '33', '5', '16', '1', 'its done', '1', '2019-10-22', 1);
INSERT INTO `package_tbl` (`job_id`, `inspection_job_typeid`, `job_category_id`, `job_type_id`, `pass_fail`, `comment`, `created_by`, `created_date`, `status`) VALUES ('22', '33', '5', '17', '0', 'its done', '1', '2019-10-22', 1);
INSERT INTO `package_tbl` (`job_id`, `inspection_job_typeid`, `job_category_id`, `job_type_id`, `pass_fail`, `comment`, `created_by`, `created_date`, `status`) VALUES ('22', '33', '5', '18', '0', 'its done', '1', '2019-10-22', 1);
INSERT INTO `package_tbl` (`job_id`, `inspection_job_typeid`, `job_category_id`, `job_type_id`, `pass_fail`, `comment`, `created_by`, `created_date`, `status`) VALUES ('22', '33', '5', '19', '1', 'its done', '1', '2019-10-22', 1);
INSERT INTO `package_tbl` (`job_id`, `inspection_job_typeid`, `job_category_id`, `job_type_id`, `pass_fail`, `comment`, `created_by`, `created_date`, `status`) VALUES ('22', '33', '5', '20', '1', 'its done', '1', '2019-10-22', 1);
INSERT INTO `package_tbl` (`job_id`, `inspection_job_typeid`, `job_category_id`, `job_type_id`, `pass_fail`, `comment`, `created_by`, `created_date`, `status`) VALUES ('22', '33', '5', '21', '0', 'its done', '1', '2019-10-22', 1);
INSERT INTO `package_tbl` (`job_id`, `inspection_job_typeid`, `job_category_id`, `job_type_id`, `pass_fail`, `comment`, `created_by`, `created_date`, `status`) VALUES ('22', '33', '5', '22', '0', 'its done', '1', '2019-10-22', 1);
INSERT INTO `package_tbl` (`job_id`, `inspection_job_typeid`, `job_category_id`, `job_type_id`, `pass_fail`, `comment`, `created_by`, `created_date`, `status`) VALUES ('22', '33', '5', '23', '0', 'its done', '1', '2019-10-22', 1);
INSERT INTO `package_tbl` (`job_id`, `inspection_job_typeid`, `job_category_id`, `job_type_id`, `pass_fail`, `comment`, `created_by`, `created_date`, `status`) VALUES ('22', '33', '6', '24', '1', 'its done', '1', '2019-10-22', 1);
INSERT INTO `package_tbl` (`job_id`, `inspection_job_typeid`, `job_category_id`, `job_type_id`, `pass_fail`, `comment`, `created_by`, `created_date`, `status`) VALUES ('22', '33', '6', '25', '0', 'its done', '1', '2019-10-22', 1);
INSERT INTO `package_tbl` (`job_id`, `inspection_job_typeid`, `job_category_id`, `job_type_id`, `pass_fail`, `comment`, `created_by`, `created_date`, `status`) VALUES ('22', '33', '6', '26', '1', 'its done', '1', '2019-10-22', 1);
INSERT INTO `package_tbl` (`job_id`, `inspection_job_typeid`, `job_category_id`, `job_type_id`, `pass_fail`, `comment`, `created_by`, `created_date`, `status`) VALUES ('22', '33', '6', '27', '1', 'its done', '1', '2019-10-22', 1);
INSERT INTO `package_tbl` (`job_id`, `inspection_job_typeid`, `job_category_id`, `job_type_id`, `pass_fail`, `comment`, `created_by`, `created_date`, `status`) VALUES ('22', '33', '6', '28', '0', 'its done', '1', '2019-10-22', 1);
INSERT INTO `package_tbl` (`job_id`, `inspection_job_typeid`, `job_category_id`, `job_type_id`, `pass_fail`, `comment`, `created_by`, `created_date`, `status`) VALUES ('22', '33', '7', '30', '1', 'its done', '1', '2019-10-22', 1);
INSERT INTO `package_tbl` (`job_id`, `inspection_job_typeid`, `job_category_id`, `job_type_id`, `pass_fail`, `comment`, `created_by`, `created_date`, `status`) VALUES ('22', '33', '7', '31', '0', 'its done', '1', '2019-10-22', 1);
INSERT INTO `package_tbl` (`job_id`, `inspection_job_typeid`, `job_category_id`, `job_type_id`, `pass_fail`, `comment`, `created_by`, `created_date`, `status`) VALUES ('22', '33', '7', '32', '0', 'its done', '1', '2019-10-22', 1);
DELETE FROM `package_tbl`
WHERE `inspection_job_typeid` = '33'
AND `job_id` = '22';
INSERT INTO `package_tbl` (`job_id`, `inspection_job_typeid`, `job_category_id`, `job_type_id`, `pass_fail`, `comment`, `created_by`, `created_date`, `status`) VALUES ('22', '33', '2', '1', '0', 'its done ok', '1', '2019-10-22', 1);
INSERT INTO `package_tbl` (`job_id`, `inspection_job_typeid`, `job_category_id`, `job_type_id`, `pass_fail`, `comment`, `created_by`, `created_date`, `status`) VALUES ('22', '33', '2', '3', '1', 'its done ok', '1', '2019-10-22', 1);
INSERT INTO `package_tbl` (`job_id`, `inspection_job_typeid`, `job_category_id`, `job_type_id`, `pass_fail`, `comment`, `created_by`, `created_date`, `status`) VALUES ('22', '33', '2', '4', '1', 'its done ok', '1', '2019-10-22', 1);
INSERT INTO `package_tbl` (`job_id`, `inspection_job_typeid`, `job_category_id`, `job_type_id`, `pass_fail`, `comment`, `created_by`, `created_date`, `status`) VALUES ('22', '33', '2', '5', '0', 'its done ok', '1', '2019-10-22', 1);
INSERT INTO `package_tbl` (`job_id`, `inspection_job_typeid`, `job_category_id`, `job_type_id`, `pass_fail`, `comment`, `created_by`, `created_date`, `status`) VALUES ('22', '33', '2', '6', '0', 'its done ok', '1', '2019-10-22', 1);
INSERT INTO `package_tbl` (`job_id`, `inspection_job_typeid`, `job_category_id`, `job_type_id`, `pass_fail`, `comment`, `created_by`, `created_date`, `status`) VALUES ('22', '33', '2', '7', '0', 'its done ok', '1', '2019-10-22', 1);
INSERT INTO `package_tbl` (`job_id`, `inspection_job_typeid`, `job_category_id`, `job_type_id`, `pass_fail`, `comment`, `created_by`, `created_date`, `status`) VALUES ('22', '33', '2', '8', '0', 'its done ok', '1', '2019-10-22', 1);
INSERT INTO `package_tbl` (`job_id`, `inspection_job_typeid`, `job_category_id`, `job_type_id`, `pass_fail`, `comment`, `created_by`, `created_date`, `status`) VALUES ('22', '33', '2', '9', '0', 'its done ok', '1', '2019-10-22', 1);
INSERT INTO `package_tbl` (`job_id`, `inspection_job_typeid`, `job_category_id`, `job_type_id`, `pass_fail`, `comment`, `created_by`, `created_date`, `status`) VALUES ('22', '33', '2', '10', '0', 'its done ok', '1', '2019-10-22', 1);
INSERT INTO `package_tbl` (`job_id`, `inspection_job_typeid`, `job_category_id`, `job_type_id`, `pass_fail`, `comment`, `created_by`, `created_date`, `status`) VALUES ('22', '33', '3', '11', '0', 'its done ok', '1', '2019-10-22', 1);
INSERT INTO `package_tbl` (`job_id`, `inspection_job_typeid`, `job_category_id`, `job_type_id`, `pass_fail`, `comment`, `created_by`, `created_date`, `status`) VALUES ('22', '33', '3', '12', '0', 'its done ok', '1', '2019-10-22', 1);
INSERT INTO `package_tbl` (`job_id`, `inspection_job_typeid`, `job_category_id`, `job_type_id`, `pass_fail`, `comment`, `created_by`, `created_date`, `status`) VALUES ('22', '33', '3', '13', '0', 'its done ok', '1', '2019-10-22', 1);
INSERT INTO `package_tbl` (`job_id`, `inspection_job_typeid`, `job_category_id`, `job_type_id`, `pass_fail`, `comment`, `created_by`, `created_date`, `status`) VALUES ('22', '33', '3', '14', '1', 'its done ok', '1', '2019-10-22', 1);
INSERT INTO `package_tbl` (`job_id`, `inspection_job_typeid`, `job_category_id`, `job_type_id`, `pass_fail`, `comment`, `created_by`, `created_date`, `status`) VALUES ('22', '33', '3', '15', '1', 'its done ok', '1', '2019-10-22', 1);
INSERT INTO `package_tbl` (`job_id`, `inspection_job_typeid`, `job_category_id`, `job_type_id`, `pass_fail`, `comment`, `created_by`, `created_date`, `status`) VALUES ('22', '33', '5', '16', '1', 'its done ok', '1', '2019-10-22', 1);
INSERT INTO `package_tbl` (`job_id`, `inspection_job_typeid`, `job_category_id`, `job_type_id`, `pass_fail`, `comment`, `created_by`, `created_date`, `status`) VALUES ('22', '33', '5', '17', '0', 'its done ok', '1', '2019-10-22', 1);
INSERT INTO `package_tbl` (`job_id`, `inspection_job_typeid`, `job_category_id`, `job_type_id`, `pass_fail`, `comment`, `created_by`, `created_date`, `status`) VALUES ('22', '33', '5', '18', '0', 'its done ok', '1', '2019-10-22', 1);
INSERT INTO `package_tbl` (`job_id`, `inspection_job_typeid`, `job_category_id`, `job_type_id`, `pass_fail`, `comment`, `created_by`, `created_date`, `status`) VALUES ('22', '33', '5', '19', '1', 'its done ok', '1', '2019-10-22', 1);
INSERT INTO `package_tbl` (`job_id`, `inspection_job_typeid`, `job_category_id`, `job_type_id`, `pass_fail`, `comment`, `created_by`, `created_date`, `status`) VALUES ('22', '33', '5', '20', '1', 'its done ok', '1', '2019-10-22', 1);
INSERT INTO `package_tbl` (`job_id`, `inspection_job_typeid`, `job_category_id`, `job_type_id`, `pass_fail`, `comment`, `created_by`, `created_date`, `status`) VALUES ('22', '33', '5', '21', '0', 'its done ok', '1', '2019-10-22', 1);
INSERT INTO `package_tbl` (`job_id`, `inspection_job_typeid`, `job_category_id`, `job_type_id`, `pass_fail`, `comment`, `created_by`, `created_date`, `status`) VALUES ('22', '33', '5', '22', '0', 'its done ok', '1', '2019-10-22', 1);
INSERT INTO `package_tbl` (`job_id`, `inspection_job_typeid`, `job_category_id`, `job_type_id`, `pass_fail`, `comment`, `created_by`, `created_date`, `status`) VALUES ('22', '33', '5', '23', '0', 'its done ok', '1', '2019-10-22', 1);
INSERT INTO `package_tbl` (`job_id`, `inspection_job_typeid`, `job_category_id`, `job_type_id`, `pass_fail`, `comment`, `created_by`, `created_date`, `status`) VALUES ('22', '33', '6', '24', '1', 'its done ok', '1', '2019-10-22', 1);
INSERT INTO `package_tbl` (`job_id`, `inspection_job_typeid`, `job_category_id`, `job_type_id`, `pass_fail`, `comment`, `created_by`, `created_date`, `status`) VALUES ('22', '33', '6', '25', '0', 'its done ok', '1', '2019-10-22', 1);
INSERT INTO `package_tbl` (`job_id`, `inspection_job_typeid`, `job_category_id`, `job_type_id`, `pass_fail`, `comment`, `created_by`, `created_date`, `status`) VALUES ('22', '33', '6', '26', '1', 'its done ok', '1', '2019-10-22', 1);
INSERT INTO `package_tbl` (`job_id`, `inspection_job_typeid`, `job_category_id`, `job_type_id`, `pass_fail`, `comment`, `created_by`, `created_date`, `status`) VALUES ('22', '33', '6', '27', '1', 'its done ok', '1', '2019-10-22', 1);
INSERT INTO `package_tbl` (`job_id`, `inspection_job_typeid`, `job_category_id`, `job_type_id`, `pass_fail`, `comment`, `created_by`, `created_date`, `status`) VALUES ('22', '33', '6', '28', '0', 'its done ok', '1', '2019-10-22', 1);
INSERT INTO `package_tbl` (`job_id`, `inspection_job_typeid`, `job_category_id`, `job_type_id`, `pass_fail`, `comment`, `created_by`, `created_date`, `status`) VALUES ('22', '33', '7', '30', '1', 'its done ok', '1', '2019-10-22', 1);
INSERT INTO `package_tbl` (`job_id`, `inspection_job_typeid`, `job_category_id`, `job_type_id`, `pass_fail`, `comment`, `created_by`, `created_date`, `status`) VALUES ('22', '33', '7', '31', '0', 'its done ok', '1', '2019-10-22', 1);
INSERT INTO `package_tbl` (`job_id`, `inspection_job_typeid`, `job_category_id`, `job_type_id`, `pass_fail`, `comment`, `created_by`, `created_date`, `status`) VALUES ('22', '33', '7', '32', '0', 'its done ok', '1', '2019-10-22', 1);
DELETE FROM `package_tbl`
WHERE `inspection_job_typeid` = '33'
AND `job_id` = '22';
INSERT INTO `package_tbl` (`job_id`, `inspection_job_typeid`, `job_category_id`, `job_type_id`, `pass_fail`, `comment`, `created_by`, `created_date`, `status`) VALUES ('22', '33', '2', '1', '1', 'its done ok', '1', '2019-10-22', 1);
INSERT INTO `package_tbl` (`job_id`, `inspection_job_typeid`, `job_category_id`, `job_type_id`, `pass_fail`, `comment`, `created_by`, `created_date`, `status`) VALUES ('22', '33', '2', '3', '1', 'its done ok', '1', '2019-10-22', 1);
INSERT INTO `package_tbl` (`job_id`, `inspection_job_typeid`, `job_category_id`, `job_type_id`, `pass_fail`, `comment`, `created_by`, `created_date`, `status`) VALUES ('22', '33', '2', '4', '1', 'its done ok', '1', '2019-10-22', 1);
INSERT INTO `package_tbl` (`job_id`, `inspection_job_typeid`, `job_category_id`, `job_type_id`, `pass_fail`, `comment`, `created_by`, `created_date`, `status`) VALUES ('22', '33', '2', '5', '0', 'its done ok', '1', '2019-10-22', 1);
INSERT INTO `package_tbl` (`job_id`, `inspection_job_typeid`, `job_category_id`, `job_type_id`, `pass_fail`, `comment`, `created_by`, `created_date`, `status`) VALUES ('22', '33', '2', '6', '0', 'its done ok', '1', '2019-10-22', 1);
INSERT INTO `package_tbl` (`job_id`, `inspection_job_typeid`, `job_category_id`, `job_type_id`, `pass_fail`, `comment`, `created_by`, `created_date`, `status`) VALUES ('22', '33', '2', '7', '0', 'its done ok', '1', '2019-10-22', 1);
INSERT INTO `package_tbl` (`job_id`, `inspection_job_typeid`, `job_category_id`, `job_type_id`, `pass_fail`, `comment`, `created_by`, `created_date`, `status`) VALUES ('22', '33', '2', '8', '0', 'its done ok', '1', '2019-10-22', 1);
INSERT INTO `package_tbl` (`job_id`, `inspection_job_typeid`, `job_category_id`, `job_type_id`, `pass_fail`, `comment`, `created_by`, `created_date`, `status`) VALUES ('22', '33', '2', '9', '0', 'its done ok', '1', '2019-10-22', 1);
INSERT INTO `package_tbl` (`job_id`, `inspection_job_typeid`, `job_category_id`, `job_type_id`, `pass_fail`, `comment`, `created_by`, `created_date`, `status`) VALUES ('22', '33', '2', '10', '0', 'its done ok', '1', '2019-10-22', 1);
INSERT INTO `package_tbl` (`job_id`, `inspection_job_typeid`, `job_category_id`, `job_type_id`, `pass_fail`, `comment`, `created_by`, `created_date`, `status`) VALUES ('22', '33', '3', '11', '0', 'its done ok', '1', '2019-10-22', 1);
INSERT INTO `package_tbl` (`job_id`, `inspection_job_typeid`, `job_category_id`, `job_type_id`, `pass_fail`, `comment`, `created_by`, `created_date`, `status`) VALUES ('22', '33', '3', '12', '0', 'its done ok', '1', '2019-10-22', 1);
INSERT INTO `package_tbl` (`job_id`, `inspection_job_typeid`, `job_category_id`, `job_type_id`, `pass_fail`, `comment`, `created_by`, `created_date`, `status`) VALUES ('22', '33', '3', '13', '0', 'its done ok', '1', '2019-10-22', 1);
INSERT INTO `package_tbl` (`job_id`, `inspection_job_typeid`, `job_category_id`, `job_type_id`, `pass_fail`, `comment`, `created_by`, `created_date`, `status`) VALUES ('22', '33', '3', '14', '1', 'its done ok', '1', '2019-10-22', 1);
INSERT INTO `package_tbl` (`job_id`, `inspection_job_typeid`, `job_category_id`, `job_type_id`, `pass_fail`, `comment`, `created_by`, `created_date`, `status`) VALUES ('22', '33', '3', '15', '1', 'its done ok', '1', '2019-10-22', 1);
INSERT INTO `package_tbl` (`job_id`, `inspection_job_typeid`, `job_category_id`, `job_type_id`, `pass_fail`, `comment`, `created_by`, `created_date`, `status`) VALUES ('22', '33', '5', '16', '1', 'its done ok', '1', '2019-10-22', 1);
INSERT INTO `package_tbl` (`job_id`, `inspection_job_typeid`, `job_category_id`, `job_type_id`, `pass_fail`, `comment`, `created_by`, `created_date`, `status`) VALUES ('22', '33', '5', '17', '0', 'its done ok', '1', '2019-10-22', 1);
INSERT INTO `package_tbl` (`job_id`, `inspection_job_typeid`, `job_category_id`, `job_type_id`, `pass_fail`, `comment`, `created_by`, `created_date`, `status`) VALUES ('22', '33', '5', '18', '0', 'its done ok', '1', '2019-10-22', 1);
INSERT INTO `package_tbl` (`job_id`, `inspection_job_typeid`, `job_category_id`, `job_type_id`, `pass_fail`, `comment`, `created_by`, `created_date`, `status`) VALUES ('22', '33', '5', '19', '1', 'its done ok', '1', '2019-10-22', 1);
INSERT INTO `package_tbl` (`job_id`, `inspection_job_typeid`, `job_category_id`, `job_type_id`, `pass_fail`, `comment`, `created_by`, `created_date`, `status`) VALUES ('22', '33', '5', '20', '1', 'its done ok', '1', '2019-10-22', 1);
INSERT INTO `package_tbl` (`job_id`, `inspection_job_typeid`, `job_category_id`, `job_type_id`, `pass_fail`, `comment`, `created_by`, `created_date`, `status`) VALUES ('22', '33', '5', '21', '0', 'its done ok', '1', '2019-10-22', 1);
INSERT INTO `package_tbl` (`job_id`, `inspection_job_typeid`, `job_category_id`, `job_type_id`, `pass_fail`, `comment`, `created_by`, `created_date`, `status`) VALUES ('22', '33', '5', '22', '0', 'its done ok', '1', '2019-10-22', 1);
INSERT INTO `package_tbl` (`job_id`, `inspection_job_typeid`, `job_category_id`, `job_type_id`, `pass_fail`, `comment`, `created_by`, `created_date`, `status`) VALUES ('22', '33', '5', '23', '0', 'its done ok', '1', '2019-10-22', 1);
INSERT INTO `package_tbl` (`job_id`, `inspection_job_typeid`, `job_category_id`, `job_type_id`, `pass_fail`, `comment`, `created_by`, `created_date`, `status`) VALUES ('22', '33', '6', '24', '1', 'its done ok', '1', '2019-10-22', 1);
INSERT INTO `package_tbl` (`job_id`, `inspection_job_typeid`, `job_category_id`, `job_type_id`, `pass_fail`, `comment`, `created_by`, `created_date`, `status`) VALUES ('22', '33', '6', '25', '0', 'its done ok', '1', '2019-10-22', 1);
INSERT INTO `package_tbl` (`job_id`, `inspection_job_typeid`, `job_category_id`, `job_type_id`, `pass_fail`, `comment`, `created_by`, `created_date`, `status`) VALUES ('22', '33', '6', '26', '1', 'its done ok', '1', '2019-10-22', 1);
INSERT INTO `package_tbl` (`job_id`, `inspection_job_typeid`, `job_category_id`, `job_type_id`, `pass_fail`, `comment`, `created_by`, `created_date`, `status`) VALUES ('22', '33', '6', '27', '1', 'its done ok', '1', '2019-10-22', 1);
INSERT INTO `package_tbl` (`job_id`, `inspection_job_typeid`, `job_category_id`, `job_type_id`, `pass_fail`, `comment`, `created_by`, `created_date`, `status`) VALUES ('22', '33', '6', '28', '0', 'its done ok', '1', '2019-10-22', 1);
INSERT INTO `package_tbl` (`job_id`, `inspection_job_typeid`, `job_category_id`, `job_type_id`, `pass_fail`, `comment`, `created_by`, `created_date`, `status`) VALUES ('22', '33', '7', '30', '1', 'its done ok', '1', '2019-10-22', 1);
INSERT INTO `package_tbl` (`job_id`, `inspection_job_typeid`, `job_category_id`, `job_type_id`, `pass_fail`, `comment`, `created_by`, `created_date`, `status`) VALUES ('22', '33', '7', '31', '0', 'its done ok', '1', '2019-10-22', 1);
INSERT INTO `package_tbl` (`job_id`, `inspection_job_typeid`, `job_category_id`, `job_type_id`, `pass_fail`, `comment`, `created_by`, `created_date`, `status`) VALUES ('22', '33', '7', '32', '0', 'its done ok', '1', '2019-10-22', 1);
DELETE FROM `package_tbl`
WHERE `inspection_job_typeid` = '33'
AND `job_id` = '22';
INSERT INTO `package_tbl` (`job_id`, `inspection_job_typeid`, `job_category_id`, `job_type_id`, `pass_fail`, `comment`, `created_by`, `created_date`, `status`) VALUES ('22', '33', '2', '1', '1', 'its done ok', '1', '2019-10-22', 1);
INSERT INTO `package_tbl` (`job_id`, `inspection_job_typeid`, `job_category_id`, `job_type_id`, `pass_fail`, `comment`, `created_by`, `created_date`, `status`) VALUES ('22', '33', '2', '3', '1', 'its done ok', '1', '2019-10-22', 1);
INSERT INTO `package_tbl` (`job_id`, `inspection_job_typeid`, `job_category_id`, `job_type_id`, `pass_fail`, `comment`, `created_by`, `created_date`, `status`) VALUES ('22', '33', '2', '4', '1', 'its done ok', '1', '2019-10-22', 1);
INSERT INTO `package_tbl` (`job_id`, `inspection_job_typeid`, `job_category_id`, `job_type_id`, `pass_fail`, `comment`, `created_by`, `created_date`, `status`) VALUES ('22', '33', '2', '5', '1', 'its done ok', '1', '2019-10-22', 1);
INSERT INTO `package_tbl` (`job_id`, `inspection_job_typeid`, `job_category_id`, `job_type_id`, `pass_fail`, `comment`, `created_by`, `created_date`, `status`) VALUES ('22', '33', '2', '6', '0', 'its done ok', '1', '2019-10-22', 1);
INSERT INTO `package_tbl` (`job_id`, `inspection_job_typeid`, `job_category_id`, `job_type_id`, `pass_fail`, `comment`, `created_by`, `created_date`, `status`) VALUES ('22', '33', '2', '7', '0', 'its done ok', '1', '2019-10-22', 1);
INSERT INTO `package_tbl` (`job_id`, `inspection_job_typeid`, `job_category_id`, `job_type_id`, `pass_fail`, `comment`, `created_by`, `created_date`, `status`) VALUES ('22', '33', '2', '8', '0', 'its done ok', '1', '2019-10-22', 1);
INSERT INTO `package_tbl` (`job_id`, `inspection_job_typeid`, `job_category_id`, `job_type_id`, `pass_fail`, `comment`, `created_by`, `created_date`, `status`) VALUES ('22', '33', '2', '9', '0', 'its done ok', '1', '2019-10-22', 1);
INSERT INTO `package_tbl` (`job_id`, `inspection_job_typeid`, `job_category_id`, `job_type_id`, `pass_fail`, `comment`, `created_by`, `created_date`, `status`) VALUES ('22', '33', '2', '10', '0', 'its done ok', '1', '2019-10-22', 1);
INSERT INTO `package_tbl` (`job_id`, `inspection_job_typeid`, `job_category_id`, `job_type_id`, `pass_fail`, `comment`, `created_by`, `created_date`, `status`) VALUES ('22', '33', '3', '11', '0', 'its done ok', '1', '2019-10-22', 1);
INSERT INTO `package_tbl` (`job_id`, `inspection_job_typeid`, `job_category_id`, `job_type_id`, `pass_fail`, `comment`, `created_by`, `created_date`, `status`) VALUES ('22', '33', '3', '12', '0', 'its done ok', '1', '2019-10-22', 1);
INSERT INTO `package_tbl` (`job_id`, `inspection_job_typeid`, `job_category_id`, `job_type_id`, `pass_fail`, `comment`, `created_by`, `created_date`, `status`) VALUES ('22', '33', '3', '13', '0', 'its done ok', '1', '2019-10-22', 1);
INSERT INTO `package_tbl` (`job_id`, `inspection_job_typeid`, `job_category_id`, `job_type_id`, `pass_fail`, `comment`, `created_by`, `created_date`, `status`) VALUES ('22', '33', '3', '14', '1', 'its done ok', '1', '2019-10-22', 1);
INSERT INTO `package_tbl` (`job_id`, `inspection_job_typeid`, `job_category_id`, `job_type_id`, `pass_fail`, `comment`, `created_by`, `created_date`, `status`) VALUES ('22', '33', '3', '15', '1', 'its done ok', '1', '2019-10-22', 1);
INSERT INTO `package_tbl` (`job_id`, `inspection_job_typeid`, `job_category_id`, `job_type_id`, `pass_fail`, `comment`, `created_by`, `created_date`, `status`) VALUES ('22', '33', '5', '16', '1', 'its done ok', '1', '2019-10-22', 1);
INSERT INTO `package_tbl` (`job_id`, `inspection_job_typeid`, `job_category_id`, `job_type_id`, `pass_fail`, `comment`, `created_by`, `created_date`, `status`) VALUES ('22', '33', '5', '17', '0', 'its done ok', '1', '2019-10-22', 1);
INSERT INTO `package_tbl` (`job_id`, `inspection_job_typeid`, `job_category_id`, `job_type_id`, `pass_fail`, `comment`, `created_by`, `created_date`, `status`) VALUES ('22', '33', '5', '18', '0', 'its done ok', '1', '2019-10-22', 1);
INSERT INTO `package_tbl` (`job_id`, `inspection_job_typeid`, `job_category_id`, `job_type_id`, `pass_fail`, `comment`, `created_by`, `created_date`, `status`) VALUES ('22', '33', '5', '19', '1', 'its done ok', '1', '2019-10-22', 1);
INSERT INTO `package_tbl` (`job_id`, `inspection_job_typeid`, `job_category_id`, `job_type_id`, `pass_fail`, `comment`, `created_by`, `created_date`, `status`) VALUES ('22', '33', '5', '20', '1', 'its done ok', '1', '2019-10-22', 1);
INSERT INTO `package_tbl` (`job_id`, `inspection_job_typeid`, `job_category_id`, `job_type_id`, `pass_fail`, `comment`, `created_by`, `created_date`, `status`) VALUES ('22', '33', '5', '21', '0', 'its done ok', '1', '2019-10-22', 1);
INSERT INTO `package_tbl` (`job_id`, `inspection_job_typeid`, `job_category_id`, `job_type_id`, `pass_fail`, `comment`, `created_by`, `created_date`, `status`) VALUES ('22', '33', '5', '22', '0', 'its done ok', '1', '2019-10-22', 1);
INSERT INTO `package_tbl` (`job_id`, `inspection_job_typeid`, `job_category_id`, `job_type_id`, `pass_fail`, `comment`, `created_by`, `created_date`, `status`) VALUES ('22', '33', '5', '23', '0', 'its done ok', '1', '2019-10-22', 1);
INSERT INTO `package_tbl` (`job_id`, `inspection_job_typeid`, `job_category_id`, `job_type_id`, `pass_fail`, `comment`, `created_by`, `created_date`, `status`) VALUES ('22', '33', '6', '24', '1', 'its done ok', '1', '2019-10-22', 1);
INSERT INTO `package_tbl` (`job_id`, `inspection_job_typeid`, `job_category_id`, `job_type_id`, `pass_fail`, `comment`, `created_by`, `created_date`, `status`) VALUES ('22', '33', '6', '25', '0', 'its done ok', '1', '2019-10-22', 1);
INSERT INTO `package_tbl` (`job_id`, `inspection_job_typeid`, `job_category_id`, `job_type_id`, `pass_fail`, `comment`, `created_by`, `created_date`, `status`) VALUES ('22', '33', '6', '26', '1', 'its done ok', '1', '2019-10-22', 1);
INSERT INTO `package_tbl` (`job_id`, `inspection_job_typeid`, `job_category_id`, `job_type_id`, `pass_fail`, `comment`, `created_by`, `created_date`, `status`) VALUES ('22', '33', '6', '27', '1', 'its done ok', '1', '2019-10-22', 1);
INSERT INTO `package_tbl` (`job_id`, `inspection_job_typeid`, `job_category_id`, `job_type_id`, `pass_fail`, `comment`, `created_by`, `created_date`, `status`) VALUES ('22', '33', '6', '28', '0', 'its done ok', '1', '2019-10-22', 1);
INSERT INTO `package_tbl` (`job_id`, `inspection_job_typeid`, `job_category_id`, `job_type_id`, `pass_fail`, `comment`, `created_by`, `created_date`, `status`) VALUES ('22', '33', '7', '30', '1', 'its done ok', '1', '2019-10-22', 1);
INSERT INTO `package_tbl` (`job_id`, `inspection_job_typeid`, `job_category_id`, `job_type_id`, `pass_fail`, `comment`, `created_by`, `created_date`, `status`) VALUES ('22', '33', '7', '31', '0', 'its done ok', '1', '2019-10-22', 1);
INSERT INTO `package_tbl` (`job_id`, `inspection_job_typeid`, `job_category_id`, `job_type_id`, `pass_fail`, `comment`, `created_by`, `created_date`, `status`) VALUES ('22', '33', '7', '32', '0', 'its done ok', '1', '2019-10-22', 1);
INSERT INTO `package_tbl` (`job_id`, `inspection_job_typeid`, `job_category_id`, `job_type_id`, `pass_fail`, `comment`, `created_by`, `created_date`, `status`) VALUES ('32', '33', '2', '1', '0', 'demo', '1', '2019-10-22', 1);
INSERT INTO `package_tbl` (`job_id`, `inspection_job_typeid`, `job_category_id`, `job_type_id`, `pass_fail`, `comment`, `created_by`, `created_date`, `status`) VALUES ('32', '33', '2', '3', NULL, 'demo', '1', '2019-10-22', 1);
INSERT INTO `package_tbl` (`job_id`, `inspection_job_typeid`, `job_category_id`, `job_type_id`, `pass_fail`, `comment`, `created_by`, `created_date`, `status`) VALUES ('32', '33', '2', '4', '1', 'demo', '1', '2019-10-22', 1);
INSERT INTO `package_tbl` (`job_id`, `inspection_job_typeid`, `job_category_id`, `job_type_id`, `pass_fail`, `comment`, `created_by`, `created_date`, `status`) VALUES ('32', '33', '2', '5', NULL, 'demo', '1', '2019-10-22', 1);
INSERT INTO `package_tbl` (`job_id`, `inspection_job_typeid`, `job_category_id`, `job_type_id`, `pass_fail`, `comment`, `created_by`, `created_date`, `status`) VALUES ('32', '33', '2', '6', '0', 'demo', '1', '2019-10-22', 1);
INSERT INTO `package_tbl` (`job_id`, `inspection_job_typeid`, `job_category_id`, `job_type_id`, `pass_fail`, `comment`, `created_by`, `created_date`, `status`) VALUES ('32', '33', '2', '7', '1', 'demo', '1', '2019-10-22', 1);
INSERT INTO `package_tbl` (`job_id`, `inspection_job_typeid`, `job_category_id`, `job_type_id`, `pass_fail`, `comment`, `created_by`, `created_date`, `status`) VALUES ('32', '33', '2', '8', NULL, 'demo', '1', '2019-10-22', 1);
INSERT INTO `package_tbl` (`job_id`, `inspection_job_typeid`, `job_category_id`, `job_type_id`, `pass_fail`, `comment`, `created_by`, `created_date`, `status`) VALUES ('32', '33', '2', '9', NULL, 'demo', '1', '2019-10-22', 1);
INSERT INTO `package_tbl` (`job_id`, `inspection_job_typeid`, `job_category_id`, `job_type_id`, `pass_fail`, `comment`, `created_by`, `created_date`, `status`) VALUES ('32', '33', '2', '10', '0', 'demo', '1', '2019-10-22', 1);
INSERT INTO `package_tbl` (`job_id`, `inspection_job_typeid`, `job_category_id`, `job_type_id`, `pass_fail`, `comment`, `created_by`, `created_date`, `status`) VALUES ('32', '33', '3', '11', NULL, 'demo', '1', '2019-10-22', 1);
INSERT INTO `package_tbl` (`job_id`, `inspection_job_typeid`, `job_category_id`, `job_type_id`, `pass_fail`, `comment`, `created_by`, `created_date`, `status`) VALUES ('32', '33', '3', '12', NULL, 'demo', '1', '2019-10-22', 1);
INSERT INTO `package_tbl` (`job_id`, `inspection_job_typeid`, `job_category_id`, `job_type_id`, `pass_fail`, `comment`, `created_by`, `created_date`, `status`) VALUES ('32', '33', '3', '13', NULL, 'demo', '1', '2019-10-22', 1);
INSERT INTO `package_tbl` (`job_id`, `inspection_job_typeid`, `job_category_id`, `job_type_id`, `pass_fail`, `comment`, `created_by`, `created_date`, `status`) VALUES ('32', '33', '3', '14', NULL, 'demo', '1', '2019-10-22', 1);
INSERT INTO `package_tbl` (`job_id`, `inspection_job_typeid`, `job_category_id`, `job_type_id`, `pass_fail`, `comment`, `created_by`, `created_date`, `status`) VALUES ('32', '33', '3', '15', NULL, 'demo', '1', '2019-10-22', 1);
INSERT INTO `package_tbl` (`job_id`, `inspection_job_typeid`, `job_category_id`, `job_type_id`, `pass_fail`, `comment`, `created_by`, `created_date`, `status`) VALUES ('32', '33', '5', '16', NULL, 'demo', '1', '2019-10-22', 1);
INSERT INTO `package_tbl` (`job_id`, `inspection_job_typeid`, `job_category_id`, `job_type_id`, `pass_fail`, `comment`, `created_by`, `created_date`, `status`) VALUES ('32', '33', '5', '17', NULL, 'demo', '1', '2019-10-22', 1);
INSERT INTO `package_tbl` (`job_id`, `inspection_job_typeid`, `job_category_id`, `job_type_id`, `pass_fail`, `comment`, `created_by`, `created_date`, `status`) VALUES ('32', '33', '5', '18', NULL, 'demo', '1', '2019-10-22', 1);
INSERT INTO `package_tbl` (`job_id`, `inspection_job_typeid`, `job_category_id`, `job_type_id`, `pass_fail`, `comment`, `created_by`, `created_date`, `status`) VALUES ('32', '33', '5', '19', NULL, 'demo', '1', '2019-10-22', 1);
INSERT INTO `package_tbl` (`job_id`, `inspection_job_typeid`, `job_category_id`, `job_type_id`, `pass_fail`, `comment`, `created_by`, `created_date`, `status`) VALUES ('32', '33', '5', '20', NULL, 'demo', '1', '2019-10-22', 1);
INSERT INTO `package_tbl` (`job_id`, `inspection_job_typeid`, `job_category_id`, `job_type_id`, `pass_fail`, `comment`, `created_by`, `created_date`, `status`) VALUES ('32', '33', '5', '21', NULL, 'demo', '1', '2019-10-22', 1);
INSERT INTO `package_tbl` (`job_id`, `inspection_job_typeid`, `job_category_id`, `job_type_id`, `pass_fail`, `comment`, `created_by`, `created_date`, `status`) VALUES ('32', '33', '5', '22', NULL, 'demo', '1', '2019-10-22', 1);
INSERT INTO `package_tbl` (`job_id`, `inspection_job_typeid`, `job_category_id`, `job_type_id`, `pass_fail`, `comment`, `created_by`, `created_date`, `status`) VALUES ('32', '33', '5', '23', NULL, 'demo', '1', '2019-10-22', 1);
INSERT INTO `package_tbl` (`job_id`, `inspection_job_typeid`, `job_category_id`, `job_type_id`, `pass_fail`, `comment`, `created_by`, `created_date`, `status`) VALUES ('32', '33', '6', '24', '1', 'demo', '1', '2019-10-22', 1);
INSERT INTO `package_tbl` (`job_id`, `inspection_job_typeid`, `job_category_id`, `job_type_id`, `pass_fail`, `comment`, `created_by`, `created_date`, `status`) VALUES ('32', '33', '6', '25', NULL, 'demo', '1', '2019-10-22', 1);
INSERT INTO `package_tbl` (`job_id`, `inspection_job_typeid`, `job_category_id`, `job_type_id`, `pass_fail`, `comment`, `created_by`, `created_date`, `status`) VALUES ('32', '33', '6', '26', NULL, 'demo', '1', '2019-10-22', 1);
INSERT INTO `package_tbl` (`job_id`, `inspection_job_typeid`, `job_category_id`, `job_type_id`, `pass_fail`, `comment`, `created_by`, `created_date`, `status`) VALUES ('32', '33', '6', '27', NULL, 'demo', '1', '2019-10-22', 1);
INSERT INTO `package_tbl` (`job_id`, `inspection_job_typeid`, `job_category_id`, `job_type_id`, `pass_fail`, `comment`, `created_by`, `created_date`, `status`) VALUES ('32', '33', '6', '28', '0', 'demo', '1', '2019-10-22', 1);
INSERT INTO `package_tbl` (`job_id`, `inspection_job_typeid`, `job_category_id`, `job_type_id`, `pass_fail`, `comment`, `created_by`, `created_date`, `status`) VALUES ('32', '33', '7', '30', '1', 'demo', '1', '2019-10-22', 1);
INSERT INTO `package_tbl` (`job_id`, `inspection_job_typeid`, `job_category_id`, `job_type_id`, `pass_fail`, `comment`, `created_by`, `created_date`, `status`) VALUES ('32', '33', '7', '31', NULL, 'demo', '1', '2019-10-22', 1);
INSERT INTO `package_tbl` (`job_id`, `inspection_job_typeid`, `job_category_id`, `job_type_id`, `pass_fail`, `comment`, `created_by`, `created_date`, `status`) VALUES ('32', '33', '7', '32', '0', 'demo', '1', '2019-10-22', 1);
UPDATE `sub_module` SET `status` = 0
WHERE `id` = '159';
UPDATE `sub_module` SET `status` = 0
WHERE `id` = '45';
INSERT INTO `job` (`customer_id`, `work_order_no`, `vehicle_id`, `schedule_date_time`, `delivery_date_time`, `customer_ref`, `job_description`, `alert_via`, `create_by`, `create_date`, `status`) VALUES ('PBYX89KNGFCAUPP', '8-1571806744', '8', '2019-10-23 07:00', '2019-10-23 11:00', '', '', 'email', '1', '2019-10-23 06:59:37', 1);
INSERT INTO `job_details` (`job_id`, `job_type_id`, `assign_to`, `rate`, `client_notes`, `status`) VALUES (33, '1', 'XDG8P8VIGRE4FWF', '250', '', 0);
DELETE FROM `job_details`
WHERE `job_id` = '33';
INSERT INTO `job_details` (`job_id`, `job_type_id`, `rate`, `assign_to`, `start_datetime`, `end_datetime`, `spent_time`, `mechanic_notes`, `status`) VALUES ('33', '1', '250', 'XDG8P8VIGRE4FWF', '2019-10-23 10:00', '2019-10-23 12:00', '2', '', 3);
INSERT INTO `job_products_used` (`job_id`, `product_id`, `available_qty`, `rate`, `used_qty`, `mechanic_note`) VALUES ('33', '67154621', '33', '500', '1', '');
INSERT INTO `job_products_used` (`job_id`, `product_id`, `available_qty`, `rate`, `used_qty`, `mechanic_note`) VALUES ('33', '97342595', '24', '10000', '1', '');
UPDATE `job` SET `recommendation` = 'demo', `odometer` = '10', `hubo_meter` = '20', `hour_meter` = '30', `cof_wof_date` = '2019-10-23', `registration_date` = '2019-10-23', `fuel_burn` = '20'
WHERE `job_id` = '33';
DELETE FROM `job_details`
WHERE `job_id` = '33';
INSERT INTO `job_details` (`job_id`, `job_type_id`, `rate`, `assign_to`, `start_datetime`, `end_datetime`, `spent_time`, `mechanic_notes`, `status`) VALUES ('33', '1', '250', 'XDG8P8VIGRE4FWF', '2019-10-23 10:00:00', '2019-10-23 12:00:00', '2', 'a', 3);
INSERT INTO `job_details` (`job_id`, `job_type_id`, `rate`, `assign_to`, `start_datetime`, `end_datetime`, `spent_time`, `mechanic_notes`, `status`) VALUES ('33', '30', '90', 'MIQ898T8P6C1VID', '2019-10-23 00:00', '', '', 'v', 1);
DELETE FROM `job_products_used`
WHERE `job_id` = '33';
INSERT INTO `job_products_used` (`job_id`, `product_id`, `available_qty`, `rate`, `used_qty`, `mechanic_note`) VALUES ('33', '67154621', '33', '500', '1', '');
INSERT INTO `job_products_used` (`job_id`, `product_id`, `available_qty`, `rate`, `used_qty`, `mechanic_note`) VALUES ('33', '97342595', '24', '10000', '1', '');
UPDATE `job` SET `recommendation` = 'demo', `odometer` = '10', `hubo_meter` = '20', `hour_meter` = '30', `cof_wof_date` = '2019-10-23', `registration_date` = '2019-10-23', `fuel_burn` = '20'
WHERE `job_id` = '33';
DELETE FROM `job_details`
WHERE `job_id` = '33';
INSERT INTO `job_details` (`job_id`, `job_type_id`, `rate`, `assign_to`, `start_datetime`, `end_datetime`, `spent_time`, `mechanic_notes`, `status`) VALUES ('33', '1', '250', 'XDG8P8VIGRE4FWF', '2019-10-23 10:00:00', '2019-10-23 12:00:00', '2', 'a', 3);
INSERT INTO `job_details` (`job_id`, `job_type_id`, `rate`, `assign_to`, `start_datetime`, `end_datetime`, `spent_time`, `mechanic_notes`, `status`) VALUES ('33', '30', '90', 'MIQ898T8P6C1VID', '2019-10-23 00:00:00', ' ', '', 'v', 1);
DELETE FROM `job_products_used`
WHERE `job_id` = '33';
INSERT INTO `job_products_used` (`job_id`, `product_id`, `available_qty`, `rate`, `used_qty`, `mechanic_note`) VALUES ('33', '67154621', '33', '500', '1', '');
INSERT INTO `job_products_used` (`job_id`, `product_id`, `available_qty`, `rate`, `used_qty`, `mechanic_note`) VALUES ('33', '97342595', '24', '10000', '1', '');
UPDATE `job` SET `recommendation` = 'demo', `odometer` = '10', `hubo_meter` = '20', `hour_meter` = '30', `cof_wof_date` = '2019-10-23', `registration_date` = '2019-10-23', `fuel_burn` = '20'
WHERE `job_id` = '33';
DELETE FROM `job_details`
WHERE `job_id` = '33';
INSERT INTO `job_details` (`job_id`, `job_type_id`, `rate`, `assign_to`, `start_datetime`, `end_datetime`, `spent_time`, `mechanic_notes`, `status`) VALUES ('33', '1', '250', 'XDG8P8VIGRE4FWF', '2019-10-23 10:00:00', '2019-10-23 12:00:00', '2', 'a', 3);
INSERT INTO `job_details` (`job_id`, `job_type_id`, `rate`, `assign_to`, `start_datetime`, `end_datetime`, `spent_time`, `mechanic_notes`, `status`) VALUES ('33', '30', '90', 'MIQ898T8P6C1VID', '2019-10-23 00:00:00', ' ', '', 'v', 1);
DELETE FROM `job_products_used`
WHERE `job_id` = '33';
INSERT INTO `job_products_used` (`job_id`, `product_id`, `available_qty`, `rate`, `used_qty`, `mechanic_note`) VALUES ('33', '67154621', '33', '500', '1', '');
INSERT INTO `job_products_used` (`job_id`, `product_id`, `available_qty`, `rate`, `used_qty`, `mechanic_note`) VALUES ('33', '97342595', '24', '10000', '1', '');
UPDATE `job` SET `recommendation` = 'demo', `odometer` = '10', `hubo_meter` = '20', `hour_meter` = '30', `cof_wof_date` = '2019-10-23', `registration_date` = '2019-10-23', `fuel_burn` = '20'
WHERE `job_id` = '33';
DELETE FROM `job_details`
WHERE `job_id` = '33';
INSERT INTO `job_details` (`job_id`, `job_type_id`, `rate`, `assign_to`, `start_datetime`, `end_datetime`, `spent_time`, `mechanic_notes`, `status`) VALUES ('33', '1', '250', 'XDG8P8VIGRE4FWF', '2019-10-23 10:00:00', '2019-10-23 12:00:00', '2', 'a', 3);
INSERT INTO `job_details` (`job_id`, `job_type_id`, `rate`, `assign_to`, `start_datetime`, `end_datetime`, `spent_time`, `mechanic_notes`, `status`) VALUES ('33', '30', '90', 'MIQ898T8P6C1VID', '', ' ', '', 'v', 0);
DELETE FROM `job_products_used`
WHERE `job_id` = '33';
INSERT INTO `job_products_used` (`job_id`, `product_id`, `available_qty`, `rate`, `used_qty`, `mechanic_note`) VALUES ('33', '67154621', '33', '500', '1', '');
INSERT INTO `job_products_used` (`job_id`, `product_id`, `available_qty`, `rate`, `used_qty`, `mechanic_note`) VALUES ('33', '97342595', '24', '10000', '1', '');
UPDATE `job` SET `recommendation` = 'demo', `odometer` = '10', `hubo_meter` = '20', `hour_meter` = '30', `cof_wof_date` = '2019-10-23', `registration_date` = '2019-10-23', `fuel_burn` = '20'
WHERE `job_id` = '33';
INSERT INTO `job` (`customer_id`, `work_order_no`, `vehicle_id`, `schedule_date_time`, `delivery_date_time`, `customer_ref`, `job_description`, `alert_via`, `create_by`, `create_date`, `status`) VALUES ('WY96Q26D9W3FORW', '7-1571808743', '7', '2019-10-24 06:00', '2019-10-24 13:00', '', 'demo', 'email', '1', '2019-10-23 07:33:04', 1);
INSERT INTO `job_details` (`job_id`, `job_type_id`, `assign_to`, `rate`, `client_notes`, `status`) VALUES (34, '3', 'XDG8P8VIGRE4FWF', '140', 'a', 0);
INSERT INTO `job_details` (`job_id`, `job_type_id`, `assign_to`, `rate`, `client_notes`, `status`) VALUES (34, '16', 'V3KOLUZ64G5BC4Q', '40', '', 0);
INSERT INTO `job_details` (`job_id`, `job_type_id`, `assign_to`, `rate`, `client_notes`, `status`) VALUES (34, '34', 'XDG8P8VIGRE4FWF', '54', '', 0);
DELETE FROM `job_details`
WHERE `job_id` = '34';
INSERT INTO `job_details` (`job_id`, `job_type_id`, `rate`, `assign_to`, `start_datetime`, `end_datetime`, `spent_time`, `mechanic_notes`, `status`) VALUES ('34', '3', '140', 'XDG8P8VIGRE4FWF', '2019-10-23 06:00', ' ', '', 'a', 1);
INSERT INTO `job_details` (`job_id`, `job_type_id`, `rate`, `assign_to`, `start_datetime`, `end_datetime`, `spent_time`, `mechanic_notes`, `status`) VALUES ('34', '16', '40', 'V3KOLUZ64G5BC4Q', ' ', ' ', '', ' b', 2);
INSERT INTO `job_details` (`job_id`, `job_type_id`, `rate`, `assign_to`, `start_datetime`, `end_datetime`, `spent_time`, `mechanic_notes`, `status`) VALUES ('34', '34', '54', 'XDG8P8VIGRE4FWF', '2019-10-23 07:00', ' ', '', 'c', 1);
INSERT INTO `job_products_used` (`job_id`, `product_id`, `available_qty`, `rate`, `used_qty`, `mechanic_note`) VALUES ('34', '67154621', '33', '500', '1', '');
UPDATE `job` SET `recommendation` = 'demo', `odometer` = '12', `hubo_meter` = '32', `hour_meter` = '23', `cof_wof_date` = '2019-10-23', `registration_date` = '2019-10-23', `fuel_burn` = '32'
WHERE `job_id` = '34';
DELETE FROM `job_details`
WHERE `job_id` = '34';
INSERT INTO `job_details` (`job_id`, `job_type_id`, `rate`, `assign_to`, `start_datetime`, `end_datetime`, `spent_time`, `mechanic_notes`, `status`) VALUES ('34', '3', '140', 'XDG8P8VIGRE4FWF', '2019-10-23 06:00:00', '2019-10-23 10:00', '4', 'a', 3);
INSERT INTO `job_details` (`job_id`, `job_type_id`, `rate`, `assign_to`, `start_datetime`, `end_datetime`, `spent_time`, `mechanic_notes`, `status`) VALUES ('34', '16', '40', 'V3KOLUZ64G5BC4Q', ' ', ' ', '', ' b', 2);
INSERT INTO `job_details` (`job_id`, `job_type_id`, `rate`, `assign_to`, `start_datetime`, `end_datetime`, `spent_time`, `mechanic_notes`, `status`) VALUES ('34', '34', '54', 'XDG8P8VIGRE4FWF', '2019-10-23 07:00:00', '2019-10-23 10:00', '3', 'c', 3);
DELETE FROM `job_products_used`
WHERE `job_id` = '34';
INSERT INTO `job_products_used` (`job_id`, `product_id`, `available_qty`, `rate`, `used_qty`, `mechanic_note`) VALUES ('34', '67154621', '33', '500', '1', '');
UPDATE `job` SET `recommendation` = 'demo', `odometer` = '12', `hubo_meter` = '32', `hour_meter` = '23', `cof_wof_date` = '2019-10-23', `registration_date` = '2019-10-23', `fuel_burn` = '32'
WHERE `job_id` = '34';
UPDATE `job` SET `status` = '3', `show_hide_status` = 0, `schedule_date_time` = '2019-10-24 06:00:00', `delivery_date_time` = '2019-10-24 13:00:00', `alert_via` = 'email'
WHERE `job_id` = '34';
INSERT INTO `customer_ledger` (`transaction_id`, `customer_id`, `invoice_no`, `date`, `amount`, `description`, `status`, `d_c`) VALUES ('STDENUWAA7K2SXU', 'WY96Q26D9W3FORW', '1392875445', '2019-10-23', '1316.7', 'Purchase by customer', 1, 'd');
INSERT INTO `customer_ledger` (`transaction_id`, `customer_id`, `receipt_no`, `date`, `amount`, `payment_type`, `invoice_no`, `description`, `status`, `d_c`) VALUES ('STDENUWAA7K2SXU', 'WY96Q26D9W3FORW', '7TTRRB8AGM', '2019-10-23', 0, 1, '1392875445', 'Paid by customer', 1, 'c');
INSERT INTO `transection` (`transaction_id`, `relation_id`, `transection_type`, `date_of_transection`, `transection_category`, `amount`, `transection_mood`, `is_transaction`, `description`) VALUES ('STDENUWAA7K2SXU', 'WY96Q26D9W3FORW', 2, '2019-10-23', 2, 0, 1, 0, 'Paid by customer');
INSERT INTO `acc_transaction` (`VNo`, `Vtype`, `VDate`, `COAID`, `Narration`, `Debit`, `Credit`, `IsPosted`, `CreateBy`, `CreateDate`, `IsAppove`) VALUES ('1392875445', 'INV', '2019-10-23 07:36:33', 10107, 'Inventory credit For Invoice No1392875445', 0, '', 1, '1', '2019-10-23 07:36:33', 1);
INSERT INTO `acc_transaction` (`VNo`, `Vtype`, `VDate`, `COAID`, `Narration`, `Debit`, `Credit`, `IsPosted`, `CreateBy`, `CreateDate`, `IsAppove`) VALUES ('1392875445', 'INV', '2019-10-23 07:36:33', '102030151', 'Customer debit For Invoice No1392875445', '1316.7', 0, 1, '1', '2019-10-23 07:36:33', 1);
INSERT INTO `invoice` (`job_id`, `invoice_id`, `customer_id`, `date`, `total_amount`, `labour_cost`, `create_date`, `total_tax`, `invoice`, `invoice_details`, `invoice_discount`, `total_discount`, `prevous_due`, `shipping_cost`, `sales_by`, `status`) VALUES ('34', '1392875445', 'WY96Q26D9W3FORW', '2019-10-23', '1316.7', '80.00', '2019-10-23', '5', 1022, '', '', '', '', '', '1', 1);
INSERT INTO `invoice_details` (`invoice_details_id`, `invoice_id`, `product_id`, `spent_time`, `quantity`, `rate`, `discount`, `description`, `discount_per`, `tax`, `paid_amount`, `due_amount`, `supplier_rate`, `total_price`, `status`) VALUES ('581312375363846', '1392875445', '3', '4', '1', '140', '', '', '', '', 0, 0, '', '140.00', 1);
INSERT INTO `invoice_details` (`invoice_details_id`, `invoice_id`, `product_id`, `spent_time`, `quantity`, `rate`, `discount`, `description`, `discount_per`, `tax`, `paid_amount`, `due_amount`, `supplier_rate`, `total_price`, `status`) VALUES ('346673422537447', '1392875445', '34', '3', '1', '54', '', '', '', '', 0, 0, '', '54.00', 1);
INSERT INTO `invoice_details` (`invoice_details_id`, `invoice_id`, `product_id`, `spent_time`, `quantity`, `rate`, `discount`, `description`, `discount_per`, `tax`, `paid_amount`, `due_amount`, `supplier_rate`, `total_price`, `status`) VALUES ('495984338819595', '1392875445', '67154621', '', '1', '500', '', '', '', '', 0, 0, '', '500.00', 1);
UPDATE `job` SET `is_invoice` = 1
WHERE `job_id` = '34';
INSERT INTO `booking_tbl` (`booking_time`, `title`, `booking_by`, `customer_id`, `registration_no`, `status`) VALUES ('2019-10-23 08:00', 'rte', '1', 'DTRN1PQXF5E1M3M', 'R-1001', 1);
INSERT INTO `booking_tbl` (`booking_time`, `title`, `booking_by`, `customer_id`, `registration_no`, `status`) VALUES ('2019-10-30 06:00', 'test 30 job booking', '1', 'DTRN1PQXF5E1M3M', 'R-1001', 1);
INSERT INTO `courtesy_booking` (`customer_id`, `vehicle_reg`, `start_date`, `end_date`, `booking_by`, `title`, `status`) VALUES ('DTRN1PQXF5E1M3M', 'R-2025', '2019-10-29', '2019-10-29', '1', 'test ', 1);
UPDATE `booking_tbl` SET `id` = '36', `booking_time` = '2019-10-30 08:00', `title` = 'test 30 job booking', `customer_id` = 'DTRN1PQXF5E1M3M', `registration_no` = '5'
WHERE `id` = '36';
UPDATE `booking_tbl` SET `id` = '36', `booking_time` = '2019-10-30 08:00', `title` = 'test 30 job booking', `customer_id` = 'DTRN1PQXF5E1M3M', `registration_no` = 'R-1001'
WHERE `id` = '36';
UPDATE `booking_tbl` SET `id` = '36', `booking_time` = '2019-10-30 08:00', `title` = 'test 30 job booking', `customer_id` = 'DTRN1PQXF5E1M3M', `registration_no` = 'R-1001'
WHERE `id` = '36';
INSERT INTO `supplier_information` (`supplier_id`, `supplier_name`, `address`, `phone`, `mobile`, `email`, `website`, `notification`, `payment_method`, `order_by`, `status`) VALUES ('UH8EEH64SAAHR7JN5JJI', 'B supplier', '', '024123456', '04212345678', 'supplier@gmail.com', '', 'sms', 'cash', 'phone', 1);
INSERT INTO `acc_coa` (`HeadCode`, `HeadName`, `PHeadName`, `HeadLevel`, `IsActive`, `IsTransaction`, `IsGL`, `HeadType`, `IsBudget`, `IsDepreciation`, `DepreciationRate`, `CreateBy`, `CreateDate`) VALUES ('5020200001', 'UH8EEH64SAAHR7JN5JJI-B supplier', 'Account Payable', '3', '1', '1', '0', 'L', '0', '0', '0', '1', '2019-10-23 12:50:03');
INSERT INTO `supplier_ledger` (`transaction_id`, `supplier_id`, `chalan_no`, `deposit_no`, `amount`, `description`, `payment_type`, `cheque_no`, `date`, `status`, `d_c`) VALUES ('VRFY2VN4K8', 'UH8EEH64SAAHR7JN5JJI', 'Adjustment ', NULL, 0, 'Previous adjustment with software', 'NA', 'NA', '2019-10-23', 1, 'c');
INSERT INTO `supplier_product` (`product_id`, `supplier_id`, `supplier_price`, `products_model`) VALUES ('98695122', 'UH8EEH64SAAHR7JN5JJI', '200', '1253');
INSERT INTO `product_information` (`product_id`, `product_name`, `category_id`, `unit`, `tax`, `serial_no`, `minimum_stock`, `reorder_level`, `product_location`, `global_markup`, `individual_markup`, `notes`, `price`, `product_model`, `product_details`, `image`, `status`) VALUES ('98695122', 'abs break', '2VGB4K5NTR21BC5', 'Piece', 0, '32123', '', '', '', '', '', '', '250', '1253', 'demo', 'http://localhost/bdtask/garegmanagement/my-assets/image/product.png', 1);
INSERT INTO `product_purchase` (`purchase_id`, `chalan_no`, `supplier_id`, `grand_total_amount`, `total_discount`, `purchase_date`, `purchase_details`, `status`) VALUES ('20191023130731', '12546', 'UH8EEH64SAAHR7JN5JJI', '20000.00', NULL, '2019-10-23', 'demo', 1);
INSERT INTO `acc_transaction` (`VNo`, `Vtype`, `VDate`, `COAID`, `Narration`, `Debit`, `Credit`, `IsPosted`, `CreateBy`, `CreateDate`, `IsAppove`) VALUES ('20191023130731', 'Purchase', '2019-10-23', 10107, 'Inventory Debit For Purchase No20191023130731', '20000.00', 0, 1, '1', '2019-10-23 13:07:31', 1);
INSERT INTO `acc_transaction` (`VNo`, `Vtype`, `VDate`, `COAID`, `Narration`, `Debit`, `Credit`, `IsPosted`, `CreateBy`, `CreateDate`, `IsAppove`) VALUES ('20191023130731', 'Purchase', '2019-10-23', '5020200001', 'Purchase No.20191023130731', 0, '20000.00', 1, '1', '2019-10-23', 1);
INSERT INTO `supplier_ledger` (`transaction_id`, `chalan_no`, `supplier_id`, `amount`, `date`, `description`, `status`, `d_c`) VALUES ('20191023130731', '12546', 'UH8EEH64SAAHR7JN5JJI', '20000.00', '2019-10-23', 'demo', 1, 'c');
INSERT INTO `product_purchase_details` (`purchase_detail_id`, `purchase_id`, `product_id`, `quantity`, `rate`, `total_amount`, `discount`, `status`) VALUES ('v0mF7kUbussWoba', '20191023130731', '98695122', '100', '200', '20000.00', NULL, 1);
INSERT INTO `supplier_ledger` (`transaction_id`, `supplier_id`, `chalan_no`, `date`, `description`, `amount`, `status`) VALUES ('20191023130731', 'UH8EEH64SAAHR7JN5JJI', 'FX7VSP7DG8', '2019-10-23', 'Return', -400, 1);
INSERT INTO `product_purchase_details` (`purchase_detail_id`, `purchase_id`, `product_id`, `quantity`, `rate`, `discount`, `total_amount`, `status`) VALUES ('v0mF7kUbussWoba', '20191023130731', '98695122', -2, '200.00', 0, -400, 1);
INSERT INTO `product_return` (`return_id`, `purchase_id`, `product_id`, `supplier_id`, `ret_qty`, `byy_qty`, `date_purchase`, `date_return`, `product_rate`, `deduction`, `total_deduct`, `total_ret_amount`, `net_total_amount`, `reason`, `usablity`) VALUES ('131665463921627', '20191023130731', '98695122', 'UH8EEH64SAAHR7JN5JJI', '2', '100.00', '2019-10-23', '2019-10-23', '200.00', '', '0.00', '400', '400.00', 'damange', '2');
INSERT INTO `supplier_ledger` (`transaction_id`, `supplier_id`, `chalan_no`, `date`, `description`, `amount`, `d_c`, `status`) VALUES ('20191023130731', 'UH8EEH64SAAHR7JN5JJI', 'COB8SGK2M4', '2019-10-23', 'Return', '600.00', 'd', 1);
INSERT INTO `product_purchase_details` (`purchase_detail_id`, `purchase_id`, `product_id`, `quantity`, `rate`, `discount`, `total_amount`, `status`) VALUES ('v0mF7kUbussWoba', '20191023130731', '98695122', -3, '200.00', 0, -600, 1);
INSERT INTO `product_return` (`return_id`, `purchase_id`, `product_id`, `supplier_id`, `ret_qty`, `byy_qty`, `date_purchase`, `date_return`, `product_rate`, `deduction`, `total_deduct`, `total_ret_amount`, `net_total_amount`, `reason`, `usablity`) VALUES ('555443842463129', '20191023130731', '98695122', 'UH8EEH64SAAHR7JN5JJI', '3', '100.00', '2019-10-23', '2019-10-23', '200.00', '', '0.00', '600', '600.00', 'damage 3 product', '2');
INSERT INTO `supplier_ledger` (`transaction_id`, `supplier_id`, `chalan_no`, `date`, `description`, `amount`, `d_c`, `status`) VALUES ('20191023130731', 'UH8EEH64SAAHR7JN5JJI', '174YI6KTQS', '2019-10-23', 'Return', '1000.00', 'd', 1);
INSERT INTO `product_purchase_details` (`purchase_detail_id`, `purchase_id`, `product_id`, `quantity`, `rate`, `discount`, `total_amount`, `status`) VALUES ('v0mF7kUbussWoba', '20191023130731', '98695122', -5, '200.00', 0, -1000, 1);
INSERT INTO `product_return` (`return_id`, `purchase_id`, `product_id`, `supplier_id`, `ret_qty`, `byy_qty`, `date_purchase`, `date_return`, `product_rate`, `deduction`, `total_deduct`, `total_ret_amount`, `net_total_amount`, `reason`, `usablity`) VALUES ('876886247939521', '20191023130731', '98695122', 'UH8EEH64SAAHR7JN5JJI', '5', '100.00', '2019-10-23', '2019-10-23', '200.00', '', '0.00', '1000', '1000.00', '', '2');
INSERT INTO `supplier_ledger` (`transaction_id`, `supplier_id`, `chalan_no`, `date`, `description`, `amount`, `d_c`, `status`) VALUES (NULL, NULL, 'LCS17JDPGE', '2019-10-23', 'Return', NULL, 'd', 1);
INSERT INTO `supplier_ledger` (`transaction_id`, `supplier_id`, `chalan_no`, `date`, `description`, `amount`, `d_c`, `status`) VALUES ('20191023130731', 'UH8EEH64SAAHR7JN5JJI', '6MJ3QE1TWI', '2019-10-23', 'Return', '200.00', 'd', 1);
INSERT INTO `product_purchase_details` (`purchase_detail_id`, `purchase_id`, `product_id`, `quantity`, `rate`, `discount`, `total_amount`, `status`) VALUES ('v0mF7kUbussWoba', '20191023130731', '98695122', -1, '200.00', 0, -200, 1);
INSERT INTO `product_return` (`return_id`, `purchase_id`, `product_id`, `supplier_id`, `ret_qty`, `byy_qty`, `date_purchase`, `date_return`, `product_rate`, `deduction`, `total_deduct`, `total_ret_amount`, `net_total_amount`, `reason`, `usablity`) VALUES ('697511896927534', '20191023130731', '98695122', 'UH8EEH64SAAHR7JN5JJI', '1', '100.00', '2019-10-23', '2019-10-23', '200.00', '', '0.00', '200', '200.00', '', '2');
INSERT INTO `supplier_ledger` (`transaction_id`, `supplier_id`, `chalan_no`, `date`, `description`, `amount`, `d_c`, `status`) VALUES ('20191023130731', 'UH8EEH64SAAHR7JN5JJI', 'DS7F1X37ZY', '2019-10-23', 'Return', '200.00', 'd', 1);
INSERT INTO `product_purchase_details` (`purchase_detail_id`, `purchase_id`, `product_id`, `quantity`, `rate`, `discount`, `total_amount`, `status`) VALUES ('v0mF7kUbussWoba', '20191023130731', '98695122', -1, '200.00', 0, -200, 1);
INSERT INTO `product_return` (`return_id`, `purchase_id`, `product_id`, `supplier_id`, `ret_qty`, `byy_qty`, `date_purchase`, `date_return`, `product_rate`, `deduction`, `total_deduct`, `total_ret_amount`, `net_total_amount`, `reason`, `usablity`) VALUES ('531447535568775', '20191023130731', '98695122', 'UH8EEH64SAAHR7JN5JJI', '1', '100.00', '2019-10-23', '2019-10-23', '200.00', '', '0.00', '200', '200.00', '', '2');
INSERT INTO `supplier_ledger` (`transaction_id`, `supplier_id`, `chalan_no`, `date`, `description`, `amount`, `d_c`, `status`) VALUES ('20191023130731', 'UH8EEH64SAAHR7JN5JJI', 'N1AOOQ6QSA', '2019-10-23', 'Return', '600.00', 'd', 1);
INSERT INTO `product_purchase_details` (`purchase_detail_id`, `purchase_id`, `product_id`, `quantity`, `rate`, `discount`, `total_amount`, `status`) VALUES ('v0mF7kUbussWoba', '20191023130731', '98695122', -3, '200.00', 0, -600, 1);
INSERT INTO `product_return` (`return_id`, `purchase_id`, `product_id`, `supplier_id`, `ret_qty`, `byy_qty`, `date_purchase`, `date_return`, `product_rate`, `deduction`, `total_deduct`, `total_ret_amount`, `net_total_amount`, `reason`, `usablity`) VALUES ('793871449252479', '20191023130731', '98695122', 'UH8EEH64SAAHR7JN5JJI', '3', '100.00', '2019-10-23', '2019-10-23', '200.00', '', '0.00', '600', '600.00', '', '2');
INSERT INTO `acc_transaction` (`VNo`, `Vtype`, `VDate`, `COAID`, `Narration`, `Debit`, `Credit`, `IsPosted`, `CreateBy`, `CreateDate`, `IsAppove`) VALUES ('PM-8', 'PM', '2019-10-23', '5020200001', '', '5000', 0, 1, '1', '2019-10-23 14:04:50', 1);
INSERT INTO `acc_transaction` (`VNo`, `Vtype`, `VDate`, `COAID`, `Narration`, `Debit`, `Credit`, `IsPosted`, `CreateBy`, `CreateDate`, `IsAppove`) VALUES ('PM-8', 'PM', '2019-10-23', 1020101, 'Cash in Hand For Voucher NoPM-8', 0, '5000', 1, '1', '2019-10-23 14:04:50', 1);
INSERT INTO `supplier_ledger` (`transaction_id`, `supplier_id`, `chalan_no`, `deposit_no`, `amount`, `description`, `payment_type`, `cheque_no`, `date`, `status`, `d_c`) VALUES ('PM-8', 'UH8EEH64SAAHR7JN5JJI', NULL, 'PM-8', '5000', 'Paid From Accounts', 1, '', '2019-10-23', 1, 'd');
INSERT INTO `customer_information` (`customer_id`, `customer_name`, `customer_phone`, `customer_mobile`, `customer_email`, `customer_skype`, `customer_address`, `company_name`, `company_number`, `vat_number`, `company_type`, `postal_address`, `physical_address`, `website`, `director_name`, `director_mobile`, `director_phone`, `director_address`, `trade_reference_1`, `trade_reference_2`, `trade_reference_3`, `status`, `notes`, `notifications`, `payment_method`, `payment_period`, `sales_discount_status`, `markup_discount`, `role_id`, `is_outside`) VALUES ('R795G1FI4ZRPWW2', 'Saifullah', '54654654', '545123', 'saifull@gmail.com', '', '', '', '', '', '', '', '', '', '', '', '', '', '', '', '', '1', '', 'sms', 'cash', '20', '', NULL, '3', 0);
INSERT INTO `user_login` (`user_id`, `username`, `password`, `user_type`, `status`) VALUES ('R795G1FI4ZRPWW2', 'saifull@gmail.com', '41d99b369894eb1ec3f461135132d8bb', '3', '1');
INSERT INTO `users` (`user_id`, `first_name`, `last_name`, `gender`, `date_of_birth`, `logo`, `status`) VALUES ('R795G1FI4ZRPWW2', 'Saifullah', '', '', '', '', '1');
INSERT INTO `sec_userrole` (`user_id`, `roleid`, `createby`, `createdate`) VALUES ('R795G1FI4ZRPWW2', '3', '1', '2019-10-23 14:08:23');
INSERT INTO `acc_coa` (`HeadCode`, `HeadName`, `PHeadName`, `HeadLevel`, `IsActive`, `IsTransaction`, `IsGL`, `HeadType`, `IsBudget`, `IsDepreciation`, `DepreciationRate`, `CreateBy`, `CreateDate`) VALUES ('1020301-8', 'R795G1FI4ZRPWW2-Saifullah', 'Customer Receivable', '4', '1', '1', '0', 'A', '0', '0', '0', '1', '2019-10-23 14:08:23');
INSERT INTO `customer_ledger` (`transaction_id`, `customer_id`, `invoice_no`, `receipt_no`, `amount`, `description`, `payment_type`, `cheque_no`, `date`, `status`, `d_c`) VALUES ('W69MFD6AIS', 'R795G1FI4ZRPWW2', 'NA', NULL, NULL, 'Previous adjustment with software', 'NA', 'NA', '2019-10-23', 1, 'd');
INSERT INTO `vehicle_information` (`customer_id`, `vehicle_registration`, `year`, `make`, `model`, `color`, `second_color`, `sub_model`, `body_style`, `vin`, `plate`, `engine_no`, `vehicle_type`, `seat`, `cc_rating`, `fuel_type`, `assembly_type`, `country_of_origin`, `gross_vehicle_mass`, `tyre_weight`, `wheelbase`, `axle`, `front_axle_rating`, `rear_axle_rating`, `create_by`, `create_date`) VALUES ('R795G1FI4ZRPWW2', '25252', '', '', '', '', '', '', '', 'V-2022', '', '25632', '1', '', '', 'Diesel', '', '', '', '', '', '', '', '', '1', '2019-10-23');
INSERT INTO `job` (`customer_id`, `work_order_no`, `vehicle_id`, `schedule_date_time`, `delivery_date_time`, `customer_ref`, `job_description`, `alert_via`, `create_by`, `create_date`, `status`) VALUES ('R795G1FI4ZRPWW2', '17-1571832663', '9', '2019-10-24 07:00', '2019-10-25 13:00', 'tanjil', '', 'sms', '1', '2019-10-23 14:11:51', 1);
INSERT INTO `job_details` (`job_id`, `job_type_id`, `assign_to`, `rate`, `client_notes`, `status`) VALUES (35, '3', 'XDG8P8VIGRE4FWF', '140', 'asdf', 0);
INSERT INTO `job_details` (`job_id`, `job_type_id`, `assign_to`, `rate`, `client_notes`, `status`) VALUES (35, '34', 'M6S1SCRL22A1T3Y', '54', '', 0);
DELETE FROM `job_details`
WHERE `job_id` = '35';
INSERT INTO `job_details` (`job_id`, `job_type_id`, `rate`, `assign_to`, `start_datetime`, `end_datetime`, `spent_time`, `mechanic_notes`, `status`) VALUES ('35', '3', '140', 'XDG8P8VIGRE4FWF', '2019-10-24 10:00', '2019-10-24 13:00', '3', '', 3);
INSERT INTO `job_details` (`job_id`, `job_type_id`, `rate`, `assign_to`, `start_datetime`, `end_datetime`, `spent_time`, `mechanic_notes`, `status`) VALUES ('35', '34', '54', 'M6S1SCRL22A1T3Y', '2019-10-24 14:00', '2019-10-24 17:00', '3', '', 3);
INSERT INTO `job_products_used` (`job_id`, `product_id`, `available_qty`, `rate`, `used_qty`, `mechanic_note`) VALUES ('35', '98695122', '85', '250', '10', 'test');
INSERT INTO `job_products_used` (`job_id`, `product_id`, `available_qty`, `rate`, `used_qty`, `mechanic_note`) VALUES ('35', '67154621', '32', '500', '2', 'ta');
UPDATE `job` SET `recommendation` = 'demo', `odometer` = '10', `hubo_meter` = '30', `hour_meter` = '10', `cof_wof_date` = '2019-10-24', `registration_date` = '2019-10-24', `fuel_burn` = '30'
WHERE `job_id` = '35';
UPDATE `job` SET `status` = '3', `show_hide_status` = 1, `schedule_date_time` = '2019-10-24 07:00:00', `delivery_date_time` = '2019-10-25 13:00:00', `alert_via` = 'sms'
WHERE `job_id` = '35';
INSERT INTO `customer_ledger` (`transaction_id`, `customer_id`, `invoice_no`, `date`, `amount`, `description`, `status`, `d_c`) VALUES ('BO4W3UDJJRSZV3W', 'R795G1FI4ZRPWW2', '7245476276', '2019-10-23', '4382.7', 'Purchase by customer', 1, 'd');
INSERT INTO `customer_ledger` (`transaction_id`, `customer_id`, `receipt_no`, `date`, `amount`, `payment_type`, `invoice_no`, `description`, `status`, `d_c`) VALUES ('BO4W3UDJJRSZV3W', 'R795G1FI4ZRPWW2', '995O1WEGCP', '2019-10-23', 0, 1, '7245476276', 'Paid by customer', 1, 'c');
INSERT INTO `transection` (`transaction_id`, `relation_id`, `transection_type`, `date_of_transection`, `transection_category`, `amount`, `transection_mood`, `is_transaction`, `description`) VALUES ('BO4W3UDJJRSZV3W', 'R795G1FI4ZRPWW2', 2, '2019-10-23', 2, 0, 1, 0, 'Paid by customer');
INSERT INTO `acc_transaction` (`VNo`, `Vtype`, `VDate`, `COAID`, `Narration`, `Debit`, `Credit`, `IsPosted`, `CreateBy`, `CreateDate`, `IsAppove`) VALUES ('7245476276', 'INV', '2019-10-23 14:24:41', 10107, 'Inventory credit For Invoice No7245476276', 0, '', 1, '1', '2019-10-23 14:24:41', 1);
INSERT INTO `acc_transaction` (`VNo`, `Vtype`, `VDate`, `COAID`, `Narration`, `Debit`, `Credit`, `IsPosted`, `CreateBy`, `CreateDate`, `IsAppove`) VALUES ('7245476276', 'INV', '2019-10-23 14:24:41', '1020301-8', 'Customer debit For Invoice No7245476276', '4382.7', 0, 1, '1', '2019-10-23 14:24:41', 1);
INSERT INTO `invoice` (`job_id`, `invoice_id`, `customer_id`, `date`, `total_amount`, `labour_cost`, `create_date`, `total_tax`, `invoice`, `invoice_details`, `invoice_discount`, `total_discount`, `prevous_due`, `shipping_cost`, `sales_by`, `status`) VALUES ('35', '7245476276', 'R795G1FI4ZRPWW2', '2019-10-23', '4382.7', '80.00', '2019-10-23', '5', 1023, '', '', '', '', '', '1', 1);
INSERT INTO `invoice_details` (`invoice_details_id`, `invoice_id`, `product_id`, `spent_time`, `quantity`, `rate`, `discount`, `description`, `discount_per`, `tax`, `paid_amount`, `due_amount`, `supplier_rate`, `total_price`, `status`) VALUES ('123938929597493', '7245476276', '3', '3', '1', '140', '', '', '', '', 0, 0, '', '140.00', 1);
INSERT INTO `invoice_details` (`invoice_details_id`, `invoice_id`, `product_id`, `spent_time`, `quantity`, `rate`, `discount`, `description`, `discount_per`, `tax`, `paid_amount`, `due_amount`, `supplier_rate`, `total_price`, `status`) VALUES ('418928768289274', '7245476276', '34', '3', '1', '54', '', '', '', '', 0, 0, '', '54.00', 1);
INSERT INTO `invoice_details` (`invoice_details_id`, `invoice_id`, `product_id`, `spent_time`, `quantity`, `rate`, `discount`, `description`, `discount_per`, `tax`, `paid_amount`, `due_amount`, `supplier_rate`, `total_price`, `status`) VALUES ('363327763415377', '7245476276', '98695122', 'N/A', '10', '250', '', '', '', '', 0, 0, '', '2,500.00', 1);
INSERT INTO `invoice_details` (`invoice_details_id`, `invoice_id`, `product_id`, `spent_time`, `quantity`, `rate`, `discount`, `description`, `discount_per`, `tax`, `paid_amount`, `due_amount`, `supplier_rate`, `total_price`, `status`) VALUES ('788966683353966', '7245476276', '67154621', 'N/A', '2', '500', '', '', '', '', 0, 0, '', '1,000.00', 1);
UPDATE `job` SET `is_invoice` = 1
WHERE `job_id` = '35';
INSERT INTO `custom_sms_tbl` (`gateway`, `from`, `to`, `message`, `created_date`, `created_by`) VALUES ('NEXMO', 'Md. Shahab udin', '545123', 'Dear Saifullah, Now your order is Completed!', '2019-10-23 02:24:43', '1');
INSERT INTO `customer_ledger` (`transaction_id`, `customer_id`, `invoice_no`, `date`, `description`, `amount`, `status`, `d_c`) VALUES ('BO4W3UDJJRSZV3W', 'R795G1FI4ZRPWW2', '7245476276', '2019-10-23', 'Return', '250.00', 1, 'c');
INSERT INTO `invoice_details` (`invoice_details_id`, `invoice_id`, `product_id`, `quantity`, `rate`, `discount`, `tax`, `supplier_rate`, `paid_amount`, `total_price`, `status`) VALUES ('345191381525145', '7245476276', '98695122', -1, '500.00', 0, 0, '200', -250, -250, 1);
INSERT INTO `product_return` (`return_id`, `invoice_id`, `product_id`, `customer_id`, `ret_qty`, `byy_qty`, `date_purchase`, `date_return`, `product_rate`, `deduction`, `total_deduct`, `total_tax`, `total_ret_amount`, `net_total_amount`, `reason`, `usablity`) VALUES ('883552914449686', '7245476276', '98695122', 'R795G1FI4ZRPWW2', '1', '2.00', '2019-10-23', '2019-10-23', '500.00', '', '', '0.00', '250', '250.00', '', '1');
INSERT INTO `acc_transaction` (`VNo`, `Vtype`, `VDate`, `COAID`, `Narration`, `Debit`, `Credit`, `IsPosted`, `CreateBy`, `CreateDate`, `IsAppove`) VALUES ('CR-7', 'CR', '2019-10-23', '1020301-8', '132 tk received', 0, '132', 1, '1', '2019-10-23 14:30:15', 1);
INSERT INTO `acc_transaction` (`VNo`, `Vtype`, `VDate`, `COAID`, `Narration`, `Debit`, `Credit`, `IsPosted`, `CreateBy`, `CreateDate`, `IsAppove`) VALUES ('CR-7', 'CR', '2019-10-23 14:30:15', 1020101, 'Cash in Hand For Voucher NoCR-7', '132', 0, 1, '1', '2019-10-23 14:30:15', 1);
INSERT INTO `customer_ledger` (`transaction_id`, `customer_id`, `invoice_no`, `receipt_no`, `description`, `amount`, `payment_type`, `cheque_no`, `date`, `receipt_from`, `status`, `d_c`) VALUES ('CR-7', 'R795G1FI4ZRPWW2', NULL, 'CR-7', '132 tk received', '132', 1, '', '2019-10-23', 'receipt', 1, 'c');
INSERT INTO `product_return` (`return_id`, `invoice_id`, `product_id`, `customer_id`, `ret_qty`, `byy_qty`, `date_purchase`, `date_return`, `product_rate`, `deduction`, `total_deduct`, `total_tax`, `total_ret_amount`, `net_total_amount`, `reason`, `usablity`) VALUES ('984435413834219', '7245476276', '98695122', 'R795G1FI4ZRPWW2', '1', '2.00', '2019-10-23', '2019-10-23', '500.00', '10', '', '0.00', '240', '240.00', '', '2');
INSERT INTO `product_return` (`return_id`, `invoice_id`, `product_id`, `customer_id`, `ret_qty`, `byy_qty`, `date_purchase`, `date_return`, `product_rate`, `deduction`, `total_deduct`, `total_tax`, `total_ret_amount`, `net_total_amount`, `reason`, `usablity`) VALUES ('833152612853558', '7245476276', '98695122', 'R795G1FI4ZRPWW2', '1', '2.00', '2019-10-23', '2019-10-24', '500.00', '', '', '0.00', '250', '250.00', '', '2');
INSERT INTO `product_return` (`return_id`, `invoice_id`, `product_id`, `customer_id`, `ret_qty`, `byy_qty`, `date_purchase`, `date_return`, `product_rate`, `deduction`, `total_deduct`, `total_tax`, `total_ret_amount`, `net_total_amount`, `reason`, `usablity`) VALUES ('684252316894296', '7245476276', '98695122', 'R795G1FI4ZRPWW2', '1', '2.00', '2019-10-23', '2019-10-24', '500.00', '', '', '0.00', '250', '250.00', '', '3');
INSERT INTO `customer_ledger` (`transaction_id`, `customer_id`, `invoice_no`, `date`, `description`, `amount`, `status`, `d_c`) VALUES ('BO4W3UDJJRSZV3W', 'R795G1FI4ZRPWW2', '7245476276', '2019-10-24', 'Return', '250.00', 1, 'c');
INSERT INTO `product_return` (`return_id`, `invoice_id`, `product_id`, `customer_id`, `ret_qty`, `byy_qty`, `date_purchase`, `date_return`, `product_rate`, `deduction`, `total_deduct`, `total_tax`, `total_ret_amount`, `net_total_amount`, `reason`, `usablity`) VALUES ('644515613656475', '7245476276', '98695122', 'R795G1FI4ZRPWW2', '1', '2.00', '2019-10-23', '2019-10-24', '500.00', '', '', '0.00', '250', '250.00', '', '3');
INSERT INTO `customer_ledger` (`transaction_id`, `customer_id`, `invoice_no`, `date`, `description`, `amount`, `status`, `d_c`) VALUES ('BO4W3UDJJRSZV3W', 'R795G1FI4ZRPWW2', '7245476276', '2019-10-24', 'Return', '250.00', 1, 'c');
INSERT INTO `product_return` (`return_id`, `invoice_id`, `product_id`, `customer_id`, `ret_qty`, `byy_qty`, `date_purchase`, `date_return`, `product_rate`, `deduction`, `total_deduct`, `total_tax`, `total_ret_amount`, `net_total_amount`, `reason`, `usablity`) VALUES ('887682537818736', '7245476276', '98695122', 'R795G1FI4ZRPWW2', '1', '2.00', '2019-10-23', '2019-10-24', '500.00', '', '', '0.00', '250', '250.00', '', '3');
INSERT INTO `acc_transaction` (`VNo`, `Vtype`, `VDate`, `COAID`, `Narration`, `Debit`, `Credit`, `IsPosted`, `CreateBy`, `CreateDate`, `IsAppove`) VALUES ('CR-8', 'CR', '2019-10-24', '1020301-8', 'Paid by customer', 0, '270', 1, '1', '2019-10-24 09:01:49', 1);
INSERT INTO `acc_transaction` (`VNo`, `Vtype`, `VDate`, `COAID`, `Narration`, `Debit`, `Credit`, `IsPosted`, `CreateBy`, `CreateDate`, `IsAppove`) VALUES ('CR-8', 'CR', '2019-10-24 09:01:49', 1020101, 'Cash in Hand For Voucher NoCR-8', '270', 0, 1, '1', '2019-10-24 09:01:49', 1);
INSERT INTO `customer_ledger` (`transaction_id`, `customer_id`, `invoice_no`, `receipt_no`, `description`, `amount`, `payment_type`, `cheque_no`, `date`, `receipt_from`, `status`, `d_c`) VALUES ('CR-8', 'R795G1FI4ZRPWW2', NULL, 'CR-8', 'Paid by customer', '270', 1, '', '2019-10-24', 'receipt', 1, 'c');
INSERT INTO `customer_information` (`customer_id`, `customer_name`, `customer_phone`, `customer_mobile`, `customer_email`, `customer_skype`, `customer_address`, `company_name`, `company_number`, `vat_number`, `company_type`, `postal_address`, `physical_address`, `website`, `director_name`, `director_mobile`, `director_phone`, `director_address`, `trade_reference_1`, `trade_reference_2`, `trade_reference_3`, `status`, `notes`, `notifications`, `payment_method`, `payment_period`, `sales_discount_status`, `markup_discount`, `role_id`, `is_outside`) VALUES ('I6VMGBJGBLUHLGL', 'alamin sobuz', '541654654', '12341345', 'alaminsobuz@gmail.com', '', '', '', '', '', '', '', '', '', '', '', '', '', '', '', '', '1', '', '', NULL, '10', '', NULL, '3', 0);
INSERT INTO `user_login` (`user_id`, `username`, `password`, `user_type`, `status`) VALUES ('I6VMGBJGBLUHLGL', 'alaminsobuz@gmail.com', '41d99b369894eb1ec3f461135132d8bb', '3', '1');
INSERT INTO `users` (`user_id`, `first_name`, `last_name`, `gender`, `date_of_birth`, `logo`, `status`) VALUES ('I6VMGBJGBLUHLGL', 'alamin sobuz', '', '', '', '', '1');
INSERT INTO `sec_userrole` (`user_id`, `roleid`, `createby`, `createdate`) VALUES ('I6VMGBJGBLUHLGL', '3', '1', '2019-10-24 09:17:17');
INSERT INTO `acc_coa` (`HeadCode`, `HeadName`, `PHeadName`, `HeadLevel`, `IsActive`, `IsTransaction`, `IsGL`, `HeadType`, `IsBudget`, `IsDepreciation`, `DepreciationRate`, `CreateBy`, `CreateDate`) VALUES ('1020301-9', 'I6VMGBJGBLUHLGL-alamin sobuz', 'Customer Receivable', '4', '1', '1', '0', 'A', '0', '0', '0', '1', '2019-10-24 09:17:17');
INSERT INTO `customer_ledger` (`transaction_id`, `customer_id`, `invoice_no`, `receipt_no`, `amount`, `description`, `payment_type`, `cheque_no`, `date`, `status`, `d_c`) VALUES ('CIWG3TKS5C', 'I6VMGBJGBLUHLGL', 'NA', NULL, NULL, 'Previous adjustment with software', 'NA', 'NA', '2019-10-24', 1, 'd');
INSERT INTO `vehicle_information` (`customer_id`, `vehicle_registration`, `year`, `make`, `model`, `color`, `second_color`, `sub_model`, `body_style`, `vin`, `plate`, `engine_no`, `vehicle_type`, `seat`, `cc_rating`, `fuel_type`, `assembly_type`, `country_of_origin`, `gross_vehicle_mass`, `tyre_weight`, `wheelbase`, `axle`, `front_axle_rating`, `rear_axle_rating`, `create_by`, `create_date`) VALUES ('I6VMGBJGBLUHLGL', 'AL-23025', '', '', '', '', '', '', '', 'V-2562', '', 'E-654', '3', '', '', 'CNG', '', '', '', '', '', '', '', '', '1', '2019-10-24');
INSERT INTO `job` (`customer_id`, `work_order_no`, `vehicle_id`, `schedule_date_time`, `delivery_date_time`, `customer_ref`, `job_description`, `alert_via`, `create_by`, `create_date`, `status`) VALUES ('I6VMGBJGBLUHLGL', '18-1571905521', '10', '2019-10-24 07:00', '2019-10-25 19:00', '', '', 'email', '1', '2019-10-24 10:26:01', 1);
INSERT INTO `job_details` (`job_id`, `job_type_id`, `assign_to`, `rate`, `client_notes`, `status`) VALUES (36, '16', 'XDG8P8VIGRE4FWF', '40', '', 0);
INSERT INTO `job_details` (`job_id`, `job_type_id`, `assign_to`, `rate`, `client_notes`, `status`) VALUES (36, '16', 'XDG8P8VIGRE4FWF', '40', '', 0);
DELETE FROM `job_details`
WHERE `job_id` = '36';
INSERT INTO `job_details` (`job_id`, `job_type_id`, `rate`, `assign_to`, `start_datetime`, `end_datetime`, `spent_time`, `mechanic_notes`, `status`) VALUES ('36', '16', '40', 'XDG8P8VIGRE4FWF', '2019-10-24 08:00', '2019-10-24 17:00', '9', '', 3);
INSERT INTO `job_details` (`job_id`, `job_type_id`, `rate`, `assign_to`, `start_datetime`, `end_datetime`, `spent_time`, `mechanic_notes`, `status`) VALUES ('36', '24', '85', 'XDG8P8VIGRE4FWF', '2019-10-24 04:00', '2019-10-24 10:00', '6', '', 3);
INSERT INTO `job_products_used` (`job_id`, `product_id`, `available_qty`, `rate`, `used_qty`, `mechanic_note`) VALUES ('36', '98695122', '76', '250', '1', '');
UPDATE `job` SET `recommendation` = 'notes', `odometer` = '10', `hubo_meter` = '20', `hour_meter` = '30', `cof_wof_date` = '2019-10-24', `registration_date` = '2019-10-24', `fuel_burn` = '30'
WHERE `job_id` = '36';
UPDATE `job` SET `status` = '3', `show_hide_status` = 1, `schedule_date_time` = '2019-10-24 07:00:00', `delivery_date_time` = '2019-10-25 19:00:00', `alert_via` = 'email'
WHERE `job_id` = '36';
INSERT INTO `customer_ledger` (`transaction_id`, `customer_id`, `invoice_no`, `date`, `amount`, `description`, `status`, `d_c`) VALUES ('XMBZTNW5TQS5MUI', 'I6VMGBJGBLUHLGL', '5859496154', '2019-10-24', '1653.75', 'Purchase by customer', 1, 'd');
INSERT INTO `customer_ledger` (`transaction_id`, `customer_id`, `receipt_no`, `date`, `amount`, `payment_type`, `invoice_no`, `description`, `status`, `d_c`) VALUES ('XMBZTNW5TQS5MUI', 'I6VMGBJGBLUHLGL', 'LDBBBJRJ1E', '2019-10-24', 0, 1, '5859496154', 'Paid by customer', 1, 'c');
INSERT INTO `transection` (`transaction_id`, `relation_id`, `transection_type`, `date_of_transection`, `transection_category`, `amount`, `transection_mood`, `is_transaction`, `description`) VALUES ('XMBZTNW5TQS5MUI', 'I6VMGBJGBLUHLGL', 2, '2019-10-24', 2, 0, 1, 0, 'Paid by customer');
INSERT INTO `acc_transaction` (`VNo`, `Vtype`, `VDate`, `COAID`, `Narration`, `Debit`, `Credit`, `IsPosted`, `CreateBy`, `CreateDate`, `IsAppove`) VALUES ('5859496154', 'INV', '2019-10-24 10:30:31', 10107, 'Inventory credit For Invoice No5859496154', 0, '', 1, '1', '2019-10-24 10:30:31', 1);
INSERT INTO `acc_transaction` (`VNo`, `Vtype`, `VDate`, `COAID`, `Narration`, `Debit`, `Credit`, `IsPosted`, `CreateBy`, `CreateDate`, `IsAppove`) VALUES ('5859496154', 'INV', '2019-10-24 10:30:31', '1020301-9', 'Customer debit For Invoice No5859496154', '1653.75', 0, 1, '1', '2019-10-24 10:30:31', 1);
INSERT INTO `invoice` (`job_id`, `invoice_id`, `customer_id`, `date`, `total_amount`, `labour_cost`, `create_date`, `total_tax`, `invoice`, `invoice_details`, `invoice_discount`, `total_discount`, `prevous_due`, `shipping_cost`, `sales_by`, `status`) VALUES ('36', '5859496154', 'I6VMGBJGBLUHLGL', '2019-10-24', '1653.75', '80.00', '2019-10-24', '5', 1024, '', '', '', '', '', '1', 1);
INSERT INTO `invoice_details` (`invoice_details_id`, `invoice_id`, `product_id`, `spent_time`, `quantity`, `rate`, `discount`, `description`, `discount_per`, `tax`, `paid_amount`, `due_amount`, `supplier_rate`, `total_price`, `status`) VALUES ('481446753617894', '5859496154', '16', '9', '1', '40', '', '', '', '', 0, 0, '', '40', 1);
INSERT INTO `invoice_details` (`invoice_details_id`, `invoice_id`, `product_id`, `spent_time`, `quantity`, `rate`, `discount`, `description`, `discount_per`, `tax`, `paid_amount`, `due_amount`, `supplier_rate`, `total_price`, `status`) VALUES ('995675691329732', '5859496154', '24', '6', '1', '85', '', '', '', '', 0, 0, '', '85', 1);
INSERT INTO `invoice_details` (`invoice_details_id`, `invoice_id`, `product_id`, `spent_time`, `quantity`, `rate`, `discount`, `description`, `discount_per`, `tax`, `paid_amount`, `due_amount`, `supplier_rate`, `total_price`, `status`) VALUES ('644546298433784', '5859496154', '98695122', 'N/A', '1', '250', '', '', '', '', 0, 0, '', '250', 1);
UPDATE `job` SET `is_invoice` = 1
WHERE `job_id` = '36';
INSERT INTO `acc_transaction` (`VNo`, `Vtype`, `VDate`, `COAID`, `Narration`, `Debit`, `Credit`, `IsPosted`, `CreateBy`, `CreateDate`, `IsAppove`) VALUES ('CR-9', 'CR', '2019-10-24', '1020301-9', 'Paid by customer', 0, '500', 1, '1', '2019-10-24 11:09:41', 1);
INSERT INTO `acc_transaction` (`VNo`, `Vtype`, `VDate`, `COAID`, `Narration`, `Debit`, `Credit`, `IsPosted`, `CreateBy`, `CreateDate`, `IsAppove`) VALUES ('CR-9', 'CR', '2019-10-24 11:09:41', 1020101, 'Cash in Hand For Voucher NoCR-9', '500', 0, 1, '1', '2019-10-24 11:09:41', 1);
INSERT INTO `customer_ledger` (`transaction_id`, `customer_id`, `invoice_no`, `receipt_no`, `description`, `amount`, `payment_type`, `cheque_no`, `date`, `receipt_from`, `status`, `d_c`) VALUES ('CR-9', 'I6VMGBJGBLUHLGL', NULL, 'CR-9', 'Paid by customer', '500', 1, '', '2019-10-24', 'receipt', 1, 'c');
INSERT INTO `acc_transaction` (`VNo`, `Vtype`, `VDate`, `COAID`, `Narration`, `Debit`, `Credit`, `IsPosted`, `CreateBy`, `CreateDate`, `IsAppove`) VALUES ('CR-10', 'CR', '2019-10-24', '1020301-9', 'Paid by customer', 0, '1153', 1, '1', '2019-10-24 11:10:29', 1);
INSERT INTO `acc_transaction` (`VNo`, `Vtype`, `VDate`, `COAID`, `Narration`, `Debit`, `Credit`, `IsPosted`, `CreateBy`, `CreateDate`, `IsAppove`) VALUES ('CR-10', 'CR', '2019-10-24 11:10:29', 1020101, 'Cash in Hand For Voucher NoCR-10', '1153', 0, 1, '1', '2019-10-24 11:10:29', 1);
INSERT INTO `customer_ledger` (`transaction_id`, `customer_id`, `invoice_no`, `receipt_no`, `description`, `amount`, `payment_type`, `cheque_no`, `date`, `receipt_from`, `status`, `d_c`) VALUES ('CR-10', 'I6VMGBJGBLUHLGL', NULL, 'CR-10', 'Paid by customer', '1153', 1, '', '2019-10-24', 'receipt', 1, 'c');
INSERT INTO `acc_transaction` (`VNo`, `Vtype`, `VDate`, `COAID`, `Narration`, `Debit`, `Credit`, `IsPosted`, `CreateBy`, `CreateDate`, `IsAppove`) VALUES ('CR-10', 'CR', '2019-10-24', '1020301-9', 'Paid by customer', 0, '0.75', 1, '1', '2019-10-24 11:42:24', 1);
INSERT INTO `acc_transaction` (`VNo`, `Vtype`, `VDate`, `COAID`, `Narration`, `Debit`, `Credit`, `IsPosted`, `CreateBy`, `CreateDate`, `IsAppove`) VALUES ('CR-10', 'CR', '2019-10-24 11:42:24', 1020101, 'Cash in Hand For Voucher NoCR-10', '0.75', 0, 1, '1', '2019-10-24 11:42:24', 1);
INSERT INTO `customer_ledger` (`transaction_id`, `customer_id`, `invoice_no`, `receipt_no`, `description`, `amount`, `payment_type`, `cheque_no`, `date`, `receipt_from`, `status`, `d_c`) VALUES ('CR-10', 'I6VMGBJGBLUHLGL', NULL, 'CR-10', 'Paid by customer', '0.75', 1, '', '2019-10-24', 'receipt', 1, 'c');
INSERT INTO `customer_information` (`customer_id`, `customer_name`, `customer_phone`, `customer_mobile`, `customer_email`, `customer_skype`, `customer_address`, `company_name`, `company_number`, `vat_number`, `company_type`, `postal_address`, `physical_address`, `website`, `director_name`, `director_mobile`, `director_phone`, `director_address`, `trade_reference_1`, `trade_reference_2`, `trade_reference_3`, `status`, `notes`, `notifications`, `payment_method`, `payment_period`, `sales_discount_status`, `markup_discount`, `role_id`, `is_outside`) VALUES ('LF9EHHGJ72SASQY', 'demo', '464564', '', 'demo@gmail.com', '', '', '', '', '', '', '', '', '', '', '', '', '', '', '', '', '1', '', '', NULL, '', '', NULL, '4', 0);
INSERT INTO `user_login` (`user_id`, `username`, `password`, `user_type`, `status`) VALUES ('LF9EHHGJ72SASQY', 'demo@gmail.com', '41d99b369894eb1ec3f461135132d8bb', '3', '1');
INSERT INTO `users` (`user_id`, `first_name`, `last_name`, `gender`, `date_of_birth`, `logo`, `status`) VALUES ('LF9EHHGJ72SASQY', 'demo', '', '', '', '', '1');
INSERT INTO `sec_userrole` (`user_id`, `roleid`, `createby`, `createdate`) VALUES ('LF9EHHGJ72SASQY', '4', '1', '2019-10-24 13:03:20');
INSERT INTO `acc_coa` (`HeadCode`, `HeadName`, `PHeadName`, `HeadLevel`, `IsActive`, `IsTransaction`, `IsGL`, `HeadType`, `IsBudget`, `IsDepreciation`, `DepreciationRate`, `CreateBy`, `CreateDate`) VALUES ('1020301-10', 'LF9EHHGJ72SASQY-demo', 'Customer Receivable', '4', '1', '1', '0', 'A', '0', '0', '0', '1', '2019-10-24 13:03:20');
INSERT INTO `customer_ledger` (`transaction_id`, `customer_id`, `invoice_no`, `receipt_no`, `amount`, `description`, `payment_type`, `cheque_no`, `date`, `status`, `d_c`) VALUES ('I5JVADUAIT', 'LF9EHHGJ72SASQY', 'NA', NULL, '0.00', 'Previous adjustment with software', 'NA', 'NA', '2019-10-24', 1, 'd');
INSERT INTO `acc_transaction` (`VNo`, `Vtype`, `VDate`, `COAID`, `Narration`, `Debit`, `Credit`, `IsPosted`, `CreateBy`, `CreateDate`, `IsAppove`) VALUES ('I5JVADUAIT', 'PR Balance', '2019-10-24', '1020301-10', 'Customer debit For Transaction NoI5JVADUAIT', '0.00', 0, 1, '1', '2019-10-24 13:03:20', 1);
INSERT INTO `acc_transaction` (`VNo`, `Vtype`, `VDate`, `COAID`, `Narration`, `Debit`, `Credit`, `IsPosted`, `CreateBy`, `CreateDate`, `IsAppove`) VALUES ('I5JVADUAIT', 'PR Balance', '2019-10-24', 10107, 'Inventory credit For Old sale ForLF9EHHGJ72SASQY', 0, '0.00', 1, '1', '2019-10-24 13:03:20', 1);
UPDATE `job_type` SET `job_category_id` = '5', `job_type_name` = 'Turntable Plate, Pivots & Jaws', `job_type_rate` = '65', `standard_timing` = '19:00', `update_by` = '1', `update_date` = '2019-10-24', `status` = 1
WHERE `job_type_id` = '23';
INSERT INTO `stock_adjustment` (`adjustment_id`, `adjustment_type`, `date`, `details`, `grand_total`, `created_by`, `created_date`) VALUES ('ADC3R1WOUW6H', '1', '2019-10-24', '1 quantity mistake', '250.00', '1', '2019-10-24 02:46:40');
INSERT INTO `stock_tbl` (`voucher_no`, `product_id`, `in_qty`, `out_qty`, `rate`, `voucher_type`, `date`, `created_by`, `created_date`) VALUES ('ADC3R1WOUW6H', '78737995', '1', 0, '250', 'adjustment', '2019-10-24', '1', '2019-10-24 02:46:40');
INSERT INTO `product_purchase_details` (`purchase_detail_id`, `purchase_id`, `product_id`, `quantity`, `rate`, `total_amount`, `status`) VALUES ('PDOOBKQKSEXU', 'ADC3R1WOUW6H', '78737995', '1', '250', '250', 1);
INSERT INTO `stock_adjustment` (`adjustment_id`, `adjustment_type`, `date`, `details`, `grand_total`, `created_by`, `created_date`) VALUES ('ADPE72OELCOB', '2', '2019-10-26', '1 qty water 1', '50.00', '1', '2019-10-26 06:49:34');
INSERT INTO `stock_tbl` (`voucher_no`, `product_id`, `in_qty`, `out_qty`, `rate`, `voucher_type`, `date`, `created_by`, `created_date`) VALUES ('ADPE72OELCOB', '99882539', 0, '1', '50', 'adjustment', '2019-10-26', '1', '2019-10-26 06:49:34');
INSERT INTO `stock_adjustment` (`adjustment_id`, `adjustment_type`, `date`, `details`, `grand_total`, `created_by`, `created_date`) VALUES ('ADPCOZZYC5WL', '2', '2019-10-26', '1 qty water 1', '50.00', '1', '2019-10-26 06:52:14');
INSERT INTO `stock_tbl` (`voucher_no`, `product_id`, `in_qty`, `out_qty`, `rate`, `voucher_type`, `date`, `created_by`, `created_date`) VALUES ('ADPCOZZYC5WL', '99882539', 0, '1', '50', 'adjustment', '2019-10-26', '1', '2019-10-26 06:52:14');
INSERT INTO `invoice_details` (`invoice_details_id`, `invoice_id`, `product_id`, `spent_time`, `quantity`, `rate`, `discount`, `description`, `discount_per`, `tax`, `paid_amount`, `due_amount`, `supplier_rate`, `total_price`, `status`) VALUES ('VXBBLSGA29W8SB2', 'ADPCOZZYC5WL', '99882539', '', '1', '50', '', 'Stock adjustment', '', '', 0, 0, '', '50', 1);
INSERT INTO `stock_adjustment` (`adjustment_id`, `adjustment_type`, `date`, `details`, `grand_total`, `created_by`, `created_date`) VALUES ('ADVWOXBGUTDK', '2', '2019-10-26', 'asdf', '100.00', '1', '2019-10-26 06:56:11');
INSERT INTO `stock_tbl` (`voucher_no`, `product_id`, `in_qty`, `out_qty`, `rate`, `voucher_type`, `date`, `created_by`, `created_date`) VALUES ('ADVWOXBGUTDK', '99882539', 0, '2', '50', 'adjustment', '2019-10-26', '1', '2019-10-26 06:56:11');
INSERT INTO `sub_module` (`id`, `module`, `name`, `url`, `parent_menu`, `ordering`, `icon`, `description`, `image`, `directory`, `status`) VALUES (NULL, 'stock', 'stock_take_list', 'Creport/stock_take_list', '68', '', '', NULL, NULL, NULL, 1);
UPDATE `group_pricing_tbl` SET `group_price_id` = 'GP1566387408', `group_name` = 'Group One', `cumulative_price` = '15500.00', `groupprice` = '15500.00', `created_by` = '1'
WHERE `group_price_id` = 'GP1566387408';
DELETE FROM `group_pricing_details`
WHERE `group_price_id` = 'GP1566387408';
INSERT INTO `group_pricing_details` (`group_price_id`, `product_id`, `product_rate`) VALUES ('GP1566387408', '67154621', '500.00');
INSERT INTO `group_pricing_details` (`group_price_id`, `product_id`, `product_rate`) VALUES ('GP1566387408', '97342595', '10000.00');
INSERT INTO `group_pricing_details` (`group_price_id`, `product_id`, `product_rate`) VALUES ('GP1566387408', '79543814', '5000.00');
UPDATE `product_information` SET `product_id` = 'GP1566387408', `product_name` = 'Group One', `price` = '15500.00', `status` = 1
WHERE `product_id` = 'GP1566387408';
DELETE FROM `product_information`
WHERE `product_id` = 'GP1566452235';
DELETE FROM `group_pricing_tbl`
WHERE `group_price_id` = 'GP1566452235';
DELETE FROM `group_pricing_details`
WHERE `group_price_id` = 'GP1566452235';
DELETE FROM `product_information`
WHERE `product_id` = 'GP1566387408';
DELETE FROM `group_pricing_tbl`
WHERE `group_price_id` = 'GP1566387408';
DELETE FROM `group_pricing_details`
WHERE `group_price_id` = 'GP1566387408';
INSERT INTO `group_pricing_tbl` (`group_price_id`, `group_name`, `cumulative_price`, `groupprice`, `created_by`) VALUES ('GP1572088226', 'Group 1', '1250.00', '1090.00', '1');
INSERT INTO `group_pricing_details` (`group_price_id`, `product_id`, `group_product_qty`, `regular_price`, `product_rate`) VALUES ('GP1572088226', '67154621', '1', '500', '450');
INSERT INTO `group_pricing_details` (`group_price_id`, `product_id`, `group_product_qty`, `regular_price`, `product_rate`) VALUES ('GP1572088226', '78737995', '2', '250', '220');
INSERT INTO `group_pricing_details` (`group_price_id`, `product_id`, `group_product_qty`, `regular_price`, `product_rate`) VALUES ('GP1572088226', '98695122', '1', '250', '200');
INSERT INTO `product_information` (`product_id`, `product_name`, `category_id`, `unit`, `tax`, `serial_no`, `minimum_stock`, `reorder_level`, `product_location`, `global_markup`, `individual_markup`, `notes`, `price`, `product_model`, `product_details`, `image`, `status`) VALUES ('GP1572088226', 'Group 1', '', '', 0, '', '', '', '', '', '', '', '1090.00', '', '', 'http://localhost/bdtask/garegmanagement/my-assets/image/product.png', 1);
DELETE FROM `job_details`
WHERE `job_id` = '33';
INSERT INTO `job_details` (`job_id`, `job_type_id`, `rate`, `assign_to`, `start_datetime`, `end_datetime`, `spent_time`, `mechanic_notes`, `status`) VALUES ('33', '1', '250', 'XDG8P8VIGRE4FWF', '2019-10-23 10:00:00', '2019-10-23 12:00:00', '2', 'a', 3);
INSERT INTO `job_details` (`job_id`, `job_type_id`, `rate`, `assign_to`, `start_datetime`, `end_datetime`, `spent_time`, `mechanic_notes`, `status`) VALUES ('33', '30', '90', 'MIQ898T8P6C1VID', ' ', ' ', '', 'v', 0);
DELETE FROM `job_products_used`
WHERE `job_id` = '33';
INSERT INTO `job_products_used` (`job_id`, `product_id`, `available_qty`, `rate`, `used_qty`, `mechanic_note`) VALUES ('33', '67154621', '33', '500', '1', '');
INSERT INTO `job_products_used` (`job_id`, `product_id`, `available_qty`, `rate`, `used_qty`, `mechanic_note`) VALUES ('33', '97342595', '24', '10000', '1', '');
INSERT INTO `job_products_used` (`job_id`, `product_id`, `available_qty`, `rate`, `used_qty`, `mechanic_note`) VALUES ('33', 'GP1572088226', 'N/A', '1090.00', '1', '');
UPDATE `job` SET `recommendation` = 'demo', `odometer` = '10', `hubo_meter` = '20', `hour_meter` = '30', `cof_wof_date` = '2019-10-23', `registration_date` = '2019-10-23', `fuel_burn` = '20'
WHERE `job_id` = '33';
DELETE FROM `job_details`
WHERE `job_id` = '33';
INSERT INTO `job_details` (`job_id`, `job_type_id`, `rate`, `assign_to`, `start_datetime`, `end_datetime`, `spent_time`, `mechanic_notes`, `status`) VALUES ('33', '1', '250', 'XDG8P8VIGRE4FWF', '2019-10-23 10:00:00', '2019-10-23 12:00:00', '2', 'a', 3);
INSERT INTO `job_details` (`job_id`, `job_type_id`, `rate`, `assign_to`, `start_datetime`, `end_datetime`, `spent_time`, `mechanic_notes`, `status`) VALUES ('33', '30', '90', 'MIQ898T8P6C1VID', '2019-10-27 03:00', '2019-10-27 08:00', '5', 'v', 3);
DELETE FROM `job_products_used`
WHERE `job_id` = '33';
INSERT INTO `job_products_used` (`job_id`, `product_id`, `available_qty`, `rate`, `used_qty`, `mechanic_note`) VALUES ('33', '67154621', '33', '500', '1', '');
INSERT INTO `job_products_used` (`job_id`, `product_id`, `available_qty`, `rate`, `used_qty`, `mechanic_note`) VALUES ('33', '97342595', '24', '10000', '1', '');
INSERT INTO `job_products_used` (`job_id`, `product_id`, `available_qty`, `rate`, `used_qty`, `mechanic_note`) VALUES ('33', 'GP1572088226', 'N/A', '1090.00', '1', '');
UPDATE `job` SET `recommendation` = 'demo', `odometer` = '10', `hubo_meter` = '20', `hour_meter` = '30', `cof_wof_date` = '2019-10-23', `registration_date` = '2019-10-23', `fuel_burn` = '20'
WHERE `job_id` = '33';
DELETE FROM `job_details`
WHERE `job_id` = '33';
INSERT INTO `job_details` (`job_id`, `job_type_id`, `rate`, `assign_to`, `start_datetime`, `end_datetime`, `spent_time`, `mechanic_notes`, `status`) VALUES ('33', '1', '250', 'XDG8P8VIGRE4FWF', '2019-10-23 10:00:00', '2019-10-23 12:00:00', '2', 'a', 3);
INSERT INTO `job_details` (`job_id`, `job_type_id`, `rate`, `assign_to`, `start_datetime`, `end_datetime`, `spent_time`, `mechanic_notes`, `status`) VALUES ('33', '30', '90', 'MIQ898T8P6C1VID', '2019-10-27 03:00:00', '2019-10-27 08:00:00', '5', 'v', 3);
DELETE FROM `job_products_used`
WHERE `job_id` = '33';
INSERT INTO `job_products_used` (`job_id`, `product_id`, `available_qty`, `rate`, `used_qty`, `mechanic_note`) VALUES ('33', '12347759', '28', '25000', '1', 'test');
INSERT INTO `job_products_used` (`job_id`, `product_id`, `available_qty`, `rate`, `used_qty`, `mechanic_note`) VALUES ('33', '97342595', '24', '10000', '1', 'demo');
INSERT INTO `job_products_used` (`job_id`, `product_id`, `available_qty`, `rate`, `used_qty`, `mechanic_note`) VALUES ('33', 'GP1572088226', '0', '1090', '1', 'check');
UPDATE `job` SET `recommendation` = 'demo', `odometer` = '10', `hubo_meter` = '20', `hour_meter` = '30', `cof_wof_date` = '2019-10-23', `registration_date` = '2019-10-23', `fuel_burn` = '20'
WHERE `job_id` = '33';
DELETE FROM `supplier_product`
WHERE `product_id` = '78737995';
INSERT INTO `supplier_product` (`product_id`, `supplier_id`, `supplier_price`) VALUES ('78737995', 'CSBNKKVDQK8DJ77ALHJI', '220');
UPDATE `product_information` SET `product_name` = 'Keyboard', `category_id` = '2VGB4K5NTR21BC5', `price` = '250', `serial_no` = 'K-1025', `product_model` = 'K-1025', `product_details` = 'aas', `unit` = 'Piece', `tax` = '', `minimum_stock` = '0', `reorder_level` = '0', `product_location` = '', `global_markup` = '0', `individual_markup` = '0', `notes` = '', `image` = 'http://localhost/bdtask/garegmanagement/my-assets/image/product.png'
WHERE `product_id` = '78737995';
INSERT INTO `product_purchase` (`purchase_id`, `chalan_no`, `supplier_id`, `grand_total_amount`, `total_discount`, `purchase_date`, `purchase_details`, `status`) VALUES ('20191027073828', '14254', 'CSBNKKVDQK8DJ77ALHJI', '2640.00', NULL, '2019-10-27', '', 1);
INSERT INTO `acc_transaction` (`VNo`, `Vtype`, `VDate`, `COAID`, `Narration`, `Debit`, `Credit`, `IsPosted`, `CreateBy`, `CreateDate`, `IsAppove`) VALUES ('20191027073828', 'Purchase', '2019-10-27', 10107, 'Inventory Debit For Purchase No20191027073828', '2640.00', 0, 1, '1', '2019-10-27 07:38:28', 1);
INSERT INTO `acc_transaction` (`VNo`, `Vtype`, `VDate`, `COAID`, `Narration`, `Debit`, `Credit`, `IsPosted`, `CreateBy`, `CreateDate`, `IsAppove`) VALUES ('20191027073828', 'Purchase', '2019-10-27', '5020200011', 'Purchase No.20191027073828', 0, '2640.00', 1, '1', '2019-10-27', 1);
INSERT INTO `supplier_ledger` (`transaction_id`, `chalan_no`, `supplier_id`, `amount`, `date`, `description`, `status`, `d_c`) VALUES ('20191027073828', '14254', 'CSBNKKVDQK8DJ77ALHJI', '2640.00', '2019-10-27', '', 1, 'c');
INSERT INTO `product_purchase_details` (`purchase_detail_id`, `purchase_id`, `product_id`, `quantity`, `rate`, `total_amount`, `discount`, `status`) VALUES ('qYIJYddTnlHgMqW', '20191027073828', '78737995', '12', '220', '2640.00', NULL, 1);
UPDATE `job` SET `status` = '3', `show_hide_status` = 1, `schedule_date_time` = '2019-10-23 07:00:00', `delivery_date_time` = '2019-10-23 11:00:00', `alert_via` = 'email'
WHERE `job_id` = '33';
INSERT INTO `customer_ledger` (`transaction_id`, `customer_id`, `invoice_no`, `date`, `amount`, `description`, `status`, `d_c`) VALUES ('DEG3JXLBLXEJSCR', 'PBYX89KNGFCAUPP', '7547318714', '2019-10-27', '38839.5', 'Purchase by customer', 1, 'd');
INSERT INTO `customer_ledger` (`transaction_id`, `customer_id`, `receipt_no`, `date`, `amount`, `payment_type`, `invoice_no`, `description`, `status`, `d_c`) VALUES ('DEG3JXLBLXEJSCR', 'PBYX89KNGFCAUPP', '6QLWGQEVSF', '2019-10-27', 0, 1, '7547318714', 'Paid by customer', 1, 'c');
INSERT INTO `transection` (`transaction_id`, `relation_id`, `transection_type`, `date_of_transection`, `transection_category`, `amount`, `transection_mood`, `is_transaction`, `description`) VALUES ('DEG3JXLBLXEJSCR', 'PBYX89KNGFCAUPP', 2, '2019-10-27', 2, 0, 1, 0, 'Paid by customer');
INSERT INTO `acc_transaction` (`VNo`, `Vtype`, `VDate`, `COAID`, `Narration`, `Debit`, `Credit`, `IsPosted`, `CreateBy`, `CreateDate`, `IsAppove`) VALUES ('7547318714', 'INV', '2019-10-27 07:39:12', 10107, 'Inventory credit For Invoice No7547318714', 0, '', 1, '1', '2019-10-27 07:39:12', 1);
INSERT INTO `acc_transaction` (`VNo`, `Vtype`, `VDate`, `COAID`, `Narration`, `Debit`, `Credit`, `IsPosted`, `CreateBy`, `CreateDate`, `IsAppove`) VALUES ('7547318714', 'INV', '2019-10-27 07:39:12', '1020301-1', 'Customer debit For Invoice No7547318714', '38839.5', 0, 1, '1', '2019-10-27 07:39:12', 1);
INSERT INTO `invoice` (`job_id`, `invoice_id`, `customer_id`, `date`, `total_amount`, `labour_cost`, `create_date`, `total_tax`, `invoice`, `invoice_details`, `invoice_discount`, `total_discount`, `prevous_due`, `shipping_cost`, `sales_by`, `status`) VALUES ('33', '7547318714', 'PBYX89KNGFCAUPP', '2019-10-27', '38839.5', '80.00', '2019-10-27', '5', 1025, '', '', '', '', '', '1', 1);
INSERT INTO `invoice_details` (`invoice_details_id`, `invoice_id`, `product_id`, `spent_time`, `quantity`, `rate`, `discount`, `description`, `discount_per`, `tax`, `paid_amount`, `due_amount`, `supplier_rate`, `total_price`, `status`) VALUES ('977519549421382', '7547318714', '1', '2', '1', '250', '', '', '', '', 0, 0, '', '250', 1);
INSERT INTO `invoice_details` (`invoice_details_id`, `invoice_id`, `product_id`, `spent_time`, `quantity`, `rate`, `discount`, `description`, `discount_per`, `tax`, `paid_amount`, `due_amount`, `supplier_rate`, `total_price`, `status`) VALUES ('766624325435531', '7547318714', '30', '5', '1', '90', '', '', '', '', 0, 0, '', '90', 1);
INSERT INTO `invoice_details` (`invoice_details_id`, `invoice_id`, `product_id`, `spent_time`, `quantity`, `rate`, `discount`, `description`, `discount_per`, `tax`, `paid_amount`, `due_amount`, `supplier_rate`, `total_price`, `status`) VALUES ('216272487597653', '7547318714', '67154621', 'N/A', '1', '450.00', '', '', '', '', 0, 0, '', '450', 1);
INSERT INTO `invoice_details` (`invoice_details_id`, `invoice_id`, `product_id`, `spent_time`, `quantity`, `rate`, `discount`, `description`, `discount_per`, `tax`, `paid_amount`, `due_amount`, `supplier_rate`, `total_price`, `status`) VALUES ('724619224823618', '7547318714', '78737995', 'N/A', '2', '220.00', '', '', '', '', 0, 0, '', '440', 1);
INSERT INTO `invoice_details` (`invoice_details_id`, `invoice_id`, `product_id`, `spent_time`, `quantity`, `rate`, `discount`, `description`, `discount_per`, `tax`, `paid_amount`, `due_amount`, `supplier_rate`, `total_price`, `status`) VALUES ('553876959334153', '7547318714', '98695122', 'N/A', '1', '200.00', '', '', '', '', 0, 0, '', '200', 1);
INSERT INTO `invoice_details` (`invoice_details_id`, `invoice_id`, `product_id`, `spent_time`, `quantity`, `rate`, `discount`, `description`, `discount_per`, `tax`, `paid_amount`, `due_amount`, `supplier_rate`, `total_price`, `status`) VALUES ('946383639463812', '7547318714', '97342595', 'N/A', '1', '10000', '', '', '', '', 0, 0, '', '10000', 1);
INSERT INTO `invoice_details` (`invoice_details_id`, `invoice_id`, `product_id`, `spent_time`, `quantity`, `rate`, `discount`, `description`, `discount_per`, `tax`, `paid_amount`, `due_amount`, `supplier_rate`, `total_price`, `status`) VALUES ('971162596623778', '7547318714', '12347759', 'N/A', '1', '25000', '', '', '', '', 0, 0, '', '25000', 1);
UPDATE `job` SET `is_invoice` = 1
WHERE `job_id` = '33';
UPDATE `group_pricing_tbl` SET `group_price_id` = 'GP1572088226', `group_name` = 'Group 1', `cumulative_price` = '1750.00', `groupprice` = '1540.00', `created_by` = '1'
WHERE `group_price_id` = 'GP1572088226';
DELETE FROM `group_pricing_details`
WHERE `group_price_id` = 'GP1572088226';
INSERT INTO `group_pricing_details` (`group_price_id`, `product_id`, `group_product_qty`, `regular_price`, `product_rate`) VALUES ('GP1572088226', '67154621', '2', '500.00', '450.00');
INSERT INTO `group_pricing_details` (`group_price_id`, `product_id`, `group_product_qty`, `regular_price`, `product_rate`) VALUES ('GP1572088226', '78737995', '2', '250.00', '220.00');
INSERT INTO `group_pricing_details` (`group_price_id`, `product_id`, `group_product_qty`, `regular_price`, `product_rate`) VALUES ('GP1572088226', '98695122', '1', '250.00', '200.00');
INSERT INTO `quotation` (`quotation_id`, `customer_id`, `vehicle_reg`, `quotdate`, `totalamount`, `quot_no`, `create_by`, `quot_description`, `status`, `terms`, `cust_show`, `dis_per`, `total_discount`) VALUES ('J9I1SSWK7L9PNMJ', 'I6VMGBJGBLUHLGL', '10', '2019-10-28', '2430.00', '1012', '1', 'details', 2, 'demo', 1, '', '0.00');
INSERT INTO `quot_labour_used` (`quot_id`, `job_type_id`, `rate`, `note`) VALUES ('J9I1SSWK7L9PNMJ', '33', '500', 'test');
INSERT INTO `quot_labour_used` (`quot_id`, `job_type_id`, `rate`, `note`) VALUES ('J9I1SSWK7L9PNMJ', '3', '140', 'two');
INSERT INTO `quot_products_used` (`quot_id`, `product_id`, `rate`, `used_qty`) VALUES ('J9I1SSWK7L9PNMJ', '98695122', '250', '1');
INSERT INTO `quot_products_used` (`quot_id`, `product_id`, `rate`, `used_qty`) VALUES ('J9I1SSWK7L9PNMJ', 'GP1572088226', '1540.00', '1');
DELETE FROM `quotation`
WHERE `quotation_id` = 'J9I1SSWK7L9PNMJ';
DELETE FROM `quot_products_used`
WHERE `quot_id` = 'J9I1SSWK7L9PNMJ';
DELETE FROM `quot_labour_used`
WHERE `quot_id` = 'J9I1SSWK7L9PNMJ';
INSERT INTO `quotation` (`quotation_id`, `customer_id`, `vehicle_reg`, `quotdate`, `totalamount`, `quot_no`, `create_by`, `quot_description`, `status`, `terms`, `cust_show`, `dis_per`, `total_discount`) VALUES ('WHB3S7Z6HY68GCL', 'I6VMGBJGBLUHLGL', '10', '2019-10-28', '4165.00', '1012', '1', '', 2, 'terms demo', 1, '', '0.00');
INSERT INTO `quot_labour_used` (`quot_id`, `job_type_id`, `rate`, `note`) VALUES ('WHB3S7Z6HY68GCL', '33', '500', 'one');
INSERT INTO `quot_labour_used` (`quot_id`, `job_type_id`, `rate`, `note`) VALUES ('WHB3S7Z6HY68GCL', '24', '85', 'two');
INSERT INTO `quot_products_used` (`quot_id`, `product_id`, `available_qty`, `rate`, `used_qty`) VALUES ('WHB3S7Z6HY68GCL', '67154621', '29', '500', '1');
INSERT INTO `quot_products_used` (`quot_id`, `product_id`, `available_qty`, `rate`, `used_qty`) VALUES ('WHB3S7Z6HY68GCL', 'GP1572088226', 'N/A', '1540.00', '2');
INSERT INTO `quotation` (`quotation_id`, `customer_id`, `vehicle_reg`, `quotdate`, `totalamount`, `quot_no`, `create_by`, `quot_description`, `status`, `terms`, `cust_show`, `dis_per`, `total_discount`) VALUES ('JHHMISC6NM81L5I', 'FX4FTN9158ZORBW', '2', '2019-10-28', '3580.00', '1013', '1', '', 2, '', 1, '', '0.00');
INSERT INTO `quot_labour_used` (`quot_id`, `job_type_id`, `rate`, `note`) VALUES ('JHHMISC6NM81L5I', '', '', '');
INSERT INTO `quot_products_used` (`quot_id`, `product_id`, `available_qty`, `rate`, `used_qty`) VALUES ('JHHMISC6NM81L5I', '67154621', '29', '500', '1');
INSERT INTO `quot_products_used` (`quot_id`, `product_id`, `available_qty`, `rate`, `used_qty`) VALUES ('JHHMISC6NM81L5I', 'GP1572088226', 'N/A', '1540.00', '2');
UPDATE `quotation` SET `quotation_id` = 'JHHMISC6NM81L5I', `customer_id` = 'FX4FTN9158ZORBW', `vehicle_reg` = '2', `quotdate` = '2019-10-28', `totalamount` = '3375.00', `quot_no` = '1013', `create_by` = '1', `quot_description` = '', `status` = 1, `terms` = 'terms demo', `cust_show` = 0, `dis_per` = '10', `total_discount` = '375.00'
WHERE `quotation_id` = 'JHHMISC6NM81L5I';
DELETE FROM `quot_products_used`
WHERE `quot_id` = 'JHHMISC6NM81L5I';
DELETE FROM `quot_labour_used`
WHERE `quot_id` = 'JHHMISC6NM81L5I';
INSERT INTO `quot_labour_used` (`quot_id`, `job_type_id`, `rate`, `note`) VALUES ('JHHMISC6NM81L5I', '40', '30', 'one');
INSERT INTO `quot_labour_used` (`quot_id`, `job_type_id`, `rate`, `note`) VALUES ('JHHMISC6NM81L5I', '3', '140', 'two');
INSERT INTO `quot_products_used` (`quot_id`, `product_id`, `available_qty`, `rate`, `used_qty`) VALUES ('JHHMISC6NM81L5I', '67154621', NULL, '500.00', '1');
INSERT INTO `quot_products_used` (`quot_id`, `product_id`, `available_qty`, `rate`, `used_qty`) VALUES ('JHHMISC6NM81L5I', 'GP1572088226', NULL, '1540.00', '2');
UPDATE `customer_information` SET `customer_name` = 'john brayan', `customer_phone` = '2135435', `customer_mobile` = '', `customer_email` = 'shahabuddinp92@gmail.com', `customer_skype` = 'customer.one.skype', `customer_address` = 'Unit 3/38 Eagle Hurst Road \r\nEllerslie\r\nAuckland 1016', `company_name` = 'bdtask', `company_number` = '564365', `vat_number` = '', `company_type` = '', `postal_address` = '', `physical_address` = '', `website` = 'www.spfoundationbd.com', `director_name` = 'Md. Shahab uddin', `director_mobile` = '', `director_phone` = '', `director_address` = '', `trade_reference_1` = '', `trade_reference_2` = '', `trade_reference_3` = '', `status` = '1', `notes` = '', `notifications` = 'sms,email', `payment_period` = '', `payment_method` = 'cash', `sales_discount_status` = 'trade markup', `markup_discount` = '25', `role_id` = '3'
WHERE `customer_id` = 'FX4FTN9158ZORBW';
UPDATE `acc_coa` SET `HeadName` = 'FX4FTN9158ZORBW-john brayan'
WHERE `HeadName` = 'FX4FTN9158ZORBW-john brayan';
UPDATE `user_login` SET `username` = 'shahabuddinp92@gmail.com', `password` = '41d99b369894eb1ec3f461135132d8bb', `user_type` = '3', `status` = '1'
WHERE `user_id` = 'FX4FTN9158ZORBW';
UPDATE `users` SET `first_name` = 'john brayan', `last_name` = '', `gender` = '', `date_of_birth` = '', `logo` = '', `status` = '1'
WHERE `user_id` = 'FX4FTN9158ZORBW';
UPDATE `sec_userrole` SET `roleid` = '3', `createby` = '1', `createdate` = '2019-10-29 06:08:09'
WHERE `user_id` = 'FX4FTN9158ZORBW';
UPDATE `customer_information` SET `customer_name` = 'john brayan', `customer_phone` = '2135435', `customer_mobile` = '', `customer_email` = 'shahabuddinp92@gmail.com', `customer_skype` = 'customer.one.skype', `customer_address` = 'Unit 3/38 Eagle Hurst Road \r\nEllerslie\r\nAuckland 1016', `company_name` = 'bdtask', `company_number` = '564365', `vat_number` = '', `company_type` = '', `postal_address` = '', `physical_address` = '', `website` = 'www.spfoundationbd.com', `director_name` = 'Md. Shahab uddin', `director_mobile` = '', `director_phone` = '', `director_address` = '', `trade_reference_1` = '', `trade_reference_2` = '', `trade_reference_3` = '', `status` = '1', `notes` = '', `notifications` = 'sms,email', `payment_period` = '', `payment_method` = 'cash', `sales_discount_status` = 'trade markup', `markup_discount` = '25', `role_id` = '3'
WHERE `customer_id` = 'FX4FTN9158ZORBW';
UPDATE `acc_coa` SET `HeadName` = 'FX4FTN9158ZORBW-john brayan'
WHERE `HeadName` = 'FX4FTN9158ZORBW-john brayan';
UPDATE `user_login` SET `username` = 'shahabuddinp92@gmail.com', `password` = '41d99b369894eb1ec3f461135132d8bb', `user_type` = '3', `status` = '1'
WHERE `user_id` = 'FX4FTN9158ZORBW';
UPDATE `users` SET `first_name` = 'john brayan', `last_name` = '', `gender` = '', `date_of_birth` = '', `logo` = '', `status` = '1'
WHERE `user_id` = 'FX4FTN9158ZORBW';
UPDATE `sec_userrole` SET `roleid` = '3', `createby` = '1', `createdate` = '2019-10-29 06:08:09'
WHERE `user_id` = 'FX4FTN9158ZORBW';
INSERT INTO `quotation` (`quotation_id`, `customer_id`, `vehicle_reg`, `quotdate`, `totalamount`, `quot_no`, `create_by`, `quot_description`, `status`, `terms`, `cust_show`, `dis_per`, `total_discount`) VALUES ('9IT8G5OUTYAC8LK', 'PBYX89KNGFCAUPP', '8', '2019-10-29', '787.50', '1014', '1', 'details', 2, 'demo', 1, '10', '87.50');
INSERT INTO `quot_labour_used` (`quot_id`, `job_type_id`, `rate`, `note`) VALUES ('9IT8G5OUTYAC8LK', '30', '90', 'test');
INSERT INTO `quot_labour_used` (`quot_id`, `job_type_id`, `rate`, `note`) VALUES ('9IT8G5OUTYAC8LK', '25', '35', 'test two');
INSERT INTO `quot_products_used` (`quot_id`, `product_id`, `available_qty`, `rate`, `used_qty`) VALUES ('9IT8G5OUTYAC8LK', '78737995', '11', '250', '1');
INSERT INTO `quot_products_used` (`quot_id`, `product_id`, `available_qty`, `rate`, `used_qty`) VALUES ('9IT8G5OUTYAC8LK', '98695122', '74', '250', '2');
UPDATE `quotation` SET `status` = '3'
WHERE `quotation_id` = '9IT8G5OUTYAC8LK';
INSERT INTO `job` (`customer_id`, `quotation_id`, `is_quotation`, `work_order_no`, `vehicle_id`, `job_description`, `alert_via`, `create_by`, `create_date`, `status`) VALUES ('PBYX89KNGFCAUPP', '9IT8G5OUTYAC8LK', 1, '16-1572325913', '8', 'details', 'email', 'PBYX89KNGFCAUPP', '2019-10-29 06:11:53', 0);
INSERT INTO `job_details` (`job_id`, `job_type_id`, `assign_to`, `rate`, `client_notes`, `status`) VALUES (37, '30', '', '30', 'rate', 0);
INSERT INTO `job_details` (`job_id`, `job_type_id`, `assign_to`, `rate`, `client_notes`, `status`) VALUES (37, '25', '', '25', 'rate', 0);
INSERT INTO `job_products_used` (`job_id`, `product_id`, `rate`, `used_qty`, `mechanic_note`) VALUES (37, '78737995', '250.00', '1', '');
INSERT INTO `job_products_used` (`job_id`, `product_id`, `rate`, `used_qty`, `mechanic_note`) VALUES (37, '98695122', '250.00', '2', '');
UPDATE `job` SET `status` = '1', `show_hide_status` = 1, `schedule_date_time` = '2019-10-29 15:00', `delivery_date_time` = '2019-10-30 20:00', `alert_via` = 'email'
WHERE `job_id` = '37';
DELETE FROM `job_details`
WHERE `job_id` = '37';
INSERT INTO `job_details` (`job_id`, `job_type_id`, `rate`, `assign_to`, `start_datetime`, `end_datetime`, `spent_time`, `mechanic_notes`, `status`) VALUES ('37', '30', '30', 'XDG8P8VIGRE4FWF', '2019-10-29 06:00', ' ', '', '', 1);
INSERT INTO `job_details` (`job_id`, `job_type_id`, `rate`, `assign_to`, `start_datetime`, `end_datetime`, `spent_time`, `mechanic_notes`, `status`) VALUES ('37', '25', '25', 'XDG8P8VIGRE4FWF', '2019-10-29 06:00', ' ', '', '', 1);
DELETE FROM `job_products_used`
WHERE `job_id` = '37';
INSERT INTO `job_products_used` (`job_id`, `product_id`, `available_qty`, `rate`, `used_qty`, `mechanic_note`) VALUES ('37', '78737995', '11', '250', '1', 'one');
INSERT INTO `job_products_used` (`job_id`, `product_id`, `available_qty`, `rate`, `used_qty`, `mechanic_note`) VALUES ('37', '98695122', '74', '250', '2', 'two');
UPDATE `job` SET `recommendation` = 'demo', `odometer` = '10', `hubo_meter` = '20', `hour_meter` = '30', `cof_wof_date` = '2019-10-29', `registration_date` = '2019-10-29', `fuel_burn` = '40'
WHERE `job_id` = '37';
DELETE FROM `job_details`
WHERE `job_id` = '37';
INSERT INTO `job_details` (`job_id`, `job_type_id`, `rate`, `assign_to`, `start_datetime`, `end_datetime`, `spent_time`, `mechanic_notes`, `status`) VALUES ('37', '30', '30', 'XDG8P8VIGRE4FWF', '2019-10-29 06:00:00', '2019-10-29 12:00', '6', '', 3);
INSERT INTO `job_details` (`job_id`, `job_type_id`, `rate`, `assign_to`, `start_datetime`, `end_datetime`, `spent_time`, `mechanic_notes`, `status`) VALUES ('37', '25', '25', 'XDG8P8VIGRE4FWF', '2019-10-29 06:00:00', '2019-10-29 08:00', '2', '', 3);
DELETE FROM `job_products_used`
WHERE `job_id` = '37';
INSERT INTO `job_products_used` (`job_id`, `product_id`, `available_qty`, `rate`, `used_qty`, `mechanic_note`) VALUES ('37', '78737995', '11', '250', '1', 'one');
INSERT INTO `job_products_used` (`job_id`, `product_id`, `available_qty`, `rate`, `used_qty`, `mechanic_note`) VALUES ('37', '98695122', '74', '250', '2', 'two');
UPDATE `job` SET `recommendation` = 'demo', `odometer` = '10', `hubo_meter` = '20', `hour_meter` = '30', `cof_wof_date` = '2019-10-29', `registration_date` = '2019-10-29', `fuel_burn` = '40'
WHERE `job_id` = '37';
UPDATE `quotation` SET `status` = '3'
WHERE `quotation_id` = '9IT8G5OUTYAC8LK';
INSERT INTO `job` (`customer_id`, `quotation_id`, `is_quotation`, `work_order_no`, `vehicle_id`, `job_description`, `alert_via`, `create_by`, `create_date`, `status`) VALUES ('PBYX89KNGFCAUPP', '9IT8G5OUTYAC8LK', 1, '16-1572328621', '8', 'details', 'email', 'PBYX89KNGFCAUPP', '2019-10-29 06:57:01', 0);
INSERT INTO `job_details` (`job_id`, `job_type_id`, `assign_to`, `rate`, `client_notes`, `status`) VALUES (38, '30', '', '90.00', 'rate', 0);
INSERT INTO `job_details` (`job_id`, `job_type_id`, `assign_to`, `rate`, `client_notes`, `status`) VALUES (38, '25', '', '35.00', 'rate', 0);
INSERT INTO `job_products_used` (`job_id`, `product_id`, `rate`, `used_qty`, `mechanic_note`) VALUES (38, '78737995', '250.00', '1', '');
INSERT INTO `job_products_used` (`job_id`, `product_id`, `rate`, `used_qty`, `mechanic_note`) VALUES (38, '98695122', '250.00', '2', '');
UPDATE `job` SET `status` = '1', `show_hide_status` = 1, `schedule_date_time` = '2019-10-29 09:00', `delivery_date_time` = '2019-10-30 13:00', `alert_via` = 'email'
WHERE `job_id` = '38';
DELETE FROM `job_details`
WHERE `job_id` = '38';
INSERT INTO `job_details` (`job_id`, `job_type_id`, `rate`, `assign_to`, `start_datetime`, `end_datetime`, `spent_time`, `mechanic_notes`, `status`) VALUES ('38', '30', '90', 'XDG8P8VIGRE4FWF', '2019-10-29 05:00', '2019-10-29 10:00', '5', 'one', 3);
INSERT INTO `job_details` (`job_id`, `job_type_id`, `rate`, `assign_to`, `start_datetime`, `end_datetime`, `spent_time`, `mechanic_notes`, `status`) VALUES ('38', '25', '35', 'XDG8P8VIGRE4FWF', '2019-10-29 05:00', '2019-10-29 08:00', '3', 'two', 3);
DELETE FROM `job_products_used`
WHERE `job_id` = '38';
INSERT INTO `job_products_used` (`job_id`, `product_id`, `available_qty`, `rate`, `used_qty`, `mechanic_note`) VALUES ('38', '78737995', '', '250', '1', '');
INSERT INTO `job_products_used` (`job_id`, `product_id`, `available_qty`, `rate`, `used_qty`, `mechanic_note`) VALUES ('38', '98695122', '', '250', '2', '');
UPDATE `job` SET `recommendation` = 'done', `odometer` = '10', `hubo_meter` = '20', `hour_meter` = '30', `cof_wof_date` = '2019-10-29', `registration_date` = '2019-10-29', `fuel_burn` = '40'
WHERE `job_id` = '38';
DELETE FROM `job_details`
WHERE `job_id` = '38';
INSERT INTO `job_details` (`job_id`, `job_type_id`, `rate`, `assign_to`, `start_datetime`, `end_datetime`, `spent_time`, `mechanic_notes`, `status`) VALUES ('38', '30', '90', 'XDG8P8VIGRE4FWF', '2019-10-29 05:00:00', '2019-10-29 10:00:00', '5', 'one', 3);
INSERT INTO `job_details` (`job_id`, `job_type_id`, `rate`, `assign_to`, `start_datetime`, `end_datetime`, `spent_time`, `mechanic_notes`, `status`) VALUES ('38', '25', '35', 'XDG8P8VIGRE4FWF', '2019-10-29 05:00:00', '2019-10-29 08:00:00', '3', 'two', 3);
INSERT INTO `job_details` (`job_id`, `job_type_id`, `rate`, `assign_to`, `start_datetime`, `end_datetime`, `spent_time`, `mechanic_notes`, `status`) VALUES ('38', '24', '85', 'XDG8P8VIGRE4FWF', '2019-10-29 09:00', '2019-10-29 10:00', '1', 'three', 3);
DELETE FROM `job_products_used`
WHERE `job_id` = '38';
INSERT INTO `job_products_used` (`job_id`, `product_id`, `available_qty`, `rate`, `used_qty`, `mechanic_note`) VALUES ('38', '78737995', '0', '250', '1', '');
INSERT INTO `job_products_used` (`job_id`, `product_id`, `available_qty`, `rate`, `used_qty`, `mechanic_note`) VALUES ('38', '98695122', '0', '250', '2', '');
UPDATE `job` SET `recommendation` = 'done', `odometer` = '10', `hubo_meter` = '20', `hour_meter` = '30', `cof_wof_date` = '2019-10-29', `registration_date` = '2019-10-29', `fuel_burn` = '40'
WHERE `job_id` = '38';
UPDATE `job` SET `status` = '3', `show_hide_status` = 1, `schedule_date_time` = '2019-10-29 15:00:00', `delivery_date_time` = '2019-10-30 20:00:00', `alert_via` = 'email'
WHERE `job_id` = '38';
INSERT INTO `customer_ledger` (`transaction_id`, `customer_id`, `invoice_no`, `date`, `amount`, `description`, `status`, `d_c`) VALUES ('9UVLKNG6OWQJL3R', 'PBYX89KNGFCAUPP', '8343751749', '2019-10-29', '1753.5', 'Purchase by customer', 1, 'd');
INSERT INTO `customer_ledger` (`transaction_id`, `customer_id`, `receipt_no`, `date`, `amount`, `payment_type`, `invoice_no`, `description`, `status`, `d_c`) VALUES ('9UVLKNG6OWQJL3R', 'PBYX89KNGFCAUPP', 'B1H4OOWKZQ', '2019-10-29', 0, 1, '8343751749', 'Paid by customer', 1, 'c');
INSERT INTO `transection` (`transaction_id`, `relation_id`, `transection_type`, `date_of_transection`, `transection_category`, `amount`, `transection_mood`, `is_transaction`, `description`) VALUES ('9UVLKNG6OWQJL3R', 'PBYX89KNGFCAUPP', 2, '2019-10-29', 2, 0, 1, 0, 'Paid by customer');
INSERT INTO `acc_transaction` (`VNo`, `Vtype`, `VDate`, `COAID`, `Narration`, `Debit`, `Credit`, `IsPosted`, `CreateBy`, `CreateDate`, `IsAppove`) VALUES ('8343751749', 'INV', '2019-10-29 07:22:24', 10107, 'Inventory credit For Invoice No8343751749', 0, '', 1, '1', '2019-10-29 07:22:24', 1);
INSERT INTO `acc_transaction` (`VNo`, `Vtype`, `VDate`, `COAID`, `Narration`, `Debit`, `Credit`, `IsPosted`, `CreateBy`, `CreateDate`, `IsAppove`) VALUES ('8343751749', 'INV', '2019-10-29 07:22:24', '1020301-1', 'Customer debit For Invoice No8343751749', '1753.5', 0, 1, '1', '2019-10-29 07:22:24', 1);
INSERT INTO `invoice` (`job_id`, `invoice_id`, `customer_id`, `date`, `total_amount`, `labour_cost`, `create_date`, `total_tax`, `invoice`, `invoice_details`, `invoice_discount`, `total_discount`, `prevous_due`, `shipping_cost`, `sales_by`, `status`) VALUES ('38', '8343751749', 'PBYX89KNGFCAUPP', '2019-10-29', '1753.5', '80.00', '2019-10-29', '5', 1026, '', '10', '', '', '', '1', 1);
INSERT INTO `invoice_details` (`invoice_details_id`, `invoice_id`, `product_id`, `spent_time`, `quantity`, `rate`, `discount`, `description`, `discount_per`, `tax`, `paid_amount`, `due_amount`, `supplier_rate`, `total_price`, `status`) VALUES ('749366662795521', '8343751749', '30', '5', '1', '90', '10', '', '', '', 0, 0, '', '90', 1);
INSERT INTO `invoice_details` (`invoice_details_id`, `invoice_id`, `product_id`, `spent_time`, `quantity`, `rate`, `discount`, `description`, `discount_per`, `tax`, `paid_amount`, `due_amount`, `supplier_rate`, `total_price`, `status`) VALUES ('759439393756662', '8343751749', '25', '3', '1', '35', '10', '', '', '', 0, 0, '', '35', 1);
INSERT INTO `invoice_details` (`invoice_details_id`, `invoice_id`, `product_id`, `spent_time`, `quantity`, `rate`, `discount`, `description`, `discount_per`, `tax`, `paid_amount`, `due_amount`, `supplier_rate`, `total_price`, `status`) VALUES ('493921649118414', '8343751749', '24', '1', '1', '85', '10', '', '', '', 0, 0, '', '85', 1);
INSERT INTO `invoice_details` (`invoice_details_id`, `invoice_id`, `product_id`, `spent_time`, `quantity`, `rate`, `discount`, `description`, `discount_per`, `tax`, `paid_amount`, `due_amount`, `supplier_rate`, `total_price`, `status`) VALUES ('746347746862419', '8343751749', '78737995', 'N/A', '1', '250', '10', '', '', '', 0, 0, '', '250', 1);
INSERT INTO `invoice_details` (`invoice_details_id`, `invoice_id`, `product_id`, `spent_time`, `quantity`, `rate`, `discount`, `description`, `discount_per`, `tax`, `paid_amount`, `due_amount`, `supplier_rate`, `total_price`, `status`) VALUES ('149326595939327', '8343751749', '98695122', 'N/A', '2', '250', '10', '', '', '', 0, 0, '', '500', 1);
UPDATE `job` SET `is_invoice` = 1
WHERE `job_id` = '38';
DELETE FROM `acc_coa`
WHERE `HeadName` = 'YRG4JEBEYFZNCZA-Gopal';
DELETE FROM `customer_information`
WHERE `customer_id` = 'YRG4JEBEYFZNCZA';
DELETE FROM `transection`
WHERE `relation_id` = 'YRG4JEBEYFZNCZA';
DELETE FROM `customer_ledger`
WHERE `customer_id` = 'YRG4JEBEYFZNCZA';
DELETE FROM `customer_ledger`
WHERE `customer_id` = 'YRG4JEBEYFZNCZA';
DELETE FROM `invoice`
WHERE `customer_id` = 'YRG4JEBEYFZNCZA';
DELETE FROM `users`
WHERE `user_id` = 'YRG4JEBEYFZNCZA';
DELETE FROM `user_login`
WHERE `user_id` = 'YRG4JEBEYFZNCZA';
INSERT INTO `product_category` (`category_id`, `category_name`, `status`) VALUES ('IJRYIES6KD3AGCO', 'Category Three', 1);
DELETE FROM `job_details`
WHERE `job_id` = '32'
AND  IS NULL;
INSERT INTO `job` (`customer_id`, `work_order_no`, `vehicle_id`, `schedule_date_time`, `delivery_date_time`, `customer_ref`, `job_description`, `alert_via`, `create_by`, `create_date`, `status`) VALUES ('I6VMGBJGBLUHLGL', '18-1572692239', '10', '2019-11-02 06:00', '2019-11-02 18:00', '', '', 'email', '1', '2019-11-02 12:02:44', 1);
INSERT INTO `job_details` (`job_id`, `job_type_id`, `assign_to`, `rate`, `client_notes`, `status`) VALUES (39, '30', 'XDG8P8VIGRE4FWF', '90', '', 0);
INSERT INTO `job_details` (`job_id`, `job_type_id`, `assign_to`, `rate`, `client_notes`, `status`) VALUES (39, '12', 'V3KOLUZ64G5BC4Q', '30', '', 0);
INSERT INTO `job_details` (`job_id`, `job_type_id`, `assign_to`, `rate`, `client_notes`, `status`) VALUES (39, '34', 'V3KOLUZ64G5BC4Q', '54', '', 0);
DELETE FROM `job_details`
WHERE `job_id` = '39';
INSERT INTO `job_details` (`job_id`, `job_type_id`, `rate`, `assign_to`, `start_datetime`, `end_datetime`, `spent_time`, `mechanic_notes`, `status`) VALUES ('39', '30', '90', 'XDG8P8VIGRE4FWF', ' ', ' ', '', '', 0);
INSERT INTO `job_details` (`job_id`, `job_type_id`, `rate`, `assign_to`, `start_datetime`, `end_datetime`, `spent_time`, `mechanic_notes`, `status`) VALUES ('39', '12', '30', 'SZNMNAJKMB5EWT9', ' ', ' ', '', '', 0);
INSERT INTO `job_details` (`job_id`, `job_type_id`, `rate`, `assign_to`, `start_datetime`, `end_datetime`, `spent_time`, `mechanic_notes`, `status`) VALUES ('39', '34', '54', 'SZNMNAJKMB5EWT9', ' ', ' ', '', '', 0);
UPDATE `job` SET `recommendation` = '', `odometer` = '10', `hubo_meter` = '20', `hour_meter` = '30', `cof_wof_date` = '2019-11-02', `registration_date` = '2019-11-02', `fuel_burn` = '40'
WHERE `job_id` = '39';
DELETE FROM `job_details`
WHERE `job_id` = '39'
AND `assign_to` = 'SZNMNAJKMB5EWT9';
INSERT INTO `job_details` (`job_id`, `job_type_id`, `rate`, `assign_to`, `start_datetime`, `end_datetime`, `spent_time`, `mechanic_notes`, `status`) VALUES ('39', '12', '30', 'SZNMNAJKMB5EWT9', '2019-11-02 05:00', '2019-11-02 11:00', '6', 'a', 3);
INSERT INTO `job_details` (`job_id`, `job_type_id`, `rate`, `assign_to`, `start_datetime`, `end_datetime`, `spent_time`, `mechanic_notes`, `status`) VALUES ('39', '34', '54', 'SZNMNAJKMB5EWT9', '2019-11-02 08:00', '2019-11-02 13:00', '5', 'b', 3);
INSERT INTO `job_products_used` (`job_id`, `product_id`, `available_qty`, `rate`, `used_qty`, `mechanic_note`) VALUES ('39', '98695122', '72', '250', '1', '');
UPDATE `job` SET `recommendation` = 'demo', `odometer` = '10', `hubo_meter` = '20', `hour_meter` = '30', `cof_wof_date` = '2019-11-02', `registration_date` = '2019-11-02', `fuel_burn` = '40'
WHERE `job_id` = '39';
DELETE FROM `job_details`
WHERE `job_id` = '39'
AND `assign_to` = 'XDG8P8VIGRE4FWF';
INSERT INTO `job_details` (`job_id`, `job_type_id`, `rate`, `assign_to`, `start_datetime`, `end_datetime`, `spent_time`, `mechanic_notes`, `status`) VALUES ('39', '30', '90', 'XDG8P8VIGRE4FWF', '2019-11-02 11:00', '2019-11-02 14:00', '3', '', 3);
DELETE FROM `job_products_used`
WHERE `job_id` = '39';
INSERT INTO `job_products_used` (`job_id`, `product_id`, `available_qty`, `rate`, `used_qty`, `mechanic_note`) VALUES ('39', '98695122', '72', '250', '1', 's');
INSERT INTO `job_products_used` (`job_id`, `product_id`, `available_qty`, `rate`, `used_qty`, `mechanic_note`) VALUES ('39', '12347759', '27', '25000', '1', 'b');
UPDATE `job` SET `recommendation` = 'demo', `odometer` = '10', `hubo_meter` = '20', `hour_meter` = '30', `cof_wof_date` = '2019-11-02', `registration_date` = '2019-11-02', `fuel_burn` = '40'
WHERE `job_id` = '39';
INSERT INTO `service_reminder_tbl` (`customer_id`, `registration_no`, `job_type_id`, `occurrence_date`, `reminder_count`, `reminder_period`, `repeat_count`, `repeat_period`, `created_by`) VALUES ('PBYX89KNGFCAUPP', '8', '32', '2019-12-10', '1', 'month', '1', 'year', '1');
INSERT INTO `service_reminder_tbl` (`customer_id`, `registration_no`, `job_type_id`, `occurrence_date`, `reminder_count`, `reminder_period`, `repeat_count`, `repeat_period`, `created_by`) VALUES ('I6VMGBJGBLUHLGL', '10', '14', '2019-11-30', '2', 'week', '', '', '1');
INSERT INTO `job` (`customer_id`, `work_order_no`, `vehicle_id`, `schedule_date_time`, `delivery_date_time`, `customer_ref`, `job_description`, `alert_via`, `create_by`, `create_date`, `status`) VALUES ('I6VMGBJGBLUHLGL', '18-1573625792', '10', '2019-11-13 04:00', '2019-11-13 09:00', '', 'demo', 'email', '1', '2019-11-13 07:17:00', 1);
INSERT INTO `job_details` (`job_id`, `job_type_id`, `assign_to`, `rate`, `client_notes`, `status`) VALUES (40, '24', 'XDG8P8VIGRE4FWF', '85', 'asd', 0);
UPDATE `job` SET `status` = '2', `show_hide_status` = 0, `schedule_date_time` = '2019-11-13 04:00:00', `delivery_date_time` = '2019-11-13 09:00:00', `alert_via` = 'email'
WHERE `job_id` = '40';
UPDATE `sub_module` SET `module` = 'web_settings', `name` = 'software_settings', `url` = '', `parent_menu` = '', `ordering` = '', `icon` = 'ti-settings', `description` = NULL, `image` = NULL, `directory` = NULL, `status` = 1
WHERE `id` = '129';
UPDATE `sub_module` SET `module` = 'inventory', `name` = 'unit', `url` = '', `parent_menu` = '46', `ordering` = '', `icon` = '', `description` = NULL, `image` = NULL, `directory` = NULL, `status` = 1
WHERE `id` = '140';
UPDATE `sub_module` SET `module` = 'web_settings', `name` = 'application_setting', `url` = 'Cweb_setting', `parent_menu` = '129', `ordering` = '', `icon` = '', `description` = NULL, `image` = NULL, `directory` = NULL, `status` = 1
WHERE `id` = '135';
INSERT INTO `customer_information` (`customer_id`, `customer_name`, `customer_phone`, `customer_mobile`, `customer_email`, `customer_skype`, `customer_address`, `company_name`, `company_number`, `vat_number`, `company_type`, `postal_address`, `physical_address`, `website`, `director_name`, `director_mobile`, `director_phone`, `director_address`, `trade_reference_1`, `trade_reference_2`, `trade_reference_3`, `status`, `notes`, `notifications`, `payment_method`, `payment_period`, `sales_discount_status`, `markup_discount`, `role_id`, `is_outside`) VALUES ('VHS92HHLVUIERQW', 'Walking Customer', '1534654621321', '', 'walkingcustomer@gmail.com', '', '', '', '', '', '', '', '', '', '', '', '', '', '', '', '', '1', '', 'sms', 'cash', '10', '', NULL, '3', 0);
INSERT INTO `user_login` (`user_id`, `username`, `password`, `user_type`, `status`) VALUES ('VHS92HHLVUIERQW', 'walkingcustomer@gmail.com', '41d99b369894eb1ec3f461135132d8bb', '3', '1');
INSERT INTO `users` (`user_id`, `first_name`, `last_name`, `gender`, `date_of_birth`, `logo`, `status`) VALUES ('VHS92HHLVUIERQW', 'Walking Customer', '', '', '', '', '1');
INSERT INTO `sec_userrole` (`user_id`, `roleid`, `createby`, `createdate`) VALUES ('VHS92HHLVUIERQW', '3', '1', '2019-12-04 14:09:49');
INSERT INTO `acc_coa` (`HeadCode`, `HeadName`, `PHeadName`, `HeadLevel`, `IsActive`, `IsTransaction`, `IsGL`, `HeadType`, `IsBudget`, `IsDepreciation`, `DepreciationRate`, `CreateBy`, `CreateDate`) VALUES ('1020301-10', 'VHS92HHLVUIERQW-Walking Customer', 'Customer Receivable', '4', '1', '1', '0', 'A', '0', '0', '0', '1', '2019-12-04 14:09:49');
INSERT INTO `customer_ledger` (`transaction_id`, `customer_id`, `invoice_no`, `receipt_no`, `amount`, `description`, `payment_type`, `cheque_no`, `date`, `status`, `d_c`) VALUES ('C37OYAUDQC', 'VHS92HHLVUIERQW', 'NA', NULL, '0.00', 'Previous adjustment with software', 'NA', 'NA', '2019-12-04', 1, 'd');
INSERT INTO `acc_transaction` (`VNo`, `Vtype`, `VDate`, `COAID`, `Narration`, `Debit`, `Credit`, `IsPosted`, `CreateBy`, `CreateDate`, `IsAppove`) VALUES ('C37OYAUDQC', 'PR Balance', '2019-12-04', '1020301-10', 'Customer debit For Transaction NoC37OYAUDQC', '0.00', 0, 1, '1', '2019-12-04 14:09:49', 1);
INSERT INTO `acc_transaction` (`VNo`, `Vtype`, `VDate`, `COAID`, `Narration`, `Debit`, `Credit`, `IsPosted`, `CreateBy`, `CreateDate`, `IsAppove`) VALUES ('C37OYAUDQC', 'PR Balance', '2019-12-04', 10107, 'Inventory credit For Old sale ForVHS92HHLVUIERQW', 0, '0.00', 1, '1', '2019-12-04 14:09:49', 1);
UPDATE `web_setting` SET `logo` = 'http://localhost/bdtask/gms/./my-assets/image/logo/6c2387e1f0a78324e9f5d820cc0baece.png', `invoice_logo` = 'http://localhost/bdtask/gms/./my-assets/image/logo/ab16387289ca6f683a7c32717572abcc.png', `favicon` = 'http://localhost/bdtask/gms/my-assets/image/logo/ccd51a7b76343826eda0d8e0ae92a9f1.png', `currency` = '', `currency_position` = '0', `labour_cost` = '50', `date_format` = '1', `footer_text` = '', `language` = 'english', `rtr` = '0', `timezone` = 'Africa/Casablanca', `captcha` = '0', `site_key` = '', `secret_key` = '', `discount_type` = ''
WHERE `setting_id` = 1;
UPDATE `web_setting` SET `logo` = 'http://localhost/bdtask/gms/./my-assets/image/logo/ffd5c6b3d66901d23a0b3e17ec45e118.png', `invoice_logo` = 'http://localhost/bdtask/gms/./my-assets/image/logo/3ede7cfc50e07f9f3f51d1ff18ee8d7d.png', `favicon` = 'http://localhost/bdtask/gms/my-assets/image/logo/7cfe3ed13ee9b541d730f607ba72261f.png', `currency` = 'R$', `currency_position` = '0', `labour_cost` = '50.00', `date_format` = '1', `footer_text` = 'Copyright 2018-2019 BDTASK. All rights reserved.', `language` = 'english', `rtr` = '0', `timezone` = 'America/Sao_Paulo', `captcha` = '1', `site_key` = '', `secret_key` = '', `discount_type` = '1'
WHERE `setting_id` = 1;
UPDATE `web_setting` SET `logo` = 'http://localhost/bdtask/gms/./my-assets/image/logo/1872ea47078ce65f5abb49e741238653.png', `invoice_logo` = 'http://localhost/bdtask/gms/./my-assets/image/logo/3ede7cfc50e07f9f3f51d1ff18ee8d7d.png', `favicon` = 'http://localhost/bdtask/gms/my-assets/image/logo/7cfe3ed13ee9b541d730f607ba72261f.png', `currency` = 'R$', `currency_position` = '0', `labour_cost` = '50.00', `date_format` = '1', `footer_text` = 'Copyright 2018-2019 BDTASK. All rights reserved.', `language` = 'english', `rtr` = '0', `timezone` = 'America/Sao_Paulo', `captcha` = '1', `site_key` = '', `secret_key` = '', `discount_type` = '1'
WHERE `setting_id` = 1;
UPDATE `web_setting` SET `logo` = 'http://localhost/bdtask/gms/./my-assets/image/logo/8278f7a1d91a76c716945509566aa26c.JPG', `invoice_logo` = 'http://localhost/bdtask/gms/./my-assets/image/logo/51e50defdd21902561f64099b8f47c5c.JPG', `favicon` = 'http://localhost/bdtask/gms/my-assets/image/logo/893ddcabbf25afebd49490843f1a3b27.JPG', `currency` = 'R$', `currency_position` = '0', `labour_cost` = '50.00', `date_format` = '1', `footer_text` = 'Copyright 2018-2019 BDTASK. All rights reserved.', `language` = 'english', `rtr` = '0', `timezone` = 'America/Sao_Paulo', `captcha` = '1', `site_key` = '', `secret_key` = '', `discount_type` = '1'
WHERE `setting_id` = 1;
UPDATE `web_setting` SET `logo` = 'http://localhost/bdtask/gms/./my-assets/image/logo/04129896220d4e25adb63361f157e981.png', `invoice_logo` = 'http://localhost/bdtask/gms/./my-assets/image/logo/91113992a4710de22d76f7a560289724.png', `favicon` = 'http://localhost/bdtask/gms/my-assets/image/logo/4813a64942af513611d925a63c9b41aa.png', `currency` = 'R$', `currency_position` = '0', `labour_cost` = '50.00', `date_format` = '1', `footer_text` = 'Copyright 2018-2019 BDTASK. All rights reserved.', `language` = 'english', `rtr` = '0', `timezone` = 'America/Sao_Paulo', `captcha` = '1', `site_key` = '', `secret_key` = '', `discount_type` = '1'
WHERE `setting_id` = 1;
UPDATE `web_setting` SET `logo` = 'http://localhost/bdtask/gms/./my-assets/image/logo/f21183d94aefee7c22b9483b32b03603.png', `invoice_logo` = 'http://localhost/bdtask/gms/./my-assets/image/logo/91113992a4710de22d76f7a560289724.png', `favicon` = 'http://localhost/bdtask/gms/my-assets/image/logo/4813a64942af513611d925a63c9b41aa.png', `currency` = 'R$', `currency_position` = '0', `labour_cost` = '50.00', `date_format` = '1', `footer_text` = 'Copyright 2018-2019 BDTASK. All rights reserved.', `language` = 'english', `rtr` = '0', `timezone` = 'America/Sao_Paulo', `captcha` = '1', `site_key` = '', `secret_key` = '', `discount_type` = '1'
WHERE `setting_id` = 1;
DELETE FROM `acc_coa`
WHERE `HeadName` = 'N4P7M2EAWEA984Y-Johnny Depp';
DELETE FROM `customer_information`
WHERE `customer_id` = 'N4P7M2EAWEA984Y';
DELETE FROM `transection`
WHERE `relation_id` = 'N4P7M2EAWEA984Y';
DELETE FROM `customer_ledger`
WHERE `customer_id` = 'N4P7M2EAWEA984Y';
DELETE FROM `customer_ledger`
WHERE `customer_id` = 'N4P7M2EAWEA984Y';
DELETE FROM `invoice`
WHERE `customer_id` = 'N4P7M2EAWEA984Y';
DELETE FROM `users`
WHERE `user_id` = 'N4P7M2EAWEA984Y';
DELETE FROM `user_login`
WHERE `user_id` = 'N4P7M2EAWEA984Y';
UPDATE `customer_information` SET `status` = '2'
WHERE `customer_id` = 'SNT63JFWKGTW8UU';
UPDATE `customer_information` SET `status` = '1'
WHERE `customer_id` = 'SNT63JFWKGTW8UU';
UPDATE `customer_information` SET `status` = '2'
WHERE `customer_id` = 'SNT63JFWKGTW8UU';
UPDATE `customer_information` SET `status` = '2'
WHERE `customer_id` = '8B8SI6NF1DWM2V1';
UPDATE `customer_information` SET `status` = '1'
WHERE `customer_id` = '8B8SI6NF1DWM2V1';
UPDATE `customer_information` SET `status` = '2'
WHERE `customer_id` = '8B8SI6NF1DWM2V1';
UPDATE `customer_information` SET `status` = '1'
WHERE `customer_id` = '8B8SI6NF1DWM2V1';
UPDATE `booking_tbl` SET `status` = 0
WHERE `id` = '39';
UPDATE `booking_tbl` SET `status` = 1
WHERE `id` = '39';
INSERT INTO `quotation_chat` (`quotation_id`, `message`, `sent_by`) VALUES ('FJMGN9BUMOXFB76', '', '1');
INSERT INTO `quotation` (`quotation_id`, `customer_id`, `vehicle_reg`, `quotdate`, `totalamount`, `quot_no`, `create_by`, `quot_description`, `status`, `terms`, `cust_show`, `dis_per`, `total_discount`) VALUES ('BMRC5CSOF19VV8F', 'KUCOJ3NKOOTGR5H', '23', '2019-12-24', '147.00', '1023', '1', '', 2, 'aaaaaaaaaaaaa', 1, '', '0.00');
INSERT INTO `quot_labour_used` (`quot_id`, `job_type_id`, `rate`, `note`) VALUES ('BMRC5CSOF19VV8F', '16', '40', 'asd');
INSERT INTO `quot_labour_used` (`quot_id`, `job_type_id`, `rate`, `note`) VALUES ('BMRC5CSOF19VV8F', '25', '35', 'dd');
INSERT INTO `quot_products_used` (`quot_id`, `product_id`, `available_qty`, `rate`, `used_qty`) VALUES ('BMRC5CSOF19VV8F', '18941576', '6', '5', '2');
INSERT INTO `quot_products_used` (`quot_id`, `product_id`, `available_qty`, `rate`, `used_qty`) VALUES ('BMRC5CSOF19VV8F', 'GP1572349636', 'N/A', '62.00', '1');
INSERT INTO `supplier_information` (`supplier_id`, `supplier_name`, `address`, `phone`, `mobile`, `email`, `website`, `notification`, `payment_method`, `order_by`, `status`) VALUES ('WKBEJFXHU41LGT54RJVY', '', '', '', '', '', '', '', NULL, NULL, 1);
INSERT INTO `acc_coa` (`HeadCode`, `HeadName`, `PHeadName`, `HeadLevel`, `IsActive`, `IsTransaction`, `IsGL`, `HeadType`, `IsBudget`, `IsDepreciation`, `DepreciationRate`, `CreateBy`, `CreateDate`) VALUES ('5020200001', 'WKBEJFXHU41LGT54RJVY-', 'Account Payable', '3', '1', '1', '0', 'L', '0', '0', '0', '1', '2019-12-28 07:57:21');
INSERT INTO `supplier_ledger` (`transaction_id`, `supplier_id`, `chalan_no`, `deposit_no`, `amount`, `description`, `payment_type`, `cheque_no`, `date`, `status`, `d_c`) VALUES ('DUFOEH47UD', 'WKBEJFXHU41LGT54RJVY', 'Adjustment ', NULL, 0, 'Previous adjustment with software', 'NA', 'NA', '2019-12-28', 1, 'c');
DELETE FROM `acc_coa`
WHERE `HeadName` = 'WKBEJFXHU41LGT54RJVY-';
DELETE FROM `supplier_information`
WHERE `supplier_id` = 'WKBEJFXHU41LGT54RJVY';
DELETE FROM `supplier_ledger`
WHERE `supplier_id` = 'WKBEJFXHU41LGT54RJVY';
DELETE FROM `transection`
WHERE `relation_id` = 'WKBEJFXHU41LGT54RJVY';
DELETE FROM `acc_coa`
WHERE `HeadName` = '8MB4C5P9RKMVDHXLWLBU-Test Supplier';
DELETE FROM `supplier_information`
WHERE `supplier_id` = '8MB4C5P9RKMVDHXLWLBU';
DELETE FROM `supplier_ledger`
WHERE `supplier_id` = '8MB4C5P9RKMVDHXLWLBU';
DELETE FROM `transection`
WHERE `relation_id` = '8MB4C5P9RKMVDHXLWLBU';
INSERT INTO `supplier_information` (`supplier_id`, `supplier_name`, `address`, `phone`, `mobile`, `email`, `website`, `notification`, `payment_method`, `order_by`, `status`) VALUES ('FFOPEDG22Y927L1BQPD2', 'as', 'asdf', '23423', '32424', 'tstsupplier@gmail.com', 'www.spfoundationbd.com', 'sms', 'cash', 'mobile', 1);
INSERT INTO `acc_coa` (`HeadCode`, `HeadName`, `PHeadName`, `HeadLevel`, `IsActive`, `IsTransaction`, `IsGL`, `HeadType`, `IsBudget`, `IsDepreciation`, `DepreciationRate`, `CreateBy`, `CreateDate`) VALUES ('5020200001', 'FFOPEDG22Y927L1BQPD2-as', 'Account Payable', '3', '1', '1', '0', 'L', '0', '0', '0', '1', '2019-12-28 08:13:12');
INSERT INTO `supplier_ledger` (`transaction_id`, `supplier_id`, `chalan_no`, `deposit_no`, `amount`, `description`, `payment_type`, `cheque_no`, `date`, `status`, `d_c`) VALUES ('4B9AWZYISM', 'FFOPEDG22Y927L1BQPD2', 'Adjustment ', NULL, 0, 'Previous adjustment with software', 'NA', 'NA', '2019-12-28', 1, 'c');
INSERT INTO `product_category` (`category_id`, `category_name`, `status`) VALUES ('RWF4BO1PROAFOYJ', 'sdf', 1);
DELETE FROM `product_category`
WHERE `category_id` = 'RWF4BO1PROAFOYJ';
INSERT INTO `product_category` (`category_id`, `category_name`, `status`) VALUES ('TPY5CGPNTSNCJYY', 'aaaaaaaaa', 1);
DELETE FROM `product_category`
WHERE `category_id` = 'TPY5CGPNTSNCJYY';
INSERT INTO `units` (`unit_id`, `unit_name`, `status`) VALUES ('GSLXS2MCQHO153Q', 'ast', 1);
DELETE FROM `units`
WHERE `unit_id` = 'GSLXS2MCQHO153Q';
INSERT INTO `units` (`unit_id`, `unit_name`, `status`) VALUES ('9DFNU8O51AIM3KX', 'aaaaaaaa', 1);
DELETE FROM `units`
WHERE `unit_id` = '9DFNU8O51AIM3KX';
INSERT INTO `units` (`unit_id`, `unit_name`, `status`) VALUES ('2A62WKL5LPKIIGV', 'asdf', 1);
DELETE FROM `units`
WHERE `unit_id` = '2A62WKL5LPKIIGV';
INSERT INTO `designation` (`id`, `designation`, `details`) VALUES ('', 'df', '');
DELETE FROM `designation`
WHERE `id` IS NULL;
DELETE FROM `designation`
WHERE `id` = '6';
UPDATE `user_login` SET `username` = 'admin@example.com', `security_code` = '191229054045'
WHERE `username` = 'admin@example.com';
UPDATE `user_login` SET `username` = 'admin@example.com', `security_code` = '191229054135'
WHERE `username` = 'admin@example.com';
INSERT INTO `employee_history` (`first_name`, `last_name`, `designation`, `phone`, `image`, `rate_type`, `email`, `hrate`, `address_line_1`, `address_line_2`, `blood_group`, `country`, `city`, `zip`, `user_id`, `role_id`) VALUES ('Md. Abdul', 'Ahad', '2', '234234243', '', '2', 'ahad@gmail.com', '50000', 'Dhaka', '', 'b+', 'Bangladesh', 'Dhaka', '2342', 'K3VJ6DCUY8EOCAZ', '4');
INSERT INTO `acc_coa` (`HeadCode`, `HeadName`, `PHeadName`, `HeadLevel`, `IsActive`, `IsTransaction`, `IsGL`, `HeadType`, `IsBudget`, `IsDepreciation`, `DepreciationRate`, `CreateBy`, `CreateDate`) VALUES ('5020401', '10-Md. AbdulAhad', 'Employee Ledger', '3', '1', '1', '0', 'L', '0', '0', '0', '1', '2019-12-29 06:17:28');
INSERT INTO `sec_userrole` (`user_id`, `roleid`, `createby`, `createdate`) VALUES ('K3VJ6DCUY8EOCAZ', 4, '1', '2019-12-29 06:17:28');
INSERT INTO `user_login` (`user_id`, `username`, `password`, `user_type`, `status`) VALUES ('K3VJ6DCUY8EOCAZ', 'ahad@gmail.com', '41d99b369894eb1ec3f461135132d8bb', '2', '1');
INSERT INTO `users` (`user_id`, `first_name`, `last_name`, `gender`, `date_of_birth`, `logo`, `status`) VALUES ('K3VJ6DCUY8EOCAZ', 'Md. Abdul', 'Ahad', '', '', '', '1');
INSERT INTO `sec_userrole` (`user_id`, `roleid`, `createby`, `createdate`) VALUES ('K3VJ6DCUY8EOCAZ', '4', '1', '2019-12-29 06:17:28');
INSERT INTO `users` (`user_id`, `first_name`, `last_name`, `status`) VALUES ('5EiBlxj8rXufYM9', 'as', 'df', 1);
INSERT INTO `user_login` (`user_id`, `username`, `password`, `user_type`, `status`) VALUES ('5EiBlxj8rXufYM9', 'aaa@gmail.com', '41d99b369894eb1ec3f461135132d8bb', 2, 1);
DELETE FROM `users`
WHERE `user_id` = '5EiBlxj8rXufYM9';
DELETE FROM `user_login`
WHERE `user_id` = '5EiBlxj8rXufYM9';
INSERT INTO `users` (`user_id`, `first_name`, `last_name`, `status`) VALUES ('jrA1lpYQW2VB7wc', 'as', 'd', 1);
INSERT INTO `user_login` (`user_id`, `username`, `password`, `user_type`, `status`) VALUES ('jrA1lpYQW2VB7wc', 'dd@gmail.com', '41d99b369894eb1ec3f461135132d8bb', 2, 1);
DELETE FROM `users`
WHERE `user_id` = 'jrA1lpYQW2VB7wc';
DELETE FROM `user_login`
WHERE `user_id` = 'jrA1lpYQW2VB7wc';
INSERT INTO `users` (`user_id`, `first_name`, `last_name`, `status`) VALUES ('PMG4cpqnLhmkaI3', 'a', 's', 1);
INSERT INTO `user_login` (`user_id`, `username`, `password`, `user_type`, `status`) VALUES ('PMG4cpqnLhmkaI3', 'aas@gmail.com', '41d99b369894eb1ec3f461135132d8bb', 2, 1);
select * from sec_role;
select * from sec_role;
select * from sec_role;
select * from sec_role;
INSERT INTO `supplier_information` (`supplier_id`, `supplier_name`, `address`, `phone`, `mobile`, `email`, `website`, `notification`, `payment_method`, `order_by`, `status`) VALUES ('82ZCD19Q2XLCNI5SP1OU', 'Ovi', 'asdf', '2342342', '2342', 'ovi@gmail.com', '', 'sms', 'cash', 'mobile', 1);
INSERT INTO `acc_coa` (`HeadCode`, `HeadName`, `PHeadName`, `HeadLevel`, `IsActive`, `IsTransaction`, `IsGL`, `HeadType`, `IsBudget`, `IsDepreciation`, `DepreciationRate`, `CreateBy`, `CreateDate`) VALUES ('50202-1', '82ZCD19Q2XLCNI5SP1OU-Ovi', 'Account Payable', '3', '1', '1', '0', 'L', '0', '0', '0', '1', '2019-12-30 07:05:11');
INSERT INTO `supplier_ledger` (`transaction_id`, `supplier_id`, `chalan_no`, `deposit_no`, `amount`, `description`, `payment_type`, `cheque_no`, `date`, `status`, `d_c`) VALUES ('UF4BI7BR2W', '82ZCD19Q2XLCNI5SP1OU', 'Adjustment ', NULL, 0, 'Previous adjustment with software', 'NA', 'NA', '2019-12-30', 1, 'c');
INSERT INTO `supplier_information` (`supplier_id`, `supplier_name`, `address`, `phone`, `mobile`, `email`, `website`, `notification`, `payment_method`, `order_by`, `status`) VALUES ('UV7NNX5QX6UNHS2NPH9D', 'NJ Nafir', 'Feni', '242342342', '23423', 'nj@gmail.com', 'bdtask.com', 'email', 'cash', 'phone', 1);
INSERT INTO `acc_coa` (`HeadCode`, `HeadName`, `PHeadName`, `HeadLevel`, `IsActive`, `IsTransaction`, `IsGL`, `HeadType`, `IsBudget`, `IsDepreciation`, `DepreciationRate`, `CreateBy`, `CreateDate`) VALUES ('50202-2', 'UV7NNX5QX6UNHS2NPH9D-NJ Nafir', 'Account Payable', '3', '1', '1', '0', 'L', '0', '0', '0', '1', '2019-12-30 07:11:41');
INSERT INTO `supplier_ledger` (`transaction_id`, `supplier_id`, `chalan_no`, `deposit_no`, `amount`, `description`, `payment_type`, `cheque_no`, `date`, `status`, `d_c`) VALUES ('RH4GVQICZG', 'UV7NNX5QX6UNHS2NPH9D', 'Adjustment ', NULL, 0, 'Previous adjustment with software', 'NA', 'NA', '2019-12-30', 1, 'c');
INSERT INTO `acc_transaction` (`VNo`, `Vtype`, `VDate`, `COAID`, `Narration`, `Debit`, `Credit`, `IsPosted`, `CreateBy`, `CreateDate`, `IsAppove`) VALUES ('Contra-1', 'Contra', '2019-12-30', '5020403', '', '0', '0', 1, NULL, '2019-12-30 09:34:49', 0);
INSERT INTO `user_login` (`user_id`, `username`, `password`, `user_type`, `status`) VALUES ('PWYMPDTNGBL91SZ', 'test@gmail.com', '41d99b369894eb1ec3f461135132d8bb', '3', '1');
INSERT INTO `users` (`user_id`, `first_name`, `last_name`, `gender`, `date_of_birth`, `logo`, `status`) VALUES ('PWYMPDTNGBL91SZ', 'Test', '', '', '', '', '1');
INSERT INTO `sec_userrole` (`user_id`, `roleid`, `createby`, `createdate`) VALUES ('PWYMPDTNGBL91SZ', '5', '1', '2024-02-24 04:20:56');
INSERT INTO `customer_information` (`customer_id`, `customer_name`, `customer_phone`, `customer_mobile`, `customer_email`, `customer_skype`, `customer_address`, `company_name`, `company_number`, `vat_number`, `company_type`, `postal_address`, `physical_address`, `website`, `director_name`, `director_mobile`, `director_phone`, `director_address`, `trade_reference_1`, `trade_reference_2`, `trade_reference_3`, `status`, `notes`, `notifications`, `payment_method`, `payment_period`, `sales_discount_status`, `markup_discount`, `role_id`, `is_outside`) VALUES ('TIOT5IYCSZWOOIS', 'Super', '467457', '', 'super@gmail.com', '', '', '', '', '', '', '', '', '', '', '', '', '', '', '', '', '1', '', '', NULL, '8', 'trade markup', '', '4', 0);
INSERT INTO `user_login` (`user_id`, `username`, `password`, `user_type`, `status`) VALUES ('TIOT5IYCSZWOOIS', 'super@test.com', '41d99b369894eb1ec3f461135132d8bb', '3', '1');
INSERT INTO `users` (`user_id`, `first_name`, `last_name`, `gender`, `date_of_birth`, `logo`, `status`) VALUES ('TIOT5IYCSZWOOIS', 'Super', '', '', '', '', '1');
INSERT INTO `sec_userrole` (`user_id`, `roleid`, `createby`, `createdate`) VALUES ('TIOT5IYCSZWOOIS', '4', '1', '2024-02-24 04:21:31');
INSERT INTO `acc_coa` (`HeadCode`, `HeadName`, `PHeadName`, `HeadLevel`, `IsActive`, `IsTransaction`, `IsGL`, `HeadType`, `IsBudget`, `IsDepreciation`, `DepreciationRate`, `CreateBy`, `CreateDate`) VALUES ('1020301-10', 'TIOT5IYCSZWOOIS-Super', 'Customer Receivable', '4', '1', '1', '0', 'A', '0', '0', '0', '1', '2024-02-24 04:21:31');
INSERT INTO `customer_ledger` (`transaction_id`, `customer_id`, `invoice_no`, `receipt_no`, `amount`, `description`, `payment_type`, `cheque_no`, `date`, `status`, `d_c`) VALUES ('51I8QP32XT', 'TIOT5IYCSZWOOIS', 'NA', NULL, '0.00', 'Previous adjustment with software', 'NA', 'NA', '2024-02-24', 1, 'd');
INSERT INTO `acc_transaction` (`VNo`, `Vtype`, `VDate`, `COAID`, `Narration`, `Debit`, `Credit`, `IsPosted`, `CreateBy`, `CreateDate`, `IsAppove`) VALUES ('51I8QP32XT', 'PR Balance', '2024-02-24', '1020301-10', 'Customer debit For Transaction No51I8QP32XT', '0.00', 0, 1, '1', '2024-02-24 04:21:31', 1);
INSERT INTO `acc_transaction` (`VNo`, `Vtype`, `VDate`, `COAID`, `Narration`, `Debit`, `Credit`, `IsPosted`, `CreateBy`, `CreateDate`, `IsAppove`) VALUES ('51I8QP32XT', 'PR Balance', '2024-02-24', 10107, 'Inventory credit For Old sale ForTIOT5IYCSZWOOIS', 0, '0.00', 1, '1', '2024-02-24 04:21:31', 1);
INSERT INTO `user_login` (`user_id`, `username`, `password`, `user_type`, `status`) VALUES ('1VTV7VAVHYSL21I', 'super@test.com', '41d99b369894eb1ec3f461135132d8bb', '3', '1');
INSERT INTO `users` (`user_id`, `first_name`, `last_name`, `gender`, `date_of_birth`, `logo`, `status`) VALUES ('1VTV7VAVHYSL21I', 'Super', '', '', '', '', '1');
INSERT INTO `sec_userrole` (`user_id`, `roleid`, `createby`, `createdate`) VALUES ('1VTV7VAVHYSL21I', '4', '1', '2024-02-24 04:24:19');
DELETE FROM `acc_coa`
WHERE `HeadName` = 'TIOT5IYCSZWOOIS-Super';
DELETE FROM `customer_information`
WHERE `customer_id` = 'TIOT5IYCSZWOOIS';
DELETE FROM `transection`
WHERE `relation_id` = 'TIOT5IYCSZWOOIS';
DELETE FROM `customer_ledger`
WHERE `customer_id` = 'TIOT5IYCSZWOOIS';
DELETE FROM `customer_ledger`
WHERE `customer_id` = 'TIOT5IYCSZWOOIS';
DELETE FROM `invoice`
WHERE `customer_id` = 'TIOT5IYCSZWOOIS';
DELETE FROM `users`
WHERE `user_id` = 'TIOT5IYCSZWOOIS';
DELETE FROM `user_login`
WHERE `user_id` = 'TIOT5IYCSZWOOIS';
DELETE FROM `acc_coa`
WHERE `HeadName` = 'TIOT5IYCSZWOOIS-';
DELETE FROM `customer_information`
WHERE `customer_id` = 'TIOT5IYCSZWOOIS';
DELETE FROM `transection`
WHERE `relation_id` = 'TIOT5IYCSZWOOIS';
DELETE FROM `customer_ledger`
WHERE `customer_id` = 'TIOT5IYCSZWOOIS';
DELETE FROM `customer_ledger`
WHERE `customer_id` = 'TIOT5IYCSZWOOIS';
DELETE FROM `invoice`
WHERE `customer_id` = 'TIOT5IYCSZWOOIS';
DELETE FROM `users`
WHERE `user_id` = 'TIOT5IYCSZWOOIS';
DELETE FROM `user_login`
WHERE `user_id` = 'TIOT5IYCSZWOOIS';
DELETE FROM `acc_coa`
WHERE `HeadName` = 'TIOT5IYCSZWOOIS-';
DELETE FROM `customer_information`
WHERE `customer_id` = 'TIOT5IYCSZWOOIS';
DELETE FROM `transection`
WHERE `relation_id` = 'TIOT5IYCSZWOOIS';
DELETE FROM `customer_ledger`
WHERE `customer_id` = 'TIOT5IYCSZWOOIS';
DELETE FROM `customer_ledger`
WHERE `customer_id` = 'TIOT5IYCSZWOOIS';
DELETE FROM `invoice`
WHERE `customer_id` = 'TIOT5IYCSZWOOIS';
DELETE FROM `users`
WHERE `user_id` = 'TIOT5IYCSZWOOIS';
DELETE FROM `user_login`
WHERE `user_id` = 'TIOT5IYCSZWOOIS';
DELETE FROM `acc_coa`
WHERE `HeadName` = 'TIOT5IYCSZWOOIS-';
DELETE FROM `customer_information`
WHERE `customer_id` = 'TIOT5IYCSZWOOIS';
DELETE FROM `transection`
WHERE `relation_id` = 'TIOT5IYCSZWOOIS';
DELETE FROM `customer_ledger`
WHERE `customer_id` = 'TIOT5IYCSZWOOIS';
DELETE FROM `customer_ledger`
WHERE `customer_id` = 'TIOT5IYCSZWOOIS';
DELETE FROM `invoice`
WHERE `customer_id` = 'TIOT5IYCSZWOOIS';
DELETE FROM `users`
WHERE `user_id` = 'TIOT5IYCSZWOOIS';
DELETE FROM `user_login`
WHERE `user_id` = 'TIOT5IYCSZWOOIS';
DELETE FROM `acc_coa`
WHERE `HeadName` = 'BSBMEI4O65DIAZJ-Test';
DELETE FROM `customer_information`
WHERE `customer_id` = 'BSBMEI4O65DIAZJ';
DELETE FROM `transection`
WHERE `relation_id` = 'BSBMEI4O65DIAZJ';
DELETE FROM `customer_ledger`
WHERE `customer_id` = 'BSBMEI4O65DIAZJ';
DELETE FROM `customer_ledger`
WHERE `customer_id` = 'BSBMEI4O65DIAZJ';
DELETE FROM `invoice`
WHERE `customer_id` = 'BSBMEI4O65DIAZJ';
DELETE FROM `users`
WHERE `user_id` = 'BSBMEI4O65DIAZJ';
DELETE FROM `user_login`
WHERE `user_id` = 'BSBMEI4O65DIAZJ';
INSERT INTO `customer_information` (`customer_id`, `customer_name`, `customer_phone`, `customer_mobile`, `customer_email`, `customer_skype`, `customer_address`, `company_name`, `company_number`, `vat_number`, `company_type`, `postal_address`, `physical_address`, `website`, `director_name`, `director_mobile`, `director_phone`, `director_address`, `trade_reference_1`, `trade_reference_2`, `trade_reference_3`, `status`, `notes`, `notifications`, `payment_method`, `payment_period`, `sales_discount_status`, `markup_discount`, `role_id`, `is_outside`) VALUES ('JZ1V5L1A44ROAUS', 'Test', '34534545', '', 'test@gmail.com', '', '', '', '', '', '', '', '', '', '', '', '', '', '', '', '', '1', '', '', NULL, '3', 'none', NULL, '5', 0);
INSERT INTO `user_login` (`user_id`, `username`, `password`, `user_type`, `status`) VALUES ('JZ1V5L1A44ROAUS', 'test@gmail.com', '41d99b369894eb1ec3f461135132d8bb', '3', '1');
INSERT INTO `users` (`user_id`, `first_name`, `last_name`, `gender`, `date_of_birth`, `logo`, `status`) VALUES ('JZ1V5L1A44ROAUS', 'Test', '', '', '', '', '1');
INSERT INTO `sec_userrole` (`user_id`, `roleid`, `createby`, `createdate`) VALUES ('JZ1V5L1A44ROAUS', '5', '1', '2024-02-24 04:30:48');
INSERT INTO `acc_coa` (`HeadCode`, `HeadName`, `PHeadName`, `HeadLevel`, `IsActive`, `IsTransaction`, `IsGL`, `HeadType`, `IsBudget`, `IsDepreciation`, `DepreciationRate`, `CreateBy`, `CreateDate`) VALUES ('1020301-10', 'JZ1V5L1A44ROAUS-Test', 'Customer Receivable', '4', '1', '1', '0', 'A', '0', '0', '0', '1', '2024-02-24 04:30:48');
INSERT INTO `customer_ledger` (`transaction_id`, `customer_id`, `invoice_no`, `receipt_no`, `amount`, `description`, `payment_type`, `cheque_no`, `date`, `status`, `d_c`) VALUES ('A8Z9ZKN66Q', 'JZ1V5L1A44ROAUS', 'NA', NULL, '0.00', 'Previous adjustment with software', 'NA', 'NA', '2024-02-24', 1, 'd');
INSERT INTO `acc_transaction` (`VNo`, `Vtype`, `VDate`, `COAID`, `Narration`, `Debit`, `Credit`, `IsPosted`, `CreateBy`, `CreateDate`, `IsAppove`) VALUES ('A8Z9ZKN66Q', 'PR Balance', '2024-02-24', '1020301-10', 'Customer debit For Transaction NoA8Z9ZKN66Q', '0.00', 0, 1, '1', '2024-02-24 04:30:48', 1);
INSERT INTO `acc_transaction` (`VNo`, `Vtype`, `VDate`, `COAID`, `Narration`, `Debit`, `Credit`, `IsPosted`, `CreateBy`, `CreateDate`, `IsAppove`) VALUES ('A8Z9ZKN66Q', 'PR Balance', '2024-02-24', 10107, 'Inventory credit For Old sale ForJZ1V5L1A44ROAUS', 0, '0.00', 1, '1', '2024-02-24 04:30:48', 1);
INSERT INTO `customer_information` (`customer_id`, `customer_name`, `customer_phone`, `customer_mobile`, `customer_email`, `customer_skype`, `customer_address`, `company_name`, `company_number`, `vat_number`, `company_type`, `postal_address`, `physical_address`, `website`, `director_name`, `director_mobile`, `director_phone`, `director_address`, `trade_reference_1`, `trade_reference_2`, `trade_reference_3`, `status`, `notes`, `notifications`, `payment_method`, `payment_period`, `sales_discount_status`, `markup_discount`, `role_id`, `is_outside`) VALUES ('5AN8D3LIF5B53NE', 'New', '234324', '', 'new@gm.com', '', '', '', '', '', '', '', '', '', '', '', '', '', '', '', '', '1', '', '', NULL, '3', 'none', NULL, '5', 0);
INSERT INTO `user_login` (`user_id`, `username`, `password`, `user_type`, `status`) VALUES ('5AN8D3LIF5B53NE', 'new@gm.com', '41d99b369894eb1ec3f461135132d8bb', '3', '1');
INSERT INTO `users` (`user_id`, `first_name`, `last_name`, `gender`, `date_of_birth`, `logo`, `status`) VALUES ('5AN8D3LIF5B53NE', 'New', '', '', '', '', '1');
INSERT INTO `sec_userrole` (`user_id`, `roleid`, `createby`, `createdate`) VALUES ('5AN8D3LIF5B53NE', '5', '1', '2024-02-24 04:31:20');
INSERT INTO `acc_coa` (`HeadCode`, `HeadName`, `PHeadName`, `HeadLevel`, `IsActive`, `IsTransaction`, `IsGL`, `HeadType`, `IsBudget`, `IsDepreciation`, `DepreciationRate`, `CreateBy`, `CreateDate`) VALUES ('1020301-10', '5AN8D3LIF5B53NE-New', 'Customer Receivable', '4', '1', '1', '0', 'A', '0', '0', '0', '1', '2024-02-24 04:31:20');
INSERT INTO `customer_ledger` (`transaction_id`, `customer_id`, `invoice_no`, `receipt_no`, `amount`, `description`, `payment_type`, `cheque_no`, `date`, `status`, `d_c`) VALUES ('GP43PY6MAN', '5AN8D3LIF5B53NE', 'NA', NULL, '0.00', 'Previous adjustment with software', 'NA', 'NA', '2024-02-24', 1, 'd');
INSERT INTO `acc_transaction` (`VNo`, `Vtype`, `VDate`, `COAID`, `Narration`, `Debit`, `Credit`, `IsPosted`, `CreateBy`, `CreateDate`, `IsAppove`) VALUES ('GP43PY6MAN', 'PR Balance', '2024-02-24', '1020301-10', 'Customer debit For Transaction NoGP43PY6MAN', '0.00', 0, 1, '1', '2024-02-24 04:31:20', 1);
INSERT INTO `acc_transaction` (`VNo`, `Vtype`, `VDate`, `COAID`, `Narration`, `Debit`, `Credit`, `IsPosted`, `CreateBy`, `CreateDate`, `IsAppove`) VALUES ('GP43PY6MAN', 'PR Balance', '2024-02-24', 10107, 'Inventory credit For Old sale For5AN8D3LIF5B53NE', 0, '0.00', 1, '1', '2024-02-24 04:31:20', 1);
DELETE FROM `acc_coa`
WHERE `HeadName` = 'JZ1V5L1A44ROAUS-Test';
DELETE FROM `customer_information`
WHERE `customer_id` = 'JZ1V5L1A44ROAUS';
DELETE FROM `transection`
WHERE `relation_id` = 'JZ1V5L1A44ROAUS';
DELETE FROM `customer_ledger`
WHERE `customer_id` = 'JZ1V5L1A44ROAUS';
DELETE FROM `customer_ledger`
WHERE `customer_id` = 'JZ1V5L1A44ROAUS';
DELETE FROM `invoice`
WHERE `customer_id` = 'JZ1V5L1A44ROAUS';
DELETE FROM `users`
WHERE `user_id` = 'JZ1V5L1A44ROAUS';
DELETE FROM `user_login`
WHERE `user_id` = 'JZ1V5L1A44ROAUS';
DELETE FROM `acc_coa`
WHERE `HeadName` = '5AN8D3LIF5B53NE-New';
DELETE FROM `customer_information`
WHERE `customer_id` = '5AN8D3LIF5B53NE';
DELETE FROM `transection`
WHERE `relation_id` = '5AN8D3LIF5B53NE';
DELETE FROM `customer_ledger`
WHERE `customer_id` = '5AN8D3LIF5B53NE';
DELETE FROM `customer_ledger`
WHERE `customer_id` = '5AN8D3LIF5B53NE';
DELETE FROM `invoice`
WHERE `customer_id` = '5AN8D3LIF5B53NE';
DELETE FROM `users`
WHERE `user_id` = '5AN8D3LIF5B53NE';
DELETE FROM `user_login`
WHERE `user_id` = '5AN8D3LIF5B53NE';
INSERT INTO `customer_information` (`customer_id`, `customer_name`, `customer_phone`, `customer_mobile`, `customer_email`, `customer_skype`, `customer_address`, `company_name`, `company_number`, `vat_number`, `company_type`, `postal_address`, `physical_address`, `website`, `director_name`, `director_mobile`, `director_phone`, `director_address`, `trade_reference_1`, `trade_reference_2`, `trade_reference_3`, `status`, `notes`, `notifications`, `payment_method`, `payment_period`, `sales_discount_status`, `markup_discount`, `role_id`, `is_outside`) VALUES ('76Q3W6X2K1EBTXN', 'Test', '4534534', '', 'test@gmail.com', '', '', '', '', '', '', '', '', '', '', '', '', '', '', '', '', '1', '', '', NULL, '3', 'none', NULL, '5', 0);
INSERT INTO `user_login` (`user_id`, `username`, `password`, `user_type`, `status`) VALUES ('76Q3W6X2K1EBTXN', 'test@gmail.com', '41d99b369894eb1ec3f461135132d8bb', '3', '1');
INSERT INTO `users` (`user_id`, `first_name`, `last_name`, `gender`, `date_of_birth`, `logo`, `status`) VALUES ('76Q3W6X2K1EBTXN', 'Test', '', '', '', '', '1');
INSERT INTO `sec_userrole` (`user_id`, `roleid`, `createby`, `createdate`) VALUES ('76Q3W6X2K1EBTXN', '5', '1', '2024-02-24 06:46:54');
INSERT INTO `acc_coa` (`HeadCode`, `HeadName`, `PHeadName`, `HeadLevel`, `IsActive`, `IsTransaction`, `IsGL`, `HeadType`, `IsBudget`, `IsDepreciation`, `DepreciationRate`, `CreateBy`, `CreateDate`) VALUES ('1020301-10', '76Q3W6X2K1EBTXN-Test', 'Customer Receivable', '4', '1', '1', '0', 'A', '0', '0', '0', '1', '2024-02-24 06:46:54');
INSERT INTO `customer_ledger` (`transaction_id`, `customer_id`, `invoice_no`, `receipt_no`, `amount`, `description`, `payment_type`, `cheque_no`, `date`, `status`, `d_c`) VALUES ('JC3FMMZOLJ', '76Q3W6X2K1EBTXN', 'NA', NULL, '0.00', 'Previous adjustment with software', 'NA', 'NA', '2024-02-24', 1, 'd');
INSERT INTO `acc_transaction` (`VNo`, `Vtype`, `VDate`, `COAID`, `Narration`, `Debit`, `Credit`, `IsPosted`, `CreateBy`, `CreateDate`, `IsAppove`) VALUES ('JC3FMMZOLJ', 'PR Balance', '2024-02-24', '1020301-10', 'Customer debit For Transaction NoJC3FMMZOLJ', '0.00', 0, 1, '1', '2024-02-24 06:46:54', 1);
INSERT INTO `acc_transaction` (`VNo`, `Vtype`, `VDate`, `COAID`, `Narration`, `Debit`, `Credit`, `IsPosted`, `CreateBy`, `CreateDate`, `IsAppove`) VALUES ('JC3FMMZOLJ', 'PR Balance', '2024-02-24', 10107, 'Inventory credit For Old sale For76Q3W6X2K1EBTXN', 0, '0.00', 1, '1', '2024-02-24 06:46:54', 1);
DELETE FROM `acc_coa`
WHERE `HeadName` = '76Q3W6X2K1EBTXN-Test';
DELETE FROM `customer_information`
WHERE `customer_id` = '76Q3W6X2K1EBTXN';
DELETE FROM `transection`
WHERE `relation_id` = '76Q3W6X2K1EBTXN';
DELETE FROM `customer_ledger`
WHERE `customer_id` = '76Q3W6X2K1EBTXN';
DELETE FROM `customer_ledger`
WHERE `customer_id` = '76Q3W6X2K1EBTXN';
DELETE FROM `invoice`
WHERE `customer_id` = '76Q3W6X2K1EBTXN';
DELETE FROM `users`
WHERE `user_id` = '76Q3W6X2K1EBTXN';
DELETE FROM `user_login`
WHERE `user_id` = '76Q3W6X2K1EBTXN';
